date,SPY,QQQ,IWM,EFA,EEM,TLT,GLD
2010-01-04,84.57844543457031,40.24656677246094,51.244693756103516,34.58121109008789,30.194557189941406,55.72284698486328,109.80000305175781
2010-01-05,84.80233764648438,40.24656677246094,51.06850051879883,34.6116828918457,30.413715362548828,56.08268356323242,109.69999694824219
2010-01-06,84.8620834350586,40.0037956237793,51.020442962646484,34.757991790771484,30.477346420288086,55.33198928833008,111.51000213623047
2010-01-07,85.22026062011719,40.02980422973633,51.396881103515625,34.6238899230957,30.300615310668945,55.425052642822266,110.81999969482422
2010-01-08,85.50391387939453,40.35926818847656,51.67720413208008,34.8981819152832,30.540977478027344,55.40022659301758,111.37000274658203
2010-01-11,85.623291015625,40.194549560546875,51.468963623046875,35.184688568115234,30.477346420288086,55.09620666503906,112.8499984741211
2010-01-12,84.82478332519531,39.691680908203125,50.90829849243164,34.770172119140625,29.989543914794922,56.03928756713867,110.48999786376953
2010-01-13,85.54122161865234,40.18586349487305,51.56507110595703,35.06277847290039,30.081449508666992,55.387813568115234,111.54000091552734
2010-01-14,85.77256774902344,40.220558166503906,51.757328033447266,35.33098602294922,30.00367546081543,56.16338348388672,112.02999877929688
2010-01-15,84.80982208251953,39.75236511230469,51.00441360473633,34.77627182006836,29.657258987426758,56.51083755493164,110.86000061035156
2010-01-19,85.86959075927734,40.39396667480469,51.94153594970703,35.11763381958008,30.258197784423828,56.349525451660156,111.5199966430664
2010-01-20,84.99640655517578,39.81304931640625,51.18863296508789,34.221553802490234,29.53002166748047,56.92034149169922,108.94000244140625
2010-01-21,83.36199188232422,39.440242767333984,50.347652435302734,33.49007034301758,28.639232635498047,57.18092727661133,107.37000274658203
2010-01-22,81.50371551513672,38.2871208190918,49.44256591796875,32.837825775146484,28.002973556518555,57.081642150878906,107.16999816894531
2010-01-25,81.92163848876953,38.41716766357422,49.49863052368164,33.240135192871094,28.20798683166504,56.82106018066406,107.4800033569336
2010-01-26,81.57833862304688,38.45186233520508,49.01005554199219,33.051177978515625,27.621204376220703,56.839664459228516,107.55999755859375
2010-01-27,81.9664306640625,38.75531768798828,49.53068161010742,33.01460266113281,27.550506591796875,56.808658599853516,106.52999877929688
2010-01-28,81.0261001586914,37.75824737548828,48.68165588378906,32.45989227294922,27.3596248626709,56.777610778808594,106.4800033569336
2010-01-29,80.14543914794922,37.09933090209961,48.14502716064453,31.990509033203125,27.06270408630371,57.27397537231445,105.95999908447266
2010-02-01,81.39179229736328,37.506805419921875,48.71369934082031,32.575714111328125,27.790870666503906,56.75408935546875,108.3499984741211
2010-02-02,82.37688446044922,37.844947814941406,49.250343322753906,33.118221282958984,28.017114639282227,56.915992736816406,109.12999725341797
2010-02-03,81.9664306640625,38.05302810668945,48.92194366455078,32.7707633972168,27.85450553894043,56.25597381591797,108.69999694824219
2010-02-04,79.43647766113281,36.95193099975586,47.28801345825195,31.435802459716797,26.596094131469727,57.1463508605957,104.37000274658203
2010-02-05,79.6006851196289,37.26405715942383,47.472225189208984,31.380937576293945,26.299179077148438,57.270877838134766,104.68000030517578
2010-02-08,79.02599334716797,36.99528121948242,46.99966812133789,30.759166717529297,26.0376033782959,57.34560775756836,104.04000091552734
2010-02-09,80.0185775756836,37.37677001953125,47.648441314697266,31.728389739990234,26.885957717895508,56.77277755737305,105.41000366210938
2010-02-10,79.86186218261719,37.29872512817383,47.76057052612305,31.527236938476562,26.815261840820312,56.23106002807617,105.12000274658203
2010-02-11,80.69770050048828,37.862266540527344,48.5214729309082,31.8198299407959,27.52223014831543,55.925941467285156,107.12999725341797
2010-02-12,80.6305160522461,37.94031524658203,48.87388229370117,31.545528411865234,27.175813674926758,56.156314849853516,107.04000091552734
2010-02-16,81.89926147460938,38.42583084106445,49.69887924194336,32.24653625488281,27.875709533691406,56.262210845947266,109.62000274658203
2010-02-17,82.28728485107422,38.64259719848633,50.035274505615234,32.28920364379883,27.974685668945312,55.62089538574219,109.25
2010-02-18,82.77243041992188,38.88534927368164,50.44374465942383,32.47208786010742,28.080732345581055,55.396697998046875,109.9800033569336
2010-02-19,82.94407653808594,38.86801528930664,50.50783157348633,32.27091598510742,27.84035873413086,55.695587158203125,109.47000122070312
2010-02-22,82.95899963378906,38.78999328613281,50.66000747680664,32.33188247680664,27.875709533691406,55.46522903442383,109.06999969482422
2010-02-23,81.95149230957031,38.2871208190918,50.06732177734375,31.87469482421875,27.232370376586914,56.33069610595703,107.88999938964844
2010-02-24,82.70526123046875,38.67727279663086,50.49179458618164,32.07585144042969,27.493940353393555,56.46767807006836,107.36000061035156
2010-02-25,82.59329223632812,38.66861343383789,50.50783157348633,31.880788803100586,27.267723083496094,56.785213470458984,108.30999755859375
2010-02-26,82.64556121826172,38.80733108520508,50.29957962036133,32.07585144042969,27.543434143066406,57.077877044677734,109.43000030517578
2010-03-01,83.50379943847656,39.37089157104492,51.468963623046875,32.32577896118164,28.010038375854492,57.05288314819336,109.43000030517578
2010-03-02,83.73517608642578,39.49225997924805,51.86144256591797,32.569610595703125,28.328166961669922,56.977867126464844,111.0199966430664
2010-03-03,83.80979919433594,39.535614013671875,52.15779113769531,32.95974349975586,28.363513946533203,56.83425521850586,111.62999725341797
2010-03-04,84.06351470947266,39.665679931640625,52.2939338684082,32.8744010925293,28.215051651000977,57.134090423583984,110.83000183105469
2010-03-05,85.26506805419922,40.263885498046875,53.35920333862305,33.51444625854492,28.95030403137207,56.384552001953125,110.80999755859375
2010-03-08,85.280029296875,40.34190368652344,53.455322265625,33.51444625854492,28.97150993347168,56.09096908569336,109.87999725341797
2010-03-09,85.42182922363281,40.567359924316406,53.647552490234375,33.43520736694336,29.134111404418945,56.103416442871094,109.72000122070312
2010-03-10,85.80240631103516,40.896827697753906,54.104087829589844,33.575408935546875,29.339134216308594,55.95979690551758,108.47000122070312
2010-03-11,86.16062927246094,41.052879333496094,54.2642822265625,33.703426361083984,29.346210479736328,56.165924072265625,108.5999984741211
2010-03-12,86.16809844970703,41.06153106689453,54.2402229309082,33.92896270751953,29.247220993041992,56.515655517578125,107.94999694824219
2010-03-15,86.19050598144531,40.9575080871582,54.05603790283203,33.69123458862305,29.035137176513672,56.44072341918945,108.36000061035156
2010-03-16,86.8770980834961,41.21760559082031,54.520572662353516,34.11793899536133,29.409832000732422,56.89046096801758,110.4000015258789
2010-03-17,87.39204406738281,41.33032989501953,54.84096908569336,34.30080795288086,29.727968215942383,57.134090423583984,109.58999633789062
2010-03-18,87.34727478027344,41.46904754638672,54.67275619506836,34.099647521972656,29.50173568725586,56.94670867919922,110.33999633789062
2010-03-19,86.90512084960938,41.218204498291016,53.99195861816406,33.75218200683594,29.119979858398438,57.00291061401367,108.27999877929688
2010-03-22,87.36974334716797,41.591426849365234,54.75285339355469,33.84971618652344,29.226022720336914,57.06534194946289,107.75
2010-03-23,87.98422241210938,41.87784957885742,55.449676513671875,34.08744430541992,29.4310359954834,56.796756744384766,108.31999969482422
2010-03-24,87.55708312988281,41.67822265625,54.81696319580078,33.526641845703125,28.99272918701172,55.759910583496094,106.30000305175781
2010-03-25,87.41471862792969,41.61747741699219,54.4716911315918,33.50835418701172,28.914958953857422,55.40386199951172,106.77999877929688
2010-03-26,87.36227416992188,41.66085433959961,54.44760513305664,33.837528228759766,29.056354522705078,55.56003952026367,108.58999633789062
2010-03-29,87.91679382324219,41.860477447509766,54.74470901489258,34.124027252197266,29.579486846923828,55.34765625,108.75
2010-03-30,87.97674560546875,41.99934768676758,54.913326263427734,34.124027252197266,29.692625045776367,55.52252960205078,107.97000122070312
2010-03-31,87.67698669433594,41.79972839355469,54.43959426879883,34.124027252197266,29.777442932128906,55.90355682373047,108.94999694824219
2010-04-01,88.27645111083984,41.79972839355469,54.945430755615234,34.727516174316406,30.55512237548828,55.766910552978516,110.26000213623047
2010-04-05,88.99588012695312,42.190303802490234,55.97322463989258,34.76408004760742,30.83083152770996,54.8390007019043,110.88999938964844
2010-04-06,89.20571899414062,42.31181716918945,56.302406311035156,34.666542053222656,30.92273712158203,54.92677307128906,111.02999877929688
2010-04-07,88.69613647460938,42.207645416259766,56.125762939453125,34.42272186279297,30.654098510742188,55.62894821166992,112.48999786376953
2010-04-08,89.0033950805664,42.30313491821289,56.069549560546875,34.386138916015625,30.760135650634766,55.65403747558594,112.6500015258789
2010-04-09,89.5879135131836,42.554832458496094,56.40679931640625,34.837223052978516,30.95101547241211,55.785728454589844,113.63999938964844
2010-04-12,89.73027801513672,42.589561462402344,56.63963317871094,34.946956634521484,30.703596115112305,56.08039474487305,113.01000213623047
2010-04-13,89.79773712158203,42.80655288696289,56.76810836791992,34.916473388671875,30.639951705932617,56.2621955871582,112.69000244140625
2010-04-14,90.81684875488281,43.31861877441406,57.98056411743164,35.379756927490234,31.09241485595703,55.86719512939453,113.02999877929688
2010-04-15,90.8918228149414,43.50954818725586,58.157169342041016,35.35537338256836,30.92273712158203,55.929901123046875,113.6500015258789
2010-04-16,89.44549560546875,42.98879623413086,57.37837600708008,34.575111389160156,30.0178279876709,56.337440490722656,111.23999786376953
2010-04-19,89.78274536132812,42.96276092529297,57.097328186035156,34.48366928100586,29.89763641357422,56.19949722290039,111.1500015258789
2010-04-20,90.58454895019531,43.17973709106445,57.876182556152344,34.697025299072266,30.251121520996094,56.400115966796875,111.45999908447266
2010-04-21,90.41971588134766,43.422760009765625,58.27768325805664,34.47147750854492,30.152149200439453,56.86404037475586,112.30999755859375
2010-04-22,90.689453125,43.6657829284668,58.89589309692383,34.16060256958008,30.279401779174805,56.694740295410156,111.83999633789062
2010-04-23,91.281494140625,43.848052978515625,59.522216796875,34.4166259765625,30.442001342773438,56.49417495727539,113.19000244140625
2010-04-26,90.936767578125,43.75257110595703,59.29739761352539,34.45319747924805,30.442001342773438,56.556854248046875,112.75
2010-04-27,88.78607177734375,42.82388687133789,57.940406799316406,33.06945037841797,29.353267669677734,57.353084564208984,114.62999725341797
2010-04-28,89.46050262451172,42.849918365478516,58.0367546081543,33.0755500793457,29.600711822509766,56.86404037475586,114.30999755859375
2010-04-29,90.56956481933594,43.59634780883789,59.265262603759766,33.58759307861328,30.088531494140625,57.102294921875,114.27999877929688
2010-04-30,89.03337097167969,42.73709487915039,57.5308952331543,33.1669921875,29.727968215942383,57.76057052612305,115.36000061035156
2010-05-03,90.18740844726562,43.33598327636719,58.823673248291016,33.404727935791016,29.89056396484375,57.685062408447266,115.7300033569336
2010-05-04,88.06666564941406,42.03407287597656,56.97687911987305,32.08195877075195,28.519044876098633,58.7231559753418,114.87000274658203
2010-05-05,87.54209899902344,41.81709671020508,56.14181900024414,31.466276168823242,28.002973556518555,59.0692024230957,115.08999633789062
2010-05-06,84.63453674316406,40.419715881347656,54.038116455078125,30.06424903869629,26.85767936706543,60.89366912841797,118.48999786376953
2010-05-07,83.37557220458984,39.41291427612305,52.480403900146484,29.997207641601562,26.99907112121582,60.132389068603516,118.2699966430664
2010-05-10,87.04749298095703,41.46122360229492,55.427188873291016,31.94174575805664,28.94322967529297,58.88669204711914,117.56999969482422
2010-05-11,86.8001937866211,41.4178466796875,55.79652786254883,31.423608779907227,28.42007064819336,58.735721588134766,120.66000366210938
2010-05-12,88.01419067382812,42.198974609375,57.50681686401367,31.777164459228516,28.773561477661133,58.289031982421875,121.4000015258789
2010-05-13,86.92012786865234,41.530670166015625,56.95280075073242,31.362655639648438,28.504907608032227,58.672828674316406,120.55999755859375
2010-05-14,85.34642028808594,40.7321662902832,55.85275650024414,30.472679138183594,27.918136596679688,59.691993713378906,120.37000274658203
2010-05-17,85.39140319824219,40.86235046386719,55.9571418762207,30.51534080505371,27.74846076965332,59.47182083129883,119.36000061035156
2010-05-18,84.22984313964844,40.2982063293457,54.881187438964844,29.856998443603516,27.168746948242188,60.3840446472168,119.48999786376953
2010-05-19,83.75025939941406,39.977054595947266,54.230812072753906,29.97281837463379,26.907169342041016,60.58540725708008,116.62999725341797
2010-05-20,80.58787536621094,38.492897033691406,51.48474884033203,28.930450439453125,25.571002960205078,61.86259460449219,115.83999633789062
2010-05-21,81.76441192626953,38.918182373046875,52.24753189086914,29.637548446655273,26.398149490356445,61.92542266845703,115.22000122070312
2010-05-24,80.71529388427734,38.761959075927734,51.548973083496094,28.954824447631836,26.122434616088867,61.711483001708984,116.83999633789062
2010-05-25,80.79768371582031,38.796669006347656,51.54095458984375,28.8450927734375,25.839651107788086,62.01353073120117,117.36000061035156
2010-05-26,80.31058502197266,38.36270523071289,51.66941452026367,28.418397903442383,25.825510025024414,61.837371826171875,118.47000122070312
2010-05-27,83.0008773803711,39.81216049194336,53.88554763793945,30.033775329589844,27.387908935546875,60.43439865112305,118.69000244140625
2010-05-28,81.95923614501953,39.577823638916016,53.195030212402344,29.454675674438477,26.935447692871094,60.711219787597656,118.87999725341797
2010-06-01,80.58038330078125,39.213287353515625,51.58110427856445,29.162090301513672,26.440568923950195,61.137943267822266,119.91000366210938
2010-06-02,82.67864227294922,40.1419792175293,53.050498962402344,29.942344665527344,27.366703033447266,60.55720901489258,119.77999877929688
2010-06-03,82.9634017944336,40.52385330200195,53.73299026489258,29.850914001464844,27.267723083496094,60.11526107788086,117.95999908447266
2010-06-04,80.0483627319336,39.135169982910156,51.035091400146484,28.576894760131836,26.299179077148438,61.73133087158203,119.19000244140625
2010-06-07,79.05169677734375,38.423458099365234,49.71827697753906,28.217243194580078,25.889131546020508,62.204776763916016,121.48999786376953
2010-06-08,79.89846801757812,38.35402297973633,49.694183349609375,28.66832733154297,26.482988357543945,61.895484924316406,121.0
2010-06-09,79.4713363647461,38.032875061035156,49.72629928588867,28.564693450927734,26.341588973999023,61.82602310180664,120.55999755859375
2010-06-10,81.79438018798828,39.1177978515625,51.44459915161133,29.771656036376953,27.26065444946289,60.72129821777344,118.97000122070312
2010-06-11,82.19156646728516,39.491024017333984,52.14315414428711,29.814327239990234,27.402040481567383,61.49144744873047,120.01000213623047
2010-06-14,82.06415557861328,39.48234558105469,52.47237014770508,30.0032958984375,27.409120559692383,61.175777435302734,119.5999984741211
2010-06-15,83.93010711669922,40.54121780395508,53.78919219970703,30.9542293548584,28.23626708984375,60.923309326171875,120.98999786376953
2010-06-16,83.90013885498047,40.706119537353516,53.540279388427734,30.807945251464844,28.23626708984375,61.27054214477539,120.33000183105469
2010-06-17,84.03504943847656,40.83631134033203,53.60452651977539,30.905460357666016,28.09487533569336,61.76920700073242,121.9000015258789
2010-06-18,84.12615203857422,40.870235443115234,53.63665008544922,30.850608825683594,28.222124099731445,61.6682014465332,122.83000183105469
2010-06-21,83.88518524169922,40.52239227294922,53.08261489868164,30.844499588012695,28.70993995666504,61.49144744873047,120.38999938964844
2010-06-22,82.49979400634766,40.20934295654297,51.9906120300293,30.454391479492188,28.15850257873535,62.22370529174805,121.44999694824219
2010-06-23,82.24378204345703,40.044132232666016,51.8460693359375,30.6584415435791,28.2310791015625,62.64664077758789,120.94999694824219
2010-06-24,80.88094329833984,39.435420989990234,51.01903533935547,30.125032424926758,27.73293685913086,62.27423858642578,121.30000305175781
2010-06-25,81.21977233886719,39.443275451660156,51.89425277709961,30.298702239990234,28.060293197631836,62.5267448425293,122.76000213623047
2010-06-28,80.9637680053711,39.30386734008789,51.59716033935547,30.075414657592773,27.868146896362305,63.11376953125,121.08999633789062
2010-06-29,78.46403503417969,37.78782272338867,49.64600372314453,29.04581642150879,26.73662757873535,63.801841735839844,121.2699966430664
2010-06-30,77.7186050415039,37.21278381347656,49.07590866088867,28.847347259521484,26.5587158203125,64.23110961914062,121.68000030517578
2010-07-01,77.37223815917969,37.108211517333984,48.72262191772461,29.26910400390625,26.750864028930664,64.33243560791016,117.04000091552734
2010-07-02,76.95059967041016,37.00364685058594,48.19013214111328,29.207082748413086,26.864721298217773,63.819576263427734,118.48999786376953
2010-07-06,77.45509338378906,37.11693572998047,47.561771392822266,29.790103912353516,27.362878799438477,64.34507751464844,116.51000213623047
2010-07-07,79.89459228515625,38.30189895629883,49.221282958984375,30.720468521118164,27.967777252197266,63.591670989990234,117.7300033569336
2010-07-08,80.68518829345703,38.510982513427734,49.930198669433594,31.018184661865234,28.102996826171875,63.186370849609375,117.20999908447266
2010-07-09,81.28754425048828,38.876922607421875,50.70355224609375,31.04918670654297,28.444581985473633,62.8254280090332,118.36000061035156
2010-07-12,81.3402328491211,38.99020004272461,50.13159942626953,30.93134880065918,28.216859817504883,62.80015563964844,117.33999633789062
2010-07-13,82.5675277709961,39.49555587768555,51.71857833862305,31.50196647644043,28.54421043395996,62.26188278198242,118.36000061035156
2010-07-14,82.56002044677734,39.69593811035156,51.5333137512207,31.613615036010742,28.487281799316406,62.888736724853516,118.30000305175781
2010-07-15,82.58258819580078,39.73080825805664,51.05801010131836,31.768674850463867,28.352066040039062,63.51561737060547,118.2300033569336
2010-07-16,80.3087158203125,38.63296127319336,49.197120666503906,30.751480102539062,27.505205154418945,63.82587432861328,116.66999816894531
2010-07-19,80.78306579589844,38.96406173706055,49.40656280517578,30.949966430664062,27.868146896362305,63.433349609375,115.7300033569336
2010-07-20,81.67906188964844,39.43456268310547,50.23631286621094,31.160823822021484,28.522871017456055,63.52824401855469,116.6500015258789
2010-07-21,80.61742401123047,38.89433288574219,49.33406066894531,30.59642219543457,28.2310791015625,64.60472106933594,115.8499984741211
2010-07-22,82.41693878173828,39.87890625,51.09023666381836,31.626014709472656,29.085060119628906,63.85752487182617,116.86000061035156
2010-07-23,83.13224029541016,40.1315803527832,52.34696578979492,31.9981632232666,29.284324645996094,63.18003463745117,116.08999633789062
2010-07-26,83.99813842773438,40.462684631347656,53.539222717285156,32.2214469909668,29.483583450317383,63.07246017456055,115.5199966430664
2010-07-27,83.9906234741211,40.44525146484375,53.34587860107422,32.314476013183594,29.43377113342285,62.46451950073242,113.51000213623047
2010-07-28,83.44851684570312,40.12287139892578,52.48390579223633,32.147010803222656,29.270092010498047,62.667144775390625,113.77999877929688
2010-07-29,83.04185485839844,39.82664489746094,52.34696578979492,32.29588317871094,29.31990623474121,62.64815139770508,114.29000091552734
2010-07-30,83.02681732177734,39.91376495361328,52.3791618347168,32.19664001464844,29.462238311767578,63.62327194213867,115.48999786376953
2010-08-02,84.90166473388672,40.66306686401367,53.28948974609375,33.28205490112305,30.223697662353516,62.73009490966797,115.54000091552734
2010-08-03,84.49505615234375,40.48881912231445,52.862545013427734,33.23244094848633,30.08136749267578,63.09218215942383,115.98999786376953
2010-08-04,85.05976104736328,40.89833068847656,53.41838073730469,33.26345443725586,30.12407684326172,62.60943603515625,116.72000122070312
2010-08-05,84.96940612792969,40.8024787902832,52.790016174316406,33.238643646240234,29.988866806030273,62.90159225463867,116.9800033569336
2010-08-06,84.62305450439453,40.741493225097656,52.47584915161133,33.33787155151367,29.9461612701416,63.58771514892578,117.83999633789062
2010-08-09,85.07485961914062,41.02029800415039,53.05587387084961,33.375099182128906,30.102724075317383,63.3526496887207,117.4000015258789
2010-08-10,84.61553955078125,40.66306686401367,52.05695724487305,33.108394622802734,29.689971923828125,63.48609161376953,117.7300033569336
2010-08-11,82.29650115966797,39.55655288696289,50.0107536315918,31.60120391845703,28.743473052978516,64.33731079101562,117.33999633789062
2010-08-12,81.7920150756836,39.24287033081055,49.76101303100586,31.563987731933594,28.793285369873047,64.17848205566406,118.7699966430664
2010-08-13,81.55108642578125,38.96406173706055,49.197120666503906,31.452346801757812,28.949851989746094,64.97887420654297,118.73999786376953
2010-08-16,81.51343536376953,39.03376007080078,49.591854095458984,31.706647872924805,29.22028160095215,66.60508728027344,119.7300033569336
2010-08-17,82.51482391357422,39.530399322509766,50.44576644897461,32.0601692199707,29.526294708251953,66.22396087646484,119.75
2010-08-18,82.66542053222656,39.68722152709961,50.59882736206055,32.047786712646484,29.50493621826172,66.40180206298828,120.22000122070312
2010-08-19,81.22730255126953,39.08603286743164,49.21322250366211,31.532983779907227,29.277206420898438,67.43726348876953,120.38999938964844
2010-08-20,80.9637680053711,39.13831329345703,49.26156234741211,31.20425033569336,29.191810607910156,67.3609848022461,119.97000122070312
2010-08-23,80.65506744384766,38.75494384765625,48.59292221069336,31.142230987548828,28.928497314453125,67.3737564086914,119.77999877929688
2010-08-24,79.45790100097656,38.03179168701172,48.03705978393555,30.714269638061523,28.558439254760742,68.45365142822266,120.36000061035156
2010-08-25,79.76660919189453,38.397727966308594,48.76210021972656,30.745269775390625,28.3734130859375,68.23129272460938,121.36000061035156
2010-08-26,79.23198699951172,37.935943603515625,48.39958953857422,30.73286247253418,28.195505142211914,68.87287139892578,120.95999908447266
2010-08-27,80.45927429199219,38.397727966308594,49.66435623168945,31.334503173828125,28.814634323120117,66.92276000976562,121.01000213623047
2010-08-30,79.292236328125,37.99692916870117,48.576805114746094,30.88172721862793,28.33783531188965,68.2059097290039,120.91000366210938
2010-08-31,79.292236328125,37.86622619628906,48.480133056640625,30.97475814819336,28.508628845214844,68.96183013916016,122.08000183105469
2010-09-01,81.66400146484375,38.99891662597656,50.35716247558594,32.07878112792969,29.51206398010254,67.53594207763672,121.69000244140625
2010-09-02,82.42447662353516,39.43456268310547,50.91300582885742,32.2586669921875,29.561872482299805,66.82238006591797,122.29000091552734
2010-09-03,83.49366760253906,40.088016510009766,51.82332992553711,32.556373596191406,29.910581588745117,65.99409484863281,121.86000061035156
2010-09-07,82.5524673461914,39.81793212890625,50.84050369262695,32.10359573364258,29.476476669311523,67.34478759765625,122.69999694824219
2010-09-08,83.13224029541016,40.29713821411133,51.13858413696289,32.35169219970703,29.796714782714844,66.8096694946289,122.70999908447266
2010-09-09,83.51625061035156,40.45397186279297,51.17079162597656,32.65561294555664,29.967506408691406,65.49076080322266,121.55999755859375
2010-09-10,83.93789672851562,40.60207748413086,51.33191680908203,32.75485610961914,30.074260711669922,65.19127655029297,121.7300033569336
2010-09-13,84.87152862548828,41.168418884277344,52.58058547973633,33.350276947021484,30.793020248413086,65.5098648071289,121.62000274658203
2010-09-14,84.81886291503906,41.34268569946289,52.35502243041992,33.57357406616211,30.778779983520508,66.14064025878906,124.0199966430664
2010-09-15,85.14257049560547,41.604068756103516,52.6530876159668,33.585975646972656,30.82147979736328,65.15946197509766,123.94000244140625
2010-09-16,85.1200180053711,41.76959991455078,52.31471633911133,33.424705505371094,30.664932250976562,64.51593780517578,124.62999725341797
2010-09-17,85.15180969238281,41.91109848022461,52.53221893310547,33.26345443725586,30.6151065826416,64.77716064453125,124.54000091552734
2010-09-20,86.45379638671875,42.644683837890625,53.99033737182617,33.84027099609375,31.099035263061523,65.15309143066406,124.87000274658203
2010-09-21,86.2796859741211,42.63596725463867,53.6761589050293,33.834068298339844,31.00651741027832,66.05780029296875,126.01000213623047
2010-09-22,85.8558120727539,42.52242660522461,53.039756774902344,33.78444290161133,31.027862548828125,66.65036010742188,126.19999694824219
2010-09-23,85.15935516357422,42.504940032958984,52.39768981933594,33.41851043701172,30.828601837158203,66.84146881103516,126.30000305175781
2010-09-24,86.91557312011719,43.369564056396484,54.101741790771484,34.34885787963867,31.39791488647461,65.94310760498047,126.69000244140625
2010-09-27,86.49919891357422,43.133758544921875,53.96446990966797,34.17519760131836,31.340986251831055,67.0899429321289,126.72000122070312
2010-09-28,86.802001953125,43.11628341674805,54.49748229980469,34.373680114746094,31.5687255859375,67.5486831665039,127.8499984741211
2010-09-29,86.65059661865234,43.046417236328125,54.65092086791992,34.31785583496094,31.675458908081055,67.26838684082031,127.94999694824219
2010-09-30,86.39323425292969,42.85429763793945,54.51365280151367,34.063560485839844,31.860490798950195,67.22372436523438,127.91000366210938
2010-10-01,86.75658416748047,42.80188751220703,54.80436325073242,34.40468978881836,32.33018112182617,66.8989028930664,128.91000366210938
2010-10-04,86.10556030273438,42.33900451660156,54.06139373779297,33.90849304199219,32.230552673339844,67.07156372070312,128.4600067138672
2010-10-05,87.83905029296875,43.369564056396484,55.5958251953125,34.8698616027832,32.81410598754883,66.66865539550781,130.99000549316406
2010-10-06,87.83148193359375,42.9940185546875,55.41008377075195,35.161376953125,32.799861907958984,67.50640869140625,131.80999755859375
2010-10-07,87.72550964355469,43.151222229003906,55.248573303222656,35.04352951049805,32.508094787597656,66.94361877441406,130.3699951171875
2010-10-08,88.2175521850586,43.448143005371094,55.95120620727539,35.27302551269531,32.89950180053711,66.64947509765625,131.66000366210938
2010-10-11,88.30083465576172,43.46561813354492,55.999637603759766,35.22960662841797,32.878143310546875,66.66227722167969,132.2899932861328
2010-10-12,88.57332611083984,43.7625732421875,56.145023345947266,35.155189514160156,32.74293518066406,66.00355529785156,131.9600067138672
2010-10-13,89.26215362548828,44.12062072753906,57.00109100341797,35.55213165283203,33.34783935546875,65.90125274658203,134.07000732421875
2010-10-14,88.91395568847656,44.03328323364258,56.960693359375,35.80022430419922,33.290916442871094,64.91644287109375,134.75
2010-10-15,89.0956039428711,44.967750549316406,56.76686477661133,35.682376861572266,33.24821090698242,64.1234130859375,133.67999267578125
2010-10-18,89.53467559814453,44.801815032958984,57.24336624145508,35.76301193237305,33.262454986572266,64.64141845703125,134.27999877929688
2010-10-19,88.36136627197266,44.38262176513672,56.128849029541016,34.975311279296875,32.20920181274414,65.03150939941406,130.11000061035156
2010-10-20,89.22433471679688,44.70574951171875,56.70225143432617,35.63276290893555,32.72158432006836,65.1722183227539,131.32000732421875
2010-10-21,89.42113494873047,44.79307174682617,56.42768478393555,35.440486907958984,32.72158432006836,64.39839172363281,129.47000122070312
2010-10-22,89.58766174316406,45.0987434387207,56.791080474853516,35.53353500366211,32.75717544555664,64.833251953125,129.72999572753906
2010-10-25,89.85260009765625,45.31708908081055,57.13029098510742,35.669979095458984,33.11299133300781,65.01869201660156,130.85000610351562
2010-10-26,89.8676986694336,45.439334869384766,57.08991241455078,35.440486907958984,33.084529876708984,64.01473236083984,130.8800048828125
2010-10-27,89.61038208007812,45.57908248901367,56.94453430175781,35.0993537902832,32.52231979370117,63.45195388793945,129.52000427246094
2010-10-28,89.6255111694336,45.67515182495117,56.597293853759766,35.372257232666016,32.72871017456055,63.62459182739258,131.24000549316406
2010-10-29,89.69363403320312,45.57033920288086,56.774959564208984,35.35984802246094,32.82122039794922,64.21934509277344,132.6199951171875
2010-11-01,89.72392272949219,45.60529327392578,56.387290954589844,35.22960662841797,33.18415451049805,63.94279098510742,131.9199981689453
2010-11-02,90.43547821044922,46.094329833984375,57.55830383300781,35.8126335144043,33.59691619873047,64.78327178955078,132.49000549316406
2010-11-03,90.798828125,46.303932189941406,57.78447723388672,36.06072998046875,33.80328369140625,63.46167755126953,131.57000732421875
2010-11-04,92.54741668701172,46.871604919433594,59.24623107910156,36.879459381103516,34.571868896484375,63.9556884765625,136.02999877929688
2010-11-05,92.8956298828125,46.871604919433594,59.57735061645508,36.71818542480469,34.50783157348633,62.85862350463867,136.3800048828125
2010-11-08,92.72152709960938,46.93273162841797,59.52888107299805,36.49489212036133,34.3654899597168,63.140865325927734,137.77999877929688
2010-11-09,92.05538177490234,46.679473876953125,58.737449645996094,36.12895584106445,33.931392669677734,61.748779296875,135.58999633789062
2010-11-10,92.42630004882812,46.91527557373047,59.3916015625,36.234397888183594,34.180458068847656,61.83218002319336,137.24000549316406
2010-11-11,92.07811737060547,46.618350982666016,59.157379150390625,35.92427062988281,33.84599685668945,61.800071716308594,137.66000366210938
2010-11-12,90.98807525634766,45.858543395996094,58.172115325927734,35.626564025878906,33.02760314941406,61.4664421081543,133.69000244140625
2010-11-15,90.8593521118164,45.68387222290039,58.180198669433594,35.601749420166016,33.01335906982422,60.18336486816406,132.4199981689453
2010-11-16,89.44383239746094,44.93280029296875,57.049556732177734,34.764434814453125,32.1451530456543,61.67816162109375,130.97000122070312
2010-11-17,89.4892578125,45.063819885253906,57.20296859741211,34.95669937133789,32.30883026123047,61.33814239501953,130.3800048828125
2010-11-18,90.80641174316406,45.788692474365234,58.317481994628906,35.83123779296875,33.07741165161133,61.58835220336914,132.08999633789062
2010-11-19,91.05619049072266,45.823612213134766,58.51131057739258,35.83123779296875,33.098758697509766,61.96681213378906,132.1999969482422
2010-11-22,90.98049926757812,46.207862854003906,58.793949127197266,35.446685791015625,32.99912643432617,62.22987747192383,133.47999572753906
2010-11-23,89.663330078125,45.474281311035156,58.23672103881836,34.379878997802734,31.9530029296875,62.53785705566406,134.41000366210938
2010-11-24,90.98807525634766,46.391265869140625,59.545047760009766,34.925682067871094,32.69313049316406,61.421539306640625,134.17999267578125
2010-11-26,89.92828369140625,46.08561325073242,59.13315963745117,34.34266662597656,31.8818416595459,62.27485275268555,133.11000061035156
2010-11-29,90.20081329345703,46.05067443847656,59.222015380859375,34.03874206542969,32.13092803955078,62.80725860595703,133.50999450683594
2010-11-30,89.69363403320312,45.49174118041992,58.753570556640625,33.65419006347656,31.867616653442383,63.13447570800781,135.4199981689453
2010-12-01,91.60122680664062,46.45240020751953,60.06999588012695,34.609375,32.77851867675781,61.73108673095703,135.3800048828125
2010-12-02,92.77452087402344,46.92400360107422,60.67569351196289,35.26682662963867,33.426116943359375,61.57011032104492,135.1999969482422
2010-12-03,93.0242919921875,47.0462646484375,61.11178207397461,35.60795593261719,33.54709243774414,61.087249755859375,138.07000732421875
2010-12-06,92.92595672607422,47.02879333496094,61.491371154785156,35.446685791015625,33.490169525146484,61.949951171875,139.11000061035156
2010-12-07,92.97891235351562,47.054988861083984,61.846736907958984,35.46530532836914,33.33360290527344,60.623779296875,136.5
2010-12-08,93.31954193115234,47.22967529296875,61.806331634521484,35.57073974609375,33.12010192871094,60.0379524230957,134.7899932861328
2010-12-09,93.68286895751953,47.27334213256836,62.01633834838867,35.663780212402344,33.00625228881836,60.3341064453125,135.3699951171875
2010-12-10,94.22789001464844,47.58772277832031,62.79164123535156,35.74440002441406,33.155696868896484,59.967132568359375,135.41000366210938
2010-12-13,94.28846740722656,47.42180252075195,62.46860122680664,36.12895584106445,33.36919021606445,60.19247055053711,136.0500030517578
2010-12-14,94.37169647216797,47.50913619995117,62.43629837036133,36.184776306152344,33.419002532958984,59.316959381103516,136.17999267578125
2010-12-15,93.94025421142578,47.29954147338867,62.24248123168945,35.707183837890625,32.878143310546875,58.54441833496094,134.6999969482422
2010-12-16,94.48529052734375,47.66633987426758,62.815853118896484,35.905670166015625,32.97067642211914,58.94996643066406,133.80999755859375
2010-12-17,94.58648681640625,47.708335876464844,63.009681701660156,35.707183837890625,33.02049255371094,60.02508544921875,134.1999969482422
2010-12-20,94.81477355957031,47.74333953857422,63.26008987426758,35.78782653808594,32.871028900146484,59.96074295043945,135.11000061035156
2010-12-21,95.4158935546875,48.032100677490234,63.962677001953125,36.08708572387695,33.35084533691406,60.379173278808594,135.32000732421875
2010-12-22,95.71268463134766,48.02335739135742,63.94398498535156,36.15595626831055,33.46561050415039,59.94779968261719,135.0500030517578
2010-12-23,95.57572174072266,47.90085220336914,63.86288833618164,36.137168884277344,33.429752349853516,59.825477600097656,134.66000366210938
2010-12-27,95.61376190185547,47.927093505859375,64.05760955810547,36.06204605102539,33.322166442871094,60.35985565185547,135.02000427246094
2010-12-28,95.75074005126953,47.839595794677734,63.879112243652344,36.09335708618164,33.35084533691406,59.177677154541016,137.22000122070312
2010-12-29,95.81925201416016,47.944618225097656,64.01702117919922,36.406394958496094,33.77783966064453,60.17898178100586,137.7100067138672
2010-12-30,95.6670150756836,47.83084487915039,63.89533996582031,36.2310791015625,33.95005798339844,60.13373947143555,137.02999877929688
2010-12-31,95.68987274169922,47.65584182739258,63.473506927490234,36.45021057128906,34.1868782043457,60.799102783203125,138.72000122070312
2011-01-03,96.67910766601562,48.39962387084961,64.57681274414062,36.750732421875,34.516971588134766,60.340457916259766,138.0
2011-01-04,96.62580108642578,48.364646911621094,63.619468688964844,36.638031005859375,34.67483901977539,60.4114990234375,134.75
2011-01-05,97.1280746459961,48.77590560913086,64.36585998535156,36.48152160644531,34.58872604370117,59.0807991027832,134.3699951171875
2011-01-06,96.93783569335938,48.93343734741211,64.0656967163086,36.06204605102539,34.222747802734375,59.33921432495117,133.8300018310547
2011-01-07,96.74758911132812,48.8896598815918,63.700645446777344,35.91804122924805,33.907005310058594,59.65573501586914,133.5800018310547
2011-01-10,96.62580108642578,49.07343292236328,64.0656967163086,35.855445861816406,33.55536651611328,59.97869873046875,134.1199951171875
2011-01-11,96.96826934814453,49.1434326171875,64.3253173828125,36.099609375,33.91417694091797,59.642784118652344,134.91000366210938
2011-01-12,97.84336853027344,49.49346923828125,64.87698364257812,36.89471435546875,34.59590530395508,59.177677154541016,135.4600067138672
2011-01-13,97.68356323242188,49.51097869873047,64.85264587402344,36.994895935058594,34.29450988769531,59.70737838745117,134.0500030517578
2011-01-14,98.39124298095703,49.87849807739258,65.33939361572266,37.22029113769531,34.39497375488281,59.32624435424805,132.69000244140625
2011-01-18,98.55866241455078,50.01850128173828,65.38806915283203,37.46445846557617,34.34474563598633,59.048500061035156,133.42999267578125
2011-01-19,97.59225463867188,49.449710845947266,63.70872497558594,37.20777130126953,34.079227447509766,59.474853515625,133.72000122070312
2011-01-20,97.46290588378906,49.099700927734375,63.043521881103516,36.88846969604492,33.706077575683594,58.65450668334961,131.1999969482422
2011-01-21,97.68356323242188,48.72340393066406,62.62165451049805,37.08881759643555,33.35443878173828,59.11958312988281,131.02999877929688
2011-01-24,98.23905944824219,49.3972053527832,63.08407974243164,37.483245849609375,33.612789154052734,59.145416259765625,130.36000061035156
2011-01-25,98.29234313964844,49.46721649169922,63.181453704833984,37.408119201660156,33.411861419677734,59.70737838745117,130.10000610351562
2011-01-26,98.67279052734375,49.72974395751953,64.18743133544922,37.646018981933594,33.706077575683594,58.803016662597656,131.16000366210938
2011-01-27,98.91629028320312,50.03600311279297,64.37397766113281,37.733673095703125,33.59125518798828,59.06789779663086,127.93000030517578
2011-01-28,97.18893432617188,48.76716232299805,62.80012130737305,36.89471435546875,32.52920150756836,59.377994537353516,130.27999877929688
2011-01-31,97.91944122314453,49.00343704223633,63.23821258544922,37.214027404785156,32.87363815307617,58.925777435302734,129.8699951171875
2011-02-01,99.48699188232422,49.92222595214844,64.698486328125,38.09679412841797,33.67020034790039,58.634090423583984,130.8000030517578
2011-02-02,99.2967758178711,49.84347915649414,64.45511627197266,38.06549835205078,33.41902542114258,58.647037506103516,130.4499969482422
2011-02-03,99.51747131347656,49.93098449707031,64.68230438232422,38.07175827026367,33.3759765625,58.16081619262695,132.1999969482422
2011-02-04,99.7989730834961,50.21101760864258,64.79583740234375,38.05922317504883,33.36879348754883,57.5709342956543,131.66000366210938
2011-02-07,100.42298126220703,50.4472770690918,65.43672943115234,38.178184509277344,33.411861419677734,57.86912536621094,131.67999267578125
2011-02-08,100.87957763671875,50.77980422973633,65.89920043945312,38.42862319946289,33.426212310791016,57.33761215209961,133.13999938964844
2011-02-09,100.65129852294922,50.69229507446289,65.60710906982422,38.31591796875,32.65835952758789,57.8366813659668,133.07000732421875
2011-02-10,100.68932342529297,50.771053314208984,65.86671447753906,38.06549835205078,32.34979248046875,57.16904067993164,132.85000610351562
2011-02-11,101.29048919677734,51.138580322265625,66.58062744140625,38.08428192138672,32.74447250366211,57.99229049682617,132.32000732421875
2011-02-14,101.53401184082031,51.26110076904297,66.92135620117188,38.15940475463867,32.579429626464844,58.031192779541016,132.9499969482422
2011-02-15,101.21440124511719,51.19109344482422,66.54006958007812,38.046714782714844,32.64401626586914,58.290489196777344,133.97000122070312
2011-02-16,101.85358428955078,51.523597717285156,67.07549285888672,38.503753662109375,32.91670227050781,58.10251998901367,134.10000610351562
2011-02-17,102.15795135498047,51.50611114501953,67.54602813720703,38.635223388671875,33.03152847290039,58.193241119384766,135.0399932861328
2011-02-18,102.37102508544922,51.392330169677734,67.6190414428711,38.76669692993164,33.232460021972656,58.011775970458984,135.41000366210938
2011-02-22,100.31645965576172,49.904747009277344,65.88296508789062,37.658546447753906,32.17038345336914,58.880401611328125,136.2899932861328
2011-02-23,99.70006561279297,49.49346923828125,64.74716186523438,37.70862579345703,32.199092864990234,59.094322204589844,137.50999450683594
2011-02-24,99.63163757324219,49.75598907470703,65.16091918945312,37.73993682861328,32.27802658081055,59.47032928466797,136.47999572753906
2011-02-25,100.6969223022461,50.4472770690918,66.66988372802734,38.19070816040039,32.66554260253906,59.820369720458984,137.3800048828125
2011-02-28,101.32093048095703,50.552268981933594,66.74285888671875,38.53504943847656,32.85929870605469,59.89812088012695,137.66000366210938
2011-03-01,99.63163757324219,49.73848342895508,65.40428924560547,37.99662399291992,32.52201461791992,60.07179260253906,140.02999877929688
2011-03-02,99.84471130371094,50.00099182128906,65.68013763427734,38.19696807861328,32.966941833496094,59.14830017089844,139.9199981689453
2011-03-03,101.56444549560547,50.98982620239258,67.1728286743164,38.68531036376953,33.61996841430664,58.56950759887695,138.08999633789062
2011-03-04,100.80350494384766,50.72731399536133,66.88081359863281,38.33469772338867,33.65584945678711,59.05727767944336,139.35000610351562
2011-03-07,100.01207733154297,50.04475784301758,65.78559112548828,37.96531295776367,33.182220458984375,58.680084228515625,139.72000122070312
2011-03-08,100.8871841430664,50.24601745605469,66.8564682006836,38.08428192138672,33.62714385986328,58.322357177734375,139.36000061035156
2011-03-09,100.74259185791016,49.904747009277344,66.58877563476562,38.09679412841797,33.69173049926758,58.888160705566406,139.41000366210938
2011-03-10,98.87825012207031,49.125938415527344,64.87698364257812,37.151424407958984,32.69424057006836,59.876686096191406,137.77000427246094
2011-03-11,99.56311798095703,49.43221664428711,65.04732513427734,37.151424407958984,33.03152847290039,59.53850173950195,138.22000122070312
2011-03-14,98.96197509765625,49.257205963134766,64.698486328125,36.48777389526367,33.22528076171875,59.51247787475586,138.86000061035156
2011-03-15,97.8281021118164,48.557151794433594,64.12250518798828,35.72396469116211,32.67271041870117,60.4034538269043,136.27000427246094
2011-03-16,96.01707458496094,47.38456726074219,63.48162078857422,34.61580276489258,32.005340576171875,61.086326599121094,136.24000549316406
2011-03-17,97.28785705566406,47.82210159301758,63.619468688964844,35.76778793334961,32.400028228759766,60.618064880371094,136.97000122070312
2011-03-18,97.64173126220703,47.714317321777344,64.46324157714844,36.26238250732422,32.45743942260742,60.780677795410156,138.3699951171875
2011-03-21,99.15495300292969,48.63441848754883,65.9559555053711,37.15768814086914,33.08176040649414,60.42300033569336,139.13999938964844
2011-03-22,98.81104278564453,48.546810150146484,65.60710906982422,37.05125427246094,33.182220458984375,60.62453842163086,139.0500030517578
2011-03-23,99.09381103515625,48.818443298339844,65.8099594116211,37.095069885253906,33.61996841430664,60.546504974365234,140.33999633789062
2011-03-24,100.04145812988281,49.68598937988281,66.26436614990234,37.58967590332031,34.00747299194336,60.09127426147461,139.22000122070312
2011-03-25,100.34722137451172,49.80866241455078,66.84159088134766,37.17646408081055,33.971588134765625,59.94169998168945,139.25999450683594
2011-03-28,100.10263061523438,49.53700637817383,66.69524383544922,37.15768814086914,33.79936218261719,60.026248931884766,138.5399932861328
2011-03-29,100.7751693725586,50.01896286010742,67.32120513916016,37.35176467895508,34.1868782043457,59.56449508666992,138.2100067138672
2011-03-30,101.47067260742188,50.25558090209961,68.19109344482422,37.7962760925293,34.624610900878906,60.03929138183594,138.6699981689453
2011-03-31,101.33311462402344,50.32566833496094,68.42684936523438,37.614707946777344,34.92600631713867,59.915679931640625,139.86000061035156
2011-04-01,101.7610855102539,50.35196304321289,68.72763061523438,37.971580505371094,35.48573684692383,60.20696258544922,139.1999969482422
2011-04-04,101.84516143798828,50.18545913696289,68.88211059570312,38.021663665771484,35.78714370727539,60.272315979003906,139.83999633789062
2011-04-05,101.82986450195312,50.054019927978516,69.25605010986328,37.92776107788086,35.71537780761719,60.03070831298828,142.0500030517578
2011-04-06,102.15084838867188,50.176700592041016,69.4105224609375,38.24079132080078,35.90914535522461,59.1294059753418,142.3800048828125
2011-04-07,101.89100646972656,50.14165496826172,68.99590301513672,38.052978515625,35.87324523925781,59.01187515258789,142.50999450683594
2011-04-08,101.53943634033203,49.90504837036133,68.27241516113281,38.36601257324219,35.90914535522461,58.69837951660156,143.66000366210938
2011-04-11,101.23373413085938,49.73856735229492,67.66265869140625,38.29087829589844,35.48573684692383,58.75060272216797,142.63999938964844
2011-04-12,100.47710418701172,49.39679718017578,66.77655029296875,37.93402099609375,34.818363189697266,59.384124755859375,141.61000061035156
2011-04-13,100.46946716308594,49.81740951538086,66.86598205566406,38.046714782714844,35.10540771484375,59.756385803222656,141.89999389648438
2011-04-14,100.54590606689453,49.729793548583984,67.17486572265625,38.21574020385742,35.213050842285156,59.71063995361328,143.80999755859375
2011-04-15,100.91276550292969,49.64216232299805,67.89029693603516,38.15940475463867,35.25611114501953,60.52046585083008,145.0500030517578
2011-04-18,99.7816390991211,49.29164123535156,66.76840209960938,37.37679672241211,34.37345886230469,60.6575813293457,145.92999267578125
2011-04-19,100.3548355102539,49.598358154296875,66.78463745117188,37.652278900146484,34.86860656738281,60.91884231567383,145.92999267578125
2011-04-20,101.72286224365234,50.72001647949219,68.15042114257812,38.61017608642578,35.69384765625,60.5269775390625,146.5
2011-04-21,102.24256896972656,51.12309265136719,68.65449523925781,38.86061096191406,36.00959396362305,60.47476577758789,146.74000549316406
2011-04-25,102.13555145263672,51.25455093383789,68.56503295898438,38.86061096191406,35.71537780761719,60.70332336425781,146.8699951171875
2011-04-26,103.01445770263672,51.543724060058594,69.24791717529297,39.16111755371094,36.02394485473633,61.291099548339844,146.3800048828125
2011-04-27,103.6870346069336,51.894248962402344,69.66253662109375,39.64947509765625,35.9593620300293,60.66413497924805,149.1999969482422
2011-04-28,104.02327728271484,51.81538009643555,69.9795913696289,39.918678283691406,35.66515350341797,61.12782287597656,149.82000732421875
2011-04-29,104.2678451538086,51.77157211303711,70.23160552978516,39.73085021972656,35.88043212890625,61.31726837158203,152.3699951171875
2011-05-02,104.10736846923828,51.6751594543457,69.4105224609375,39.98755645751953,35.887603759765625,61.41558074951172,150.41000366210938
2011-05-03,103.73286437988281,51.429805755615234,68.53255462646484,39.661991119384766,35.09107208251953,61.763206481933594,149.8800048828125
2011-05-04,103.0450210571289,51.350929260253906,67.64641571044922,39.32390594482422,34.509796142578125,62.03865051269531,147.72999572753906
2011-05-05,102.11264038085938,51.07051467895508,67.33748626708984,38.547569274902344,34.17969512939453,62.62896728515625,143.47000122070312
2011-05-06,102.56351470947266,51.23702621459961,67.69517517089844,38.56635284423828,34.624610900878906,62.35346984863281,145.3000030517578
2011-05-09,102.96098327636719,51.429805755615234,68.48377990722656,38.841835021972656,34.6891975402832,62.28790283203125,147.3800048828125
2011-05-10,103.83984375,51.867942810058594,69.53248596191406,39.211219787597656,35.09823226928711,61.8419189453125,147.89999389648438
2011-05-11,102.7469482421875,51.49115753173828,68.24800109863281,38.4223518371582,34.323219299316406,62.19605255126953,146.5399932861328
2011-05-12,103.23611450195312,51.7978515625,68.8495864868164,38.547569274902344,34.423683166503906,61.80256271362305,146.58999633789062
2011-05-13,102.44129943847656,51.1844482421875,67.89029693603516,37.946533203125,33.67020034790039,62.36005401611328,145.6300048828125
2011-05-16,101.7916259765625,50.299400329589844,66.89849853515625,37.87766647338867,33.61996841430664,62.70764923095703,145.3699951171875
2011-05-17,101.77635192871094,50.439571380615234,66.68709564208984,37.959068298339844,33.727603912353516,63.35041427612305,144.74000549316406
2011-05-18,102.6858139038086,50.8602180480957,67.7114486694336,38.19070816040039,34.27299118041992,62.51089096069336,145.60000610351562
2011-05-19,102.93036651611328,51.00918197631836,67.8577880859375,38.40983200073242,34.05052947998047,62.4846305847168,145.64999389648438
2011-05-20,102.11264038085938,50.62360382080078,67.36187744140625,37.86514663696289,33.77783966064453,62.51750564575195,147.49000549316406
2011-05-23,100.92800903320312,49.87874984741211,66.15058135986328,36.98863220214844,33.074581146240234,62.81916427612305,147.8300018310547
2011-05-24,100.84395599365234,49.572078704833984,65.83351135253906,37.20150375366211,33.4046745300293,63.05527877807617,148.58999633789062
2011-05-25,101.18025207519531,49.76484680175781,66.66272735595703,37.439414978027344,33.4764404296875,62.7601432800293,148.5800018310547
2011-05-26,101.64644622802734,50.071533203125,67.54069519042969,37.79002380371094,33.907005310058594,63.297943115234375,148.22000122070312
2011-05-27,102.03620147705078,50.32566833496094,68.00411224365234,38.06549835205078,34.26580810546875,63.27170181274414,149.6999969482422
2011-05-31,103.09855651855469,51.14063262939453,68.9715347290039,38.85434341430664,34.82554244995117,63.41598892211914,149.63999938964844
2011-06-01,100.78279113769531,50.02773666381836,66.75214385986328,37.93402099609375,34.201229095458984,64.2730484008789,149.91000366210938
2011-06-02,100.6758041381836,50.13289260864258,66.72779083251953,38.12809371948242,34.524147033691406,63.04869079589844,149.5
2011-06-03,99.67464447021484,49.37926483154297,65.752197265625,38.14688491821289,34.351924896240234,63.41073226928711,150.22000122070312
2011-06-06,98.61997985839844,48.9761962890625,64.67094421386719,37.652278900146484,33.79936218261719,62.93020248413086,150.47999572753906
2011-06-07,98.55885314941406,48.88853454589844,64.825439453125,37.99662399291992,34.06488037109375,63.2198486328125,150.4199981689453
2011-06-08,98.14612579345703,48.53804016113281,64.10188293457031,37.50828170776367,33.82089614868164,63.71350860595703,149.80999755859375
2011-06-09,98.89511108398438,48.62567138671875,64.44334411621094,37.89645004272461,34.08641052246094,63.456756591796875,150.55999755859375
2011-06-10,97.51940155029297,47.88080978393555,63.41089630126953,37.019954681396484,33.34727096557617,63.943939208984375,149.24000549316406
2011-06-13,97.59588623046875,47.88080978393555,63.232017517089844,37.076290130615234,33.289859771728516,63.62135314941406,147.77000427246094
2011-06-14,98.83391571044922,48.49421310424805,64.58967590332031,37.733673095703125,33.79218673706055,62.66032028198242,148.6699981689453
2011-06-15,97.07615661621094,47.574100494384766,63.43525314331055,36.494041442871094,33.067405700683594,63.79909896850586,149.1199951171875
2011-06-16,97.29017639160156,47.39008712768555,63.581600189208984,36.36882019042969,32.81623077392578,64.0887451171875,148.97000122070312
2011-06-17,97.58047485351562,47.241668701171875,63.59783172607422,36.72569274902344,32.85929870605469,63.785926818847656,149.94000244140625
2011-06-20,98.07974243164062,47.487545013427734,64.18318176269531,36.68185806274414,32.809059143066406,63.864933013916016,150.02999877929688
2011-06-21,99.42378997802734,48.506343841552734,65.57334899902344,37.47697830200195,33.411861419677734,63.581886291503906,150.75999450683594
2011-06-22,98.82469177246094,48.155059814453125,65.06932067871094,37.11381912231445,33.07917785644531,63.62135314941406,150.99000549316406
2011-06-23,98.54054260253906,48.60295867919922,65.32131958007812,36.794700622558594,33.03568649291992,64.1084976196289,148.33999633789062
2011-06-24,97.39615631103516,47.759822845458984,64.988037109375,36.44365692138672,32.97770690917969,63.8386116027832,146.25999450683594
2011-06-27,98.26403045654297,48.5239143371582,65.4920883178711,36.74363708496094,33.36185073852539,62.963134765625,145.72999572753906
2011-06-28,99.54667663574219,49.24409103393555,66.50823211669922,37.184024810791016,33.81845474243164,62.45622253417969,146.24000549316406
2011-06-29,100.39923095703125,49.44609832763672,66.8253173828125,37.83503723144531,34.1301155090332,62.04151916503906,147.17999267578125
2011-06-30,101.35926055908203,50.10477828979492,67.31307220458984,38.38392639160156,34.499759674072266,61.94276809692383,146.0
2011-07-01,102.85699462890625,50.860084533691406,68.36181640625,38.8051643371582,34.905635833740234,61.84370803833008,144.92999267578125
2011-07-05,102.77249908447266,51.114784240722656,68.5265121459961,38.57538986206055,34.89113998413086,61.98239517211914,147.6300048828125
2011-07-06,102.8953628540039,51.281639099121094,68.80375671386719,38.33285140991211,34.659210205078125,62.299495697021484,148.91000366210938
2011-07-07,103.96295166015625,51.984275817871094,69.83932495117188,38.66476058959961,35.13756561279297,62.11452102661133,149.14999389648438
2011-07-08,103.22566223144531,51.8437614440918,69.41531372070312,38.18606948852539,34.738929748535156,62.99302291870117,150.25
2011-07-11,101.35926055908203,50.90400314331055,67.93943786621094,37.030845642089844,33.76772689819336,63.93754577636719,151.58999633789062
2011-07-12,100.9215087890625,50.517578125,67.55619812011719,36.78193283081055,33.42707824707031,64.155517578125,152.77000427246094
2011-07-13,101.25944519042969,50.72834014892578,68.1595687866211,37.3308219909668,33.970664978027344,64.3338394165039,154.13999938964844
2011-07-14,100.56051635742188,50.13992691040039,67.07508087158203,37.00532531738281,33.6082649230957,63.41567611694336,154.5399932861328
2011-07-15,101.14421081542969,50.807395935058594,67.52356719970703,37.132965087890625,33.81845474243164,63.52140808105469,155.1999969482422
2011-07-18,100.3147201538086,50.53513717651367,66.43907928466797,36.584075927734375,33.42707824707031,62.90713119506836,156.57000732421875
2011-07-19,101.94298553466797,51.68564987182617,67.93943786621094,37.132965087890625,33.912681579589844,64.21499633789062,154.66000366210938
2011-07-20,101.88153839111328,51.466087341308594,67.8252944946289,37.5733528137207,34.014156341552734,63.455387115478516,156.02000427246094
2011-07-21,103.2947769165039,51.80863571166992,68.44497680664062,38.371158599853516,34.5577392578125,62.96660614013672,154.8300018310547
2011-07-22,103.36390686035156,52.3443489074707,68.53469848632812,38.409454345703125,34.536006927490234,63.44216537475586,156.1199951171875
2011-07-25,102.7878646850586,52.23896789550781,67.72743225097656,38.16691589355469,34.46351623535156,62.74861526489258,157.33999633789062
2011-07-26,102.40383911132812,52.370689392089844,67.21370697021484,38.396690368652344,34.579490661621094,63.17795181274414,157.77000427246094
2011-07-27,100.30706787109375,51.0181770324707,65.20787048339844,37.464847564697266,33.970664978027344,63.18455505371094,157.19000244140625
2011-07-28,100.01517486572266,51.10600662231445,65.1018295288086,37.37550354003906,33.999656677246094,63.42237091064453,157.32000732421875
2011-07-29,99.33161926269531,50.93913269042969,65.02029418945312,37.47122573852539,34.14460372924805,64.67726135253906,158.2899932861328
2011-08-01,98.90921783447266,50.70201110839844,64.59627532958984,36.99893569946289,34.115623474121094,65.33008575439453,157.72000122070312
2011-08-02,96.38233184814453,49.41973876953125,62.58222961425781,36.02241897583008,33.0646858215332,67.29170227050781,161.52000427246094
2011-08-03,96.90458679199219,49.894012451171875,62.99809646606445,36.2330436706543,32.94871520996094,67.42423248291016,161.49000549316406
2011-08-04,92.36542510986328,47.575416564941406,59.19831085205078,33.705604553222656,31.064285278320312,69.82323455810547,160.63999938964844
2011-08-05,92.2271728515625,47.276798248291016,58.162757873535156,34.299156188964844,30.861337661743164,67.80860137939453,161.75
2011-08-08,86.22103881835938,44.431209564208984,53.099082946777344,31.739818572998047,28.288345336914062,69.94917297363281,167.1199951171875
2011-08-09,90.23026275634766,46.574180603027344,56.637935638427734,33.877925872802734,29.94810676574707,70.16124725341797,168.61000061035156
2011-08-10,86.24412536621094,44.66835021972656,53.86555480957031,31.854698181152344,28.360830307006836,72.24879455566406,174.5800018310547
2011-08-11,90.11505889892578,46.63566589355469,56.556392669677734,33.38010025024414,29.92635726928711,68.60391235351562,170.75
2011-08-12,90.7218017578125,47.04843521118164,56.90703582763672,33.76304244995117,29.9118709564209,69.96243286132812,169.97000122070312
2011-08-15,92.64192199707031,47.74227523803711,58.51336669921875,34.5480842590332,30.607662200927734,69.25330352783203,171.8000030517578
2011-08-16,91.85084533691406,47.33826446533203,57.43703842163086,34.043861389160156,30.34674072265625,70.39981079101562,173.9199981689453
2011-08-17,91.91226196289062,47.05721664428711,57.45335006713867,34.24172592163086,30.564178466796875,71.6324691772461,174.4199981689453
2011-08-18,87.94914245605469,44.74738311767578,54.18357849121094,32.57591247558594,29.121858596801758,73.10371398925781,177.72000122070312
2011-08-19,86.51287841796875,43.939388275146484,53.22954559326172,32.0206298828125,28.75945472717285,73.69348907470703,179.9499969482422
2011-08-22,86.58203125,44.097469329833984,53.042015075683594,32.224884033203125,28.73047637939453,73.5079116821289,184.58999633789062
2011-08-23,89.4315185546875,45.91548538208008,55.60237121582031,33.27159881591797,29.737913131713867,72.49400329589844,177.6699981689453
2011-08-24,90.69110107421875,46.27555465698242,56.42591857910156,33.28435134887695,29.448001861572266,70.43295288085938,171.64999389648438
2011-08-25,89.30859375,45.520263671875,55.03975296020508,32.48018264770508,28.87542724609375,71.19505310058594,172.36000061035156
2011-08-26,90.6065902709961,46.662017822265625,56.35254669189453,32.99076461791992,29.368274688720703,71.89761352539062,177.47000122070312
2011-08-29,93.21027374267578,47.96183395385742,59.0189208984375,33.775814056396484,30.317747116088867,70.90349578857422,173.88999938964844
2011-08-30,93.4560546875,48.27801513671875,59.36137390136719,33.577945709228516,30.361230850219727,72.04336547851562,179.10000610351562
2011-08-31,93.87080383300781,48.3570556640625,59.23908615112305,34.190673828125,30.98455238342285,70.92991638183594,177.72000122070312
2011-09-01,92.8877182006836,47.917930603027344,57.967037200927734,33.7694206237793,30.817861557006836,72.43356323242188,177.8699951171875
2011-09-02,90.51445007324219,46.793739318847656,55.822547912597656,33.01630783081055,30.122051239013672,74.7866439819336,183.24000549316406
2011-09-06,89.85391235351562,46.80253601074219,55.667598724365234,31.931297302246094,29.810396194458008,75.5643310546875,182.89999389648438
2011-09-07,92.38847351074219,47.98817825317383,57.771339416503906,32.88227844238281,30.69464111328125,74.12191772460938,177.0800018310547
2011-09-08,91.42839813232422,47.768611907958984,56.71132278442383,32.23124313354492,30.013334274291992,74.7866439819336,181.80999755859375
2011-09-09,89.03208923339844,46.70591735839844,55.03975296020508,31.114337921142578,28.99864387512207,75.58433532714844,180.6999969482422
2011-09-12,89.6081314086914,47.30312728881836,55.51268005371094,30.980308532714844,28.94065284729004,75.66407012939453,176.6699981689453
2011-09-13,90.42996215820312,47.935482025146484,56.40961837768555,31.31219482421875,28.984148025512695,74.58724975585938,178.5399932861328
2011-09-14,91.68186950683594,48.62051010131836,57.420719146728516,31.784486770629883,28.9044246673584,75.21871948242188,177.2100067138672
2011-09-15,93.2640380859375,49.340694427490234,58.22798156738281,32.47380065917969,29.324787139892578,74.06875610351562,174.39999389648438
2011-09-16,93.81605529785156,49.792945861816406,58.31766891479492,32.48655700683594,29.375524520874023,74.60718536376953,176.02999877929688
2011-09-19,92.88189697265625,49.810585021972656,57.27395248413086,31.593008041381836,28.50580406188965,76.02962493896484,173.30999755859375
2011-09-20,92.77381134033203,49.590579986572266,56.38518524169922,31.720664978027344,28.29560089111328,76.34873962402344,175.77999877929688
2011-09-21,90.04086303710938,48.72829818725586,54.297725677490234,30.776060104370117,27.24466323852539,78.87466430664062,173.58999633789062
2011-09-22,87.13033294677734,47.144493103027344,52.781089782714844,29.780418395996094,25.33123016357422,81.83921813964844,169.0500030517578
2011-09-23,87.65531921386719,47.64603805541992,53.32133102416992,30.11867332458496,26.00528335571289,80.31703186035156,159.8000030517578
2011-09-26,89.7397689819336,48.20037078857422,54.32818603515625,30.737777709960938,26.39665985107422,79.02748107910156,157.5800018310547
2011-09-27,90.74340057373047,48.70188522338867,55.49870681762695,31.49728775024414,27.237407684326172,77.81775665283203,160.6300048828125
2011-09-28,88.89054870605469,47.98038864135742,53.37043380737305,30.96116065979004,26.41840362548828,77.7911605834961,156.22000122070312
2011-09-29,89.59307861328125,47.40846252441406,54.29541778564453,31.567485809326172,26.78080177307129,78.32954406738281,157.6999969482422
2011-09-30,87.35421752929688,46.18540573120117,52.63374328613281,30.495235443115234,25.4399471282959,80.29707336425781,158.05999755859375
2011-10-03,84.86833953857422,44.99755859375,49.92428207397461,29.691057205200195,24.903606414794922,82.50688171386719,160.9600067138672
2011-10-04,86.72888946533203,45.92145919799805,53.034820556640625,30.188888549804688,25.28774070739746,81.46063995361328,157.63999938964844
2011-10-05,88.33470153808594,47.10049819946289,53.76335906982422,30.65479850769043,25.874814987182617,80.87421417236328,159.4600067138672
2011-10-06,89.93276977539062,47.89241409301758,54.958457946777344,31.478130340576172,26.730064392089844,79.38143920898438,160.49000549316406
2011-10-07,89.33061218261719,47.575645446777344,53.61601638793945,31.261133193969727,26.411148071289062,78.79503631591797,159.17999267578125
2011-10-10,92.31832885742188,49.22105026245117,55.965309143066406,32.45464324951172,27.592554092407227,77.68209075927734,163.27000427246094
2011-10-11,92.41094970703125,49.555397033691406,56.350006103515625,32.39720153808594,27.60704803466797,77.42227172851562,162.10000610351562
2011-10-12,93.22158813476562,49.8017578125,57.15221405029297,32.869503021240234,28.382572174072266,76.29602813720703,163.25999450683594
2011-10-13,93.03630828857422,50.25931167602539,57.10311508178711,32.88227844238281,28.128896713256836,77.05570220947266,162.3000030517578
2011-10-14,94.62667083740234,51.19199752807617,58.232723236083984,33.26521301269531,28.694231033325195,75.93614196777344,163.39999389648438
2011-10-17,92.82013702392578,50.40010452270508,56.464630126953125,32.499324798583984,27.72301483154297,77.2490005493164,162.6199951171875
2011-10-18,94.63438415527344,51.024810791015625,57.96260070800781,32.965240478515625,28.462303161621094,76.76920318603516,161.83999633789062
2011-10-19,93.51493835449219,50.039337158203125,56.83299255371094,32.371673583984375,27.918712615966797,76.74253845214844,159.8699951171875
2011-10-20,93.92410278320312,49.792945861816406,56.98850631713867,32.45464324951172,27.382368087768555,76.19606018066406,157.77000427246094
2011-10-21,95.70748901367188,50.41769027709961,58.224517822265625,33.23967742919922,28.165145874023438,75.38975524902344,159.52000427246094
2011-10-24,96.88098907470703,51.464759826660156,60.09904479980469,33.737510681152344,29.26680564880371,75.51632690429688,161.02000427246094
2011-10-25,94.99724578857422,50.45288848876953,58.412803649902344,33.156707763671875,28.686986923217773,77.43559265136719,165.58999633789062
2011-10-26,95.9622573852539,50.39129638671875,59.4196662902832,33.609859466552734,29.21607780456543,76.08280181884766,167.39999389648438
2011-10-27,99.30512237548828,51.78150939941406,62.554752349853516,35.4671516418457,30.991796493530273,73.50382995605469,169.5500030517578
2011-10-28,99.28196716308594,51.86071014404297,62.23551559448242,35.26290512084961,30.73087501525879,74.2768783569336,169.6199951171875
2011-10-31,96.88868713378906,50.989620208740234,60.58198928833008,33.431156158447266,29.578468322753906,77.22232818603516,167.33999633789062
2011-11-01,94.18661499023438,49.660987854003906,58.43735885620117,32.384437561035156,28.860925674438477,79.80730438232422,167.3800048828125
2011-11-02,95.72291564941406,50.08332443237305,59.878055572509766,32.65888214111328,29.745176315307617,78.811767578125,169.05999755859375
2011-11-03,97.46772003173828,51.121604919433594,61.367828369140625,33.482215881347656,30.049571990966797,77.72946166992188,171.72000122070312
2011-11-04,96.87325286865234,50.85763168334961,61.06496810913086,33.06096649169922,29.85388946533203,77.82295989990234,170.85000610351562
2011-11-07,97.4754638671875,51.2183837890625,60.942169189453125,33.201393127441406,30.107561111450195,78.31741333007812,174.97999572753906
2011-11-08,98.72611999511719,51.80790710449219,61.83439636230469,33.60348129272461,30.46270751953125,77.315185546875,173.52999877929688
2011-11-09,95.0821533203125,49.98656463623047,58.8875846862793,31.880226135253906,28.679729461669922,78.91871643066406,172.07000732421875
2011-11-10,95.97769927978516,49.960147857666016,59.32141876220703,32.25679397583008,28.868175506591797,77.74279022216797,171.13999938964844
2011-11-11,97.78425598144531,50.901634216308594,60.88487243652344,33.06096649169922,29.5639705657959,77.2684326171875,173.9600067138672
2011-11-14,96.85779571533203,50.584869384765625,60.00902557373047,32.47380065917969,29.15809440612793,78.51114654541016,173.1999969482422
2011-11-15,97.33644104003906,51.148014068603516,60.77024841308594,32.384437561035156,29.33929443359375,78.40422058105469,173.36000061035156
2011-11-16,95.79241180419922,50.303314208984375,59.787994384765625,31.765338897705078,28.549264907836914,79.1191635131836,171.50999450683594
2011-11-17,94.27153015136719,49.12425231933594,58.936676025390625,31.420696258544922,27.824493408203125,79.75383758544922,167.10000610351562
2011-11-18,94.17118835449219,48.74589538574219,58.920310974121094,31.529199600219727,27.933212280273438,79.7337875366211,167.6199951171875
2011-11-21,92.38008880615234,47.813209533691406,57.51237106323242,30.73139190673828,27.034473419189453,80.20819854736328,163.5
2011-11-22,92.01725769042969,47.971588134765625,57.02943801879883,30.64203453063965,27.128694534301758,81.10346221923828,165.30999755859375
2011-11-23,89.9868392944336,46.889339447021484,55.23676681518555,29.79955291748047,26.251707077026367,81.89851379394531,164.8300018310547
2011-11-25,89.81697082519531,46.52857971191406,54.532798767089844,29.646385192871094,26.164731979370117,80.709228515625,163.39999389648438
2011-11-28,92.41871643066406,48.14756774902344,57.127681732177734,30.910097122192383,27.41861343383789,80.66918182373047,166.6300048828125
2011-11-29,92.68115234375,47.84841537475586,57.02125549316406,31.114337921142578,27.295400619506836,80.00772094726562,166.8800048828125
2011-11-30,96.49494171142578,49.61698913574219,60.35279846191406,32.70355224609375,28.99864387512207,78.75834655761719,170.1300048828125
2011-12-01,96.47952270507812,49.960147857666016,59.91897201538086,32.4227294921875,28.911664962768555,78.36320495605469,169.6300048828125
2011-12-02,96.39459228515625,49.819374084472656,60.16455078125,32.416351318359375,28.824695587158203,79.4616470336914,169.82000732421875
2011-12-05,97.4445571899414,50.364891052246094,61.195926666259766,32.786521911621094,29.295791625976562,79.30084991455078,167.32000732421875
2011-12-06,97.4754638671875,50.224117279052734,61.25322723388672,32.63335037231445,28.897174835205078,78.54405975341797,168.17999267578125
2011-12-07,97.83827209472656,50.224117279052734,61.13043975830078,32.86311721801758,29.013139724731445,78.82536315917969,169.39999389648438
2011-12-08,95.6920394897461,49.37942123413086,59.23138427734375,31.784486770629883,27.969444274902344,79.80989074707031,165.97999572753906
2011-12-09,97.3133316040039,50.17131042480469,61.01584243774414,32.57591247558594,28.534778594970703,78.1689453125,166.39999389648438
2011-12-12,95.89276885986328,49.60820388793945,60.13999557495117,31.624921798706055,27.46209716796875,79.03966522216797,161.99000549316406
2011-12-13,94.99724578857422,49.06267547607422,58.8875846862793,31.197307586669922,27.208419799804688,79.77642822265625,158.4499969482422
2011-12-14,93.98589324951172,48.29715347290039,58.15085983276367,30.827131271362305,26.817031860351562,81.28340911865234,152.88999938964844
2011-12-15,94.32559204101562,48.16516876220703,58.69110107421875,30.980308532714844,26.990989685058594,80.9820327758789,152.3300018310547
2011-12-16,94.46542358398438,48.41313934326172,59.14952087402344,30.852659225463867,27.193925857543945,81.92633056640625,155.22999572753906
2011-12-19,93.45541381835938,47.936622619628906,58.12631607055664,30.565444946289062,26.49087905883789,82.96453857421875,154.8699951171875
2011-12-20,96.2834243774414,49.35740661621094,60.45921325683594,31.643491744995117,27.60092544555664,80.89490509033203,156.97999572753906
2011-12-21,96.46990966796875,48.651424407958984,60.704803466796875,31.475540161132812,27.68872833251953,79.76970672607422,157.16000366210938
2011-12-22,97.32447814941406,49.06618881225586,61.09141159057617,31.759748458862305,28.054595947265625,80.10460662841797,156.0399932861328
2011-12-23,98.19464874267578,49.489776611328125,61.32171630859375,31.979360580444336,28.164358139038086,79.21382904052734,156.30999755859375
2011-12-27,98.2723159790039,49.674373626708984,61.50266647338867,31.837261199951172,27.893613815307617,79.59005737304688,154.91000366210938
2011-12-28,96.98262786865234,49.10025405883789,60.38399887084961,31.262386322021484,27.425304412841797,81.06158447265625,151.02999877929688
2011-12-29,97.98485565185547,49.45357131958008,60.99270248413086,31.837261199951172,27.739940643310547,81.20946502685547,150.33999633789062
2011-12-30,97.503173828125,49.31224822998047,60.66366195678711,31.992273330688477,27.761899948120117,81.47145080566406,151.99000549316406
2012-01-03,99.05699920654297,50.25733947753906,61.66719436645508,32.86426544189453,28.610715866088867,80.24855041503906,155.9199981689453
2012-01-04,99.21240997314453,50.46931838989258,61.32993698120117,32.670494079589844,28.449729919433594,79.29444885253906,156.7100067138672
2012-01-05,99.47652435302734,50.88444137573242,61.67539978027344,32.18605422973633,28.32533073425293,79.1533203125,157.77999877929688
2012-01-06,99.22015380859375,51.061100006103516,61.519126892089844,31.74683952331543,27.96678924560547,79.7782211303711,157.1999969482422
2012-01-09,99.46101379394531,50.89328384399414,61.83169174194336,31.86956024169922,28.259485244750977,79.63707733154297,156.5
2012-01-10,100.3233871459961,51.264244079589844,62.73647689819336,32.353981018066406,28.87413215637207,79.50271606445312,158.63999938964844
2012-01-11,100.37777709960938,51.370235443115234,62.98325729370117,32.25064468383789,28.896085739135742,80.5374526977539,159.6699981689453
2012-01-12,100.61860656738281,51.57337951660156,63.17246627807617,32.38629150390625,29.013160705566406,80.4232177734375,160.3800048828125
2012-01-13,100.09806060791016,51.38789367675781,62.835227966308594,32.037498474121094,28.749736785888672,81.22286987304688,159.25999450683594
2012-01-17,100.48652648925781,51.85601806640625,62.810543060302734,32.4185791015625,29.298532485961914,81.59912872314453,160.5
2012-01-18,101.5975341796875,52.544960021972656,63.929222106933594,32.96114730834961,30.03759002685547,80.61138153076172,161.60000610351562
2012-01-19,102.13359832763672,52.871768951416016,64.32405090332031,33.36808395385742,30.301006317138672,79.50271606445312,161.22000122070312
2012-01-20,102.5142822265625,52.792266845703125,64.36519622802734,33.54248046875,30.279067993164062,78.6023178100586,162.07000732421875
2012-01-23,102.2501449584961,52.809940338134766,64.282958984375,33.671669006347656,30.57175636291504,78.1051254272461,163.16000366210938
2012-01-24,102.13359832763672,52.71278762817383,64.653076171875,33.484352111816406,30.615652084350586,78.2462387084961,162.00999450683594
2012-01-25,102.98819732666016,53.37523651123047,65.20414733886719,33.83314514160156,30.95958137512207,78.0581283569336,166.4199981689453
2012-01-26,102.45990753173828,53.18973159790039,65.1301498413086,33.84606170654297,30.83517837524414,79.09283447265625,167.27000427246094
2012-01-27,102.41328430175781,53.34873580932617,65.57432556152344,33.90419006347656,30.99614715576172,79.3414306640625,168.97000122070312
2012-01-30,102.06368255615234,53.39289093017578,65.0643310546875,33.50371551513672,30.549802780151367,80.27546691894531,168.02999877929688
2012-01-31,102.02485656738281,53.463558197021484,64.99853515625,33.67811965942383,30.81322479248047,81.20271301269531,169.30999755859375
2012-02-01,102.9183349609375,53.8963623046875,66.39688873291016,34.2077751159668,31.493738174438477,80.27254486083984,169.55999755859375
2012-02-02,103.0814437866211,54.06416702270508,66.77525329589844,34.27882385253906,31.5815372467041,80.23883819580078,171.0500030517578
2012-02-03,104.5264892578125,54.80609893798828,68.23119354248047,34.81492614746094,32.1083984375,78.51457214355469,167.63999938964844
2012-02-06,104.45655822753906,54.76194381713867,68.00912475585938,34.64699935913086,31.8376407623291,79.29586029052734,167.17999267578125
2012-02-07,104.72071075439453,54.876773834228516,67.96794891357422,34.86015701293945,31.903505325317383,78.31255340576172,169.6999969482422
2012-02-08,105.03152465820312,55.16822814941406,68.1160659790039,34.98287582397461,32.130340576171875,78.37313842773438,168.5
2012-02-09,105.16357421875,55.565696716308594,67.77879333496094,35.07329559326172,32.1157112121582,77.78718566894531,168.02000427246094
2012-02-10,104.38665771484375,55.17708969116211,66.84927368164062,34.408016204833984,31.405925750732422,78.79747772216797,167.13999938964844
2012-02-13,105.16357421875,55.689361572265625,67.71300506591797,34.80201721191406,31.918140411376953,78.89851379394531,167.50999450683594
2012-02-14,105.03152465820312,55.830684661865234,67.40861511230469,34.54365539550781,31.654714584350586,79.31613159179688,167.1199951171875
2012-02-15,104.54203033447266,55.44204330444336,66.84927368164062,34.58241271972656,31.742528915405273,79.17472076416016,168.11000061035156
2012-02-16,105.69966125488281,56.20164108276367,68.10780334472656,35.06039047241211,32.0864372253418,78.54153442382812,168.0
2012-02-17,105.97937774658203,56.02500534057617,68.099609375,35.21540451049805,32.14496994018555,78.5213623046875,167.35000610351562
2012-02-21,106.02597045898438,56.18398666381836,67.63894653320312,35.221866607666016,32.01325607299805,77.6524887084961,171.02000427246094
2012-02-22,105.68411254882812,55.9278450012207,67.10427856445312,35.11851501464844,32.07179260253906,78.62910461425781,172.94000244140625
2012-02-23,106.15026092529297,56.298805236816406,68.10780334472656,35.409183502197266,32.01325607299805,78.62910461425781,173.02000427246094
2012-02-24,106.38330841064453,56.493125915527344,67.97620391845703,35.622337341308594,32.33523178100586,79.14102172851562,172.22999572753906
2012-02-27,106.56201171875,56.5726318359375,67.86102294921875,35.44148254394531,32.01325607299805,79.84149169921875,171.6999969482422
2012-02-28,106.8727798461914,57.14672088623047,67.68006896972656,35.77089309692383,32.45962142944336,79.5787582397461,173.49000549316406
2012-02-29,106.45323944091797,56.890602111816406,66.6683349609375,35.30583953857422,32.437679290771484,79.09383392333984,164.2899932861328
2012-03-01,107.0048828125,57.341041564941406,67.01380920410156,35.7063102722168,32.7449836730957,78.3492431640625,166.61000061035156
2012-03-02,106.67855834960938,57.296897888183594,66.01029205322266,35.37689208984375,32.66448974609375,79.08507537841797,166.33999633789062
2012-03-05,106.24348449707031,56.705101013183594,66.08428192138672,35.189571380615234,32.101070404052734,78.45723724365234,165.64999389648438
2012-03-06,104.68965148925781,56.14864730834961,64.76822662353516,34.065673828125,31.02542495727539,79.40909576416016,162.6999969482422
2012-03-07,105.41993713378906,56.58145523071289,65.37691497802734,34.48551559448242,31.398611068725586,78.92301177978516,163.6300048828125
2012-03-08,106.46883392333984,57.190879821777344,66.22412872314453,35.22832489013672,32.057167053222656,78.13323211669922,165.27999877929688
2012-03-09,106.88055419921875,57.42937469482422,67.12071228027344,35.112060546875,32.04252624511719,78.28850555419922,166.3800048828125
2012-03-12,106.88831329345703,57.455875396728516,66.9891357421875,35.021636962890625,31.691299438476562,78.27496337890625,165.07000732421875
2012-03-13,108.8150863647461,58.52460479736328,68.32167053222656,35.59003448486328,32.55473709106445,76.89784240722656,162.3000030517578
2012-03-14,108.6985855102539,58.7277717590332,67.7623291015625,35.27354431152344,32.04252624511719,74.96037292480469,159.57000732421875
2012-03-15,109.32786560058594,58.895591735839844,68.32989501953125,35.609405517578125,32.298641204833984,75.07516479492188,161.0800018310547
2012-03-16,109.47923278808594,58.85399627685547,68.27233123779297,35.8548583984375,32.262046813964844,75.2236328125,161.3000030517578
2012-03-19,109.90841674804688,59.26983642578125,68.8481216430664,36.042179107666016,32.13766098022461,74.32579803466797,161.58999633789062
2012-03-20,109.5885009765625,59.37601089477539,68.23119354248047,35.61587142944336,31.5815372467041,74.622802734375,160.1300048828125
2012-03-21,109.40898132324219,59.38488006591797,68.21472930908203,35.38334655761719,31.640085220336914,75.4666748046875,160.2100067138672
2012-03-22,108.62089538574219,59.2609977722168,67.55671691894531,35.137901306152344,31.157136917114258,75.70966339111328,159.57000732421875
2012-03-23,108.97200012207031,59.22561264038086,68.21759033203125,35.38334655761719,31.39128875732422,76.42528533935547,161.52999877929688
2012-03-26,110.50145721435547,60.260765075683594,69.63670349121094,35.83548355102539,31.940093994140625,76.0337142944336,164.39999389648438
2012-03-27,110.15814971923828,60.349220275878906,69.14990234375,35.609405517578125,31.771787643432617,76.58055877685547,163.24000549316406
2012-03-28,109.61189270019531,60.110382080078125,68.7456283569336,35.36396789550781,31.237625122070312,76.47254180908203,161.50999450683594
2012-03-29,109.42461395263672,59.880306243896484,68.54763793945312,35.137901306152344,31.20104217529297,77.04634094238281,161.27999877929688
2012-03-30,109.87723541259766,59.76531219482422,68.32484436035156,35.45439529418945,31.42786979675293,75.7434310913086,162.1199951171875
2012-04-02,110.68092346191406,60.38463592529297,69.16641998291016,35.8677864074707,31.859600067138672,76.16304016113281,162.94000244140625
2012-04-03,110.22836303710938,60.36692810058594,68.70437622070312,35.24124526977539,31.676666259765625,74.8432846069336,159.88999938964844
2012-04-04,109.13593292236328,59.544105529785156,67.60704803466797,34.453224182128906,31.10591697692871,75.87208557128906,157.2100067138672
2012-04-05,109.08126831054688,59.91569519042969,67.30998229980469,34.24652862548828,31.274211883544922,76.4203109741211,158.30999755859375
2012-04-09,107.85616302490234,59.4644889831543,66.20437622070312,34.09796905517578,30.81322479248047,78.2071304321289,159.3699951171875
2012-04-10,106.04579162597656,58.50893783569336,64.64498138427734,33.36808395385742,30.213197708129883,79.09371948242188,161.10000610351562
2012-04-11,106.90420532226562,58.79206848144531,65.56084442138672,33.83314514160156,30.542478561401367,78.14620208740234,161.07000732421875
2012-04-12,108.30094909667969,59.4644889831543,66.50141143798828,34.453224182128906,31.32543182373047,77.8213119506836,162.6999969482422
2012-04-13,107.01348114013672,58.562034606933594,65.62684631347656,33.79438781738281,30.849803924560547,79.0801773071289,160.85000610351562
2012-04-16,106.94318389892578,57.90732955932617,65.73409271240234,34.03984069824219,30.69614601135254,78.96511840820312,160.4600067138672
2012-04-17,108.52723693847656,59.08403396606445,66.68293762207031,34.58241271972656,31.0473690032959,78.91773986816406,160.25
2012-04-18,108.16051483154297,58.93363571166992,66.17963409423828,34.40155029296875,30.901031494140625,79.14789581298828,159.30999755859375
2012-04-19,107.46602630615234,58.27004623413086,65.80010986328125,34.19485092163086,30.762008666992188,79.22232055664062,159.42999267578125
2012-04-20,107.6454849243164,58.11079025268555,66.17963409423828,34.524269104003906,30.974205017089844,79.23584747314453,159.5399932861328
2012-04-23,106.74031066894531,57.57997131347656,65.2637939453125,33.83314514160156,30.38150978088379,79.81120300292969,159.07000732421875
2012-04-24,107.14607238769531,57.2702751159668,65.75885009765625,34.104427337646484,30.447368621826172,79.24942779541016,159.3000030517578
2012-04-25,108.61309814453125,58.79206848144531,66.78193664550781,34.56949234008789,30.725427627563477,78.84330749511719,159.6199951171875
2012-04-26,109.37003326416016,59.13711166381836,67.44202423095703,34.77618408203125,30.915668487548828,79.31707763671875,161.02999877929688
2012-04-27,109.5494613647461,59.491031646728516,67.97007751464844,34.91828536987305,30.95958137512207,79.3847427368164,161.3800048828125
2012-04-30,109.1436996459961,59.066322326660156,67.21924591064453,34.71805191040039,30.893705368041992,79.40507507324219,161.8800048828125
2012-05-01,109.82258605957031,59.163665771484375,67.28524017333984,34.86015701293945,31.098600387573242,78.99325561523438,161.32000732421875
2012-05-02,109.49488830566406,59.331764221191406,67.46674346923828,34.588863372802734,31.04006576538086,79.54962158203125,160.58999633789062
2012-05-03,108.65991973876953,58.70359802246094,66.51792907714844,34.2852897644043,30.805889129638672,79.5291976928711,158.97000122070312
2012-05-04,106.90420532226562,57.24373245239258,65.25556182861328,33.762088775634766,30.264415740966797,80.15338897705078,159.47000122070312
2012-05-07,106.98220825195312,57.296836853027344,65.42880249023438,34.00754165649414,30.37417984008789,80.1670150756836,159.0800018310547
2012-05-08,106.55305480957031,57.0844841003418,65.38758087158203,33.484352111816406,29.891239166259766,80.59439086914062,156.0
2012-05-09,105.92095184326172,56.90754318237305,65.01626586914062,33.096805572509766,29.50342559814453,80.64872741699219,154.47000122070312
2012-05-10,106.13947296142578,56.792510986328125,65.2637939453125,33.25181579589844,29.627811431884766,80.41122436523438,154.77000427246094
2012-05-11,105.81951904296875,56.783668518066406,65.09880065917969,33.045127868652344,29.247318267822266,81.07611846923828,153.55999755859375
2012-05-14,104.64901733398438,56.2528076171875,64.23243713378906,32.412132263183594,28.581438064575195,82.20915222167969,151.3300018310547
2012-05-15,104.0482177734375,56.0670280456543,64.11692810058594,32.00519561767578,28.332651138305664,82.54161834716797,149.74000549316406
2012-05-16,103.65023040771484,55.68657302856445,63.6549072265625,31.688697814941406,27.930200576782227,82.77904510498047,149.4600067138672
2012-05-17,102.11296844482422,54.50984573364258,62.211002349853516,31.301145553588867,27.549697875976562,84.24458312988281,152.8000030517578
2012-05-18,101.2390365600586,53.80205154418945,61.62517547607422,31.0750789642334,27.286279678344727,84.264892578125,154.5500030517578
2012-05-21,102.97916412353516,55.30615234375,63.07733917236328,31.759748458862305,27.93751335144043,84.0884780883789,154.64999389648438
2012-05-22,103.15864562988281,55.24419021606445,62.697811126708984,31.643491744995117,27.64482307434082,83.1522445678711,152.0800018310547
2012-05-23,103.21324157714844,55.35037612915039,63.10207748413086,31.3851261138916,27.454574584960938,83.72891235351562,151.6199951171875
2012-05-24,103.41613006591797,54.98761749267578,63.23411178588867,31.178430557250977,27.3155460357666,83.40998840332031,151.41000366210938
2012-05-25,103.08062744140625,54.916831970214844,63.19285583496094,31.0686092376709,27.18383026123047,83.72213745117188,152.67999267578125
2012-05-29,104.32911682128906,55.61579895019531,64.10868835449219,31.46263313293457,27.95215606689453,83.46434020996094,151.02000427246094
2012-05-30,102.81529998779297,55.14687728881836,62.87931823730469,30.719825744628906,27.469205856323242,85.58109283447266,151.91000366210938
2012-05-31,102.58901977539062,54.90799331665039,62.79683303833008,30.848995208740234,27.586286544799805,86.57166290283203,151.6199951171875
2012-06-01,100.0061264038086,53.44814682006836,60.90738296508789,30.067440032958984,26.84723472595215,88.62686157226562,157.5
2012-06-04,99.95931243896484,53.855133056640625,60.767120361328125,30.319353103637695,26.964311599731445,87.92662811279297,157.32000732421875
2012-06-05,100.71621704101562,54.076316833496094,61.55095291137695,30.538965225219727,27.03748893737793,86.75047302246094,157.13999938964844
2012-06-06,102.97916412353516,55.31498336791992,63.06907653808594,31.391576766967773,27.827749252319336,85.01679992675781,157.2100067138672
2012-06-07,103.04158782958984,55.093788146972656,62.65654373168945,31.436790466308594,27.996055603027344,85.14598083496094,154.5
2012-06-08,103.86092376708984,55.62464141845703,63.50639724731445,31.333450317382812,27.754589080810547,85.1255874633789,154.72999572753906
2012-06-11,102.54218292236328,54.68679428100586,62.10375213623047,31.029863357543945,27.352130889892578,85.51307678222656,155.36000061035156
2012-06-12,103.720458984375,55.35037612915039,62.8875617980957,31.546600341796875,27.922889709472656,84.73128509521484,156.4600067138672
2012-06-13,103.05718231201172,54.969932556152344,62.1614990234375,31.294689178466797,27.820444107055664,85.56749725341797,157.1199951171875
2012-06-14,104.149658203125,55.17340850830078,62.87106704711914,31.5272159576416,28.018014907836914,85.45870971679688,157.75
2012-06-15,105.21480560302734,55.85890579223633,63.71263885498047,31.972900390625,28.53022003173828,85.93461608886719,157.83999633789062
2012-06-18,105.41877746582031,56.382102966308594,63.786922454833984,31.88247299194336,28.58876609802246,86.39694213867188,157.92999267578125
2012-06-19,106.43846130371094,56.96738815307617,64.89253997802734,32.412132263183594,29.04974365234375,85.2684097290039,157.16000366210938
2012-06-20,106.265869140625,57.01172637939453,64.79351043701172,32.599449157714844,28.954620361328125,85.68986511230469,155.97000122070312
2012-06-21,103.88138580322266,55.592872619628906,63.21759033203125,31.746139526367188,27.894248962402344,86.14535522460938,152.02000427246094
2012-06-22,104.68144226074219,56.17815399169922,63.93541717529297,32.017127990722656,27.983102798461914,84.9964370727539,152.63999938964844
2012-06-25,103.00288391113281,55.09626388549805,62.937076568603516,31.303285598754883,27.46476173400879,86.2337646484375,153.75999450683594
2012-06-26,103.52059173583984,55.442115783691406,63.18333435058594,31.5081787109375,27.70171546936035,85.89381408691406,152.6199951171875
2012-06-27,104.4539566040039,55.77909469604492,64.21153259277344,31.805620193481445,27.879432678222656,86.0298080444336,152.8300018310547
2012-06-28,104.15591430664062,55.15834426879883,64.10372924804688,31.87171745300293,27.74614906311035,86.24055480957031,151.0500030517578
2012-06-29,106.7521743774414,56.896453857421875,65.9693832397461,33.02179718017578,28.975358963012695,85.11882781982422,155.19000244140625
2012-07-02,107.07376098632812,57.06493377685547,66.73224639892578,33.23991394042969,28.975358963012695,85.99703216552734,155.08999633789062
2012-07-03,107.77971649169922,57.54381561279297,67.60285949707031,33.543968200683594,29.552946090698242,85.33612823486328,157.4600067138672
2012-07-05,107.29339599609375,57.57926940917969,67.52824401855469,32.98875427246094,29.241939544677734,85.77222442626953,155.67999267578125
2012-07-06,106.27375793457031,56.86097717285156,66.77368927001953,32.6780891418457,28.708776473999023,86.56929779052734,153.7100067138672
2012-07-09,106.14036560058594,56.75456237792969,66.51664733886719,32.60539245605469,28.605117797851562,87.3323974609375,154.0399932861328
2012-07-10,105.21480560302734,56.195892333984375,65.77867889404297,32.38727951049805,28.28670310974121,87.50955200195312,152.14999389648438
2012-07-11,105.23049926757812,55.88551330566406,65.55480194091797,32.486427307128906,28.434804916381836,87.61862182617188,152.99000549316406
2012-07-12,104.72064971923828,55.3622932434082,65.3309097290039,32.16254425048828,27.960886001586914,88.23861694335938,152.58999633789062
2012-07-13,106.47764587402344,56.20476150512695,66.14348602294922,32.61859893798828,28.501447677612305,88.0069351196289,154.13999938964844
2012-07-16,106.22661590576172,56.045127868652344,65.8781967163086,32.61199951171875,28.434804916381836,88.41575622558594,154.2100067138672
2012-07-17,106.9560775756836,56.337764739990234,66.11031341552734,32.70453643798828,28.812448501586914,87.72074890136719,153.47000122070312
2012-07-18,107.74830627441406,57.10041427612305,66.51664733886719,32.962310791015625,28.73841094970703,87.76846313476562,153.0500030517578
2012-07-19,108.03068542480469,57.730037689208984,66.29273986816406,33.266353607177734,29.004976272583008,87.54366302490234,153.3800048828125
2012-07-20,107.04236602783203,56.96738815307617,65.44700622558594,32.486427307128906,28.57549285888672,88.6133041381836,153.6699981689453
2012-07-23,105.95997619628906,56.27568435668945,64.40221405029297,31.818843841552734,27.827598571777344,89.11066436767578,153.02999877929688
2012-07-24,105.05011749267578,55.83229446411133,63.55648422241211,31.475147247314453,27.70911407470703,89.81245422363281,153.52000427246094
2012-07-25,105.0736083984375,55.45984649658203,63.69742965698242,31.640377044677734,27.8424129486084,90.04407501220703,155.6699981689453
2012-07-26,106.80711364746094,56.195892333984375,64.24468231201172,32.60539245605469,28.471826553344727,89.21966552734375,156.77000427246094
2012-07-27,108.77582550048828,57.52607345581055,65.7703857421875,33.29279327392578,29.27155113220215,87.53681182861328,157.5399932861328
2012-07-30,108.77582550048828,57.481727600097656,65.54646301269531,33.25313949584961,29.101242065429688,88.19093322753906,157.42999267578125
2012-07-31,108.01499938964844,57.46398162841797,64.96605682373047,33.04822540283203,28.967952728271484,88.36803436279297,156.49000549316406
2012-08-01,107.92088317871094,57.29549789428711,63.89646530151367,33.05484390258789,29.019790649414062,87.92627716064453,155.13999938964844
2012-08-02,107.17574310302734,57.09154510498047,63.66425704956055,32.59217071533203,28.679161071777344,88.42473602294922,154.1300048828125
2012-08-03,109.3013916015625,58.17344284057617,65.18168640136719,33.70259475708008,29.567747116088867,86.99772644042969,155.5500030517578
2012-08-06,109.51315307617188,58.6168098449707,65.68743896484375,33.94053649902344,29.75288200378418,87.03186798095703,156.3000030517578
2012-08-07,110.06221008300781,59.104557037353516,66.28447723388672,34.22474670410156,29.834333419799805,85.91212463378906,156.27999877929688
2012-08-08,110.19554138183594,59.077938079833984,66.18496704101562,34.20492172241211,29.893564224243164,85.4546890258789,156.47999572753906
2012-08-09,110.28964233398438,59.25530242919922,66.50003051757812,34.22474670410156,30.019453048706055,85.39327239990234,156.99000549316406
2012-08-10,110.47004699707031,59.290802001953125,66.26789855957031,34.28423309326172,30.160144805908203,85.82341766357422,157.17999267578125
2012-08-13,110.41516876220703,59.43266677856445,66.16007232666016,34.11900329589844,29.893564224243164,85.68000793457031,155.99000549316406
2012-08-14,110.43085479736328,59.45928955078125,66.00251770019531,34.19831848144531,29.88616371154785,84.51932525634766,155.1300048828125
2012-08-15,110.55638122558594,59.61002731323242,66.58296203613281,34.09916305541992,29.841733932495117,83.33131408691406,155.6300048828125
2012-08-16,111.37210083007812,60.31945037841797,67.2795181274414,34.52218246459961,30.115718841552734,82.62120819091797,156.55999755859375
2012-08-17,111.52110290527344,60.585506439208984,67.75212860107422,34.56846237182617,29.967622756958008,83.02404022216797,156.72000122070312
2012-08-20,111.52898406982422,60.67416763305664,67.60285949707031,34.5287971496582,29.95281219482422,83.19477081298828,157.25999450683594
2012-08-21,111.19169616699219,60.43475341796875,67.56143951416016,34.727088928222656,29.90837860107422,83.56343078613281,158.8300018310547
2012-08-22,111.23877716064453,60.68306350708008,67.2380142211914,34.68743133544922,29.923179626464844,84.9426040649414,160.5399932861328
2012-08-23,110.32886505126953,60.18642807006836,66.76539611816406,34.48914337158203,29.649200439453125,85.29761505126953,161.88999938964844
2012-08-24,110.9955825805664,60.558902740478516,66.94779205322266,34.436256408691406,29.6566219329834,85.2156982421875,161.97000122070312
2012-08-27,111.01914978027344,60.656436920166016,67.14681243896484,34.45610046386719,29.35300636291504,85.71412658691406,161.36000061035156
2012-08-28,110.90934753417969,60.656436920166016,67.45359802246094,34.42304992675781,29.29376792907715,85.9189453125,161.63999938964844
2012-08-29,110.9955825805664,60.656436920166016,67.66094207763672,34.31728744506836,29.153085708618164,85.54348754882812,160.58999633789062
2012-08-30,110.19554138183594,60.044532775878906,66.98927307128906,33.80834197998047,28.812448501586914,85.98723602294922,160.52000427246094
2012-08-31,110.72106170654297,60.44362258911133,67.26290893554688,34.10578155517578,29.086435317993164,87.20258331298828,164.22000122070312
2012-09-04,110.61907196044922,60.38151931762695,68.08378601074219,33.93392562866211,28.923524856567383,87.11500549316406,164.47999572753906
2012-09-05,110.52497100830078,60.31945037841797,68.10034942626953,33.841392517089844,28.775434494018555,86.70447540283203,164.30999755859375
2012-09-06,112.76825714111328,61.65850830078125,69.35240936279297,34.680816650390625,29.41224479675293,85.26071166992188,164.88999938964844
2012-09-07,113.20750427246094,61.569828033447266,69.86651611328125,35.2029914855957,30.093503952026367,84.86387634277344,168.44000244140625
2012-09-10,112.56429290771484,60.780601501464844,69.55142974853516,34.92537307739258,29.70844078063965,85.06914520263672,167.2899932861328
2012-09-11,112.87810516357422,60.68306350708008,69.70065307617188,35.321964263916016,30.063875198364258,84.53550720214844,167.89999389648438
2012-09-12,113.25452423095703,60.86039352416992,70.05721282958984,35.55329132080078,30.197160720825195,83.48180389404297,167.9199981689453
2012-09-13,114.98016357421875,61.68509292602539,70.97758483886719,36.09528732299805,31.01170539855957,83.15333557128906,171.30999755859375
2012-09-14,115.49004364013672,62.234928131103516,71.64094543457031,36.452205657958984,31.374540328979492,80.94329071044922,171.8000030517578
2012-09-17,115.09783935546875,62.261512756347656,71.30924987792969,36.26052474975586,31.033926010131836,81.9149169921875,170.39999389648438
2012-09-18,115.00370025634766,62.31474685668945,71.07711791992188,36.108497619628906,31.048730850219727,82.3254165649414,171.72000122070312
2012-09-19,115.0664291381836,62.430015563964844,70.9527359008789,36.26052474975586,31.048730850219727,82.86600494384766,171.74000549316406
2012-09-20,115.07429504394531,62.367958068847656,70.63764953613281,36.0291862487793,30.86360740661621,83.07125091552734,171.47000122070312
2012-09-21,115.02620697021484,62.38572692871094,70.89469909667969,36.04901123046875,30.93765640258789,83.16706085205078,171.9600067138672
2012-09-24,114.85269927978516,62.02111053466797,70.66327667236328,35.92343521118164,30.908039093017578,83.8170166015625,171.0500030517578
2012-09-25,113.63046264648438,61.14956283569336,69.64774322509766,35.67226791381836,30.44894027709961,84.64491271972656,170.77000427246094
2012-09-26,112.99168395996094,60.651573181152344,69.20657348632812,35.315345764160156,30.30823516845703,85.55494689941406,169.80999755859375
2012-09-27,114.0562515258789,61.487510681152344,69.95574188232422,35.73836135864258,30.78956413269043,84.94601440429688,172.33999633789062
2012-09-28,113.52791595458984,60.9806022644043,69.45626831054688,35.031131744384766,30.604434967041016,84.99394226074219,171.88999938964844
2012-10-01,113.8276138305664,60.89165115356445,69.68936920166016,35.315345764160156,30.908039093017578,85.30927276611328,172.2899932861328
2012-10-02,113.94588470458984,61.06956481933594,69.82255554199219,35.45414352416992,30.952468872070312,85.19274139404297,172.10000610351562
2012-10-03,114.4111328125,61.46083068847656,69.62277221679688,35.308719635009766,30.745126724243164,85.22018432617188,172.41000366210938
2012-10-04,115.23120880126953,61.674251556396484,70.09723663330078,35.73836135864258,31.063541412353516,84.15740966796875,173.61000061035156
2012-10-05,115.23910522460938,61.34524917602539,70.01399230957031,35.78462219238281,31.063541412353516,83.06719970703125,172.6199951171875
2012-10-08,114.8447494506836,60.78495407104492,69.57281494140625,35.5731315612793,30.78956413269043,83.76654815673828,172.0500030517578
2012-10-09,113.70927429199219,59.81558609008789,68.75704193115234,35.05757141113281,30.560009002685547,83.6156997680664,170.99000549316406
2012-10-10,112.98384857177734,59.51322937011719,68.64888000488281,34.95842742919922,30.374889373779297,84.2054214477539,170.83999633789062
2012-10-11,113.04693603515625,59.32648468017578,68.89855194091797,35.18315124511719,30.656274795532227,84.78823852539062,171.32000732421875
2012-10-12,112.67631530761719,59.2997932434082,68.34086608886719,35.143489837646484,30.560009002685547,85.00074768066406,170.05999755859375
2012-10-15,113.61467742919922,59.73554611206055,68.79036712646484,35.48720169067383,30.737730026245117,84.80878448486328,168.35000610351562
2012-10-16,114.76596069335938,60.580413818359375,69.29813385009766,36.07545471191406,31.056135177612305,83.63630676269531,169.4199981689453
2012-10-17,115.28642272949219,60.54481506347656,69.92243194580078,36.41254806518555,31.300508499145508,82.8614730834961,169.5399932861328
2012-10-18,114.98674774169922,59.84227752685547,69.53954315185547,36.27373504638672,31.21163558959961,82.35415649414062,168.7899932861328
2012-10-19,113.07059478759766,58.410465240478516,68.13277435302734,35.78462219238281,30.730314254760742,83.47174835205078,166.97000122070312
2012-10-22,113.08631896972656,58.71281814575195,68.1161117553711,36.03579330444336,31.026517868041992,82.93693542480469,167.5800018310547
2012-10-23,111.51714324951172,58.15256118774414,67.77481842041016,35.2624626159668,30.389686584472656,84.1231460571289,165.42999267578125
2012-10-24,111.20169830322266,57.948028564453125,67.59168243408203,35.28229904174805,30.419321060180664,83.29347229003906,164.86000061035156
2012-10-25,111.52499389648438,57.948028564453125,67.86638641357422,35.493804931640625,30.75253677368164,82.86834716796875,166.02000427246094
2012-10-26,111.46195220947266,58.116973876953125,67.54179382324219,35.44092559814453,30.515583038330078,84.08885955810547,165.92999267578125
2012-10-31,111.46195220947266,57.761253356933594,67.94961547851562,35.414493560791016,30.471149444580078,84.58252716064453,166.8300018310547
2012-11-01,112.62904357910156,58.579437255859375,68.6655044555664,35.83090591430664,30.96727180480957,83.89002227783203,166.07000732421875
2012-11-02,111.62751770019531,57.95691680908203,67.5833969116211,35.48720169067383,30.80436897277832,83.82830047607422,162.60000610351562
2012-11-05,111.85619354248047,58.33934783935547,68.03288269042969,35.40127182006836,30.952468872070312,84.30137634277344,163.22999572753906
2012-11-06,112.7314682006836,58.44605255126953,68.54061889648438,35.73836135864258,31.19683265686035,83.50605010986328,166.3000030517578
2012-11-07,110.17658996582031,57.067604064941406,66.87581634521484,35.2029914855957,30.685882568359375,85.02130126953125,166.49000549316406
2012-11-08,108.85182189941406,56.16938400268555,65.9352035522461,34.885719299316406,30.300846099853516,86.28292846679688,167.99000549316406
2012-11-09,108.94646453857422,56.409507751464844,66.07671356201172,34.89893341064453,30.36007308959961,86.37895965576172,167.82000732421875
2012-11-12,109.03321075439453,56.40058898925781,65.88524627685547,34.872501373291016,30.471149444580078,86.52291870117188,167.4499969482422
2012-11-13,108.65463256835938,56.00930404663086,65.51067352294922,34.70063781738281,30.197160720825195,86.8108901977539,167.10000610351562
2012-11-14,107.18798828125,55.351200103759766,64.29534912109375,34.33711242675781,29.730655670166016,86.8931884765625,167.13999938964844
2012-11-15,107.00664520263672,55.164451599121094,63.96238708496094,34.4494743347168,29.834333419799805,86.72180938720703,166.08999633789062
2012-11-16,107.53497314453125,55.404571533203125,64.4951171875,34.42965316772461,29.923179626464844,86.64631652832031,165.8800048828125
2012-11-19,109.71134948730469,56.720767974853516,65.86029052734375,35.17654800415039,30.44894027709961,86.15950775146484,167.8699951171875
2012-11-20,109.75861358642578,56.73855209350586,65.97679901123047,35.22941970825195,30.389686584472656,85.29560089111328,167.38999938964844
2012-11-21,109.96366119384766,56.85416793823242,66.32643127441406,35.28890609741211,30.33045768737793,85.24756622314453,167.55999755859375
2012-11-23,111.46195220947266,57.716819763183594,66.98404693603516,36.04901123046875,30.82657814025879,85.16532135009766,169.61000061035156
2012-11-26,111.2253646850586,57.96582794189453,67.20044708251953,35.963096618652344,30.82657814025879,85.56989288330078,169.42999267578125
2012-11-27,110.6575927734375,57.77014923095703,67.11721801757812,35.78462219238281,30.567411422729492,85.90585327148438,168.7100067138672
2012-11-28,111.54867553710938,58.268184661865234,67.68327331542969,36.04240798950195,30.737730026245117,85.78236389160156,166.5500030517578
2012-11-29,112.06910705566406,58.61501693725586,68.45741271972656,36.35305404663086,30.959871292114258,85.79610443115234,167.17999267578125
2012-11-30,112.09278106689453,58.517215728759766,68.32422637939453,36.399330139160156,30.9450626373291,85.56297302246094,166.0500030517578
2012-12-03,111.54076385498047,58.401580810546875,68.249267578125,36.44559097290039,30.930246353149414,85.64204406738281,166.1300048828125
2012-12-04,111.38301086425781,58.36602783203125,68.33252716064453,36.53813552856445,31.019115447998047,86.13665008544922,164.4199981689453
2012-12-05,111.58023071289062,57.716819763183594,68.249267578125,36.59101104736328,31.352325439453125,86.09545135498047,164.1199951171875
2012-12-06,111.95868682861328,58.090309143066406,68.35749816894531,36.66371536254883,31.589296340942383,86.28096008300781,164.5
2012-12-07,112.29778289794922,57.74348068237305,68.40744018554688,36.67693328857422,31.685556411743164,85.4840087890625,165.16000366210938
2012-12-10,112.3450927734375,57.91246032714844,68.70712280273438,36.716583251953125,31.86326026916504,85.86186981201172,165.8000030517578
2012-12-11,113.11002349853516,58.66837692260742,69.43130493164062,36.9281005859375,32.02617645263672,85.20919036865234,165.64999389648438
2012-12-12,113.16517639160156,58.54387664794922,69.04010009765625,37.04707336425781,32.12244415283203,84.21987915039062,165.77000427246094
2012-12-13,112.4712905883789,58.0814094543457,68.59893035888672,36.93471145629883,31.98174285888672,84.28173828125,164.3699951171875
2012-12-14,112.05330657958984,57.53004455566406,68.55729675292969,37.06689453125,32.12244415283203,84.91378021240234,164.1300048828125
2012-12-17,113.37020111083984,58.29485321044922,69.52288055419922,37.21892166137695,32.20390319824219,83.6427993774414,164.44000244140625
2012-12-18,114.6319351196289,59.18417739868164,70.47183227539062,37.60648727416992,32.42887878417969,82.79092407226562,162.0800018310547
2012-12-19,113.78028869628906,58.92626190185547,70.62885284423828,37.7401237487793,32.413978576660156,83.0657730102539,161.69000244140625
2012-12-20,114.43476867675781,58.92626190185547,70.98146057128906,37.994049072265625,32.60767364501953,83.07952117919922,159.72999572753906
2012-12-21,113.39600372314453,58.306549072265625,70.6876220703125,37.760169982910156,32.23518371582031,83.98634338378906,160.3300018310547
2012-12-24,113.0466079711914,58.1902961730957,70.34336853027344,37.659942626953125,32.16813278198242,83.8351821899414,160.6199951171875
2012-12-26,112.57011413574219,57.680545806884766,69.83958435058594,37.653263092041016,32.264976501464844,84.13676452636719,160.77999877929688
2012-12-27,112.41922760009766,57.591121673583984,69.78923797607422,37.82698440551758,32.446815490722656,84.41902160644531,161.16000366210938
2012-12-28,111.2042465209961,57.036678314208984,69.29386138916016,37.42605972290039,32.56604766845703,84.90103149414062,160.5399932861328
2012-12-31,113.09423828125,58.24394226074219,70.7967758178711,37.994049072265625,33.05043029785156,83.43443298339844,162.02000427246094
2013-01-02,115.99288177490234,60.09507751464844,72.87902069091797,38.582061767578125,33.69878387451172,82.31903076171875,163.1699981689453
2013-01-03,115.73082733154297,59.78208923339844,72.7110824584961,38.20786666870117,33.46031188964844,81.20362091064453,161.1999969482422
2013-01-04,116.239013671875,59.58535385131836,73.24846649169922,38.401641845703125,33.52738571166992,81.52035522460938,160.44000244140625
2013-01-07,115.92140197753906,59.603240966796875,72.97136688232422,38.23460006713867,33.27401351928711,81.55477905273438,159.42999267578125
2013-01-08,115.58785247802734,59.486968994140625,72.92101287841797,38.02077102661133,32.97591781616211,82.09183502197266,160.55999755859375
2013-01-09,115.8817138671875,59.71052551269531,73.27364349365234,38.214542388916016,33.11750793457031,82.01612091064453,160.49000549316406
2013-01-10,116.80296325683594,60.06826400756836,73.44156646728516,38.70233154296875,33.408145904541016,81.78887939453125,161.97999572753906
2013-01-11,116.79500579833984,60.14873504638672,73.3324203491211,38.78252410888672,33.13986587524414,82.51872253417969,161.05999755859375
2013-01-14,116.71556091308594,59.88046646118164,73.37438201904297,38.82929229736328,33.281455993652344,82.29151916503906,161.5399932861328
2013-01-15,116.79500579833984,59.58535385131836,73.6934585571289,38.769161224365234,33.13986587524414,82.67027282714844,162.55999755859375
2013-01-16,116.77908325195312,59.82682418823242,73.47515106201172,38.582061767578125,33.11006546020508,82.84236145019531,162.64999389648438
2013-01-17,117.53356170654297,60.11297607421875,74.15522003173828,38.8961067199707,33.296356201171875,82.01612091064453,163.35000610351562
2013-01-18,117.7956314086914,59.97883605957031,74.36518096923828,38.856014251708984,33.370887756347656,82.64954376220703,163.08999633789062
2013-01-22,118.4309310913086,60.077205657958984,74.90252685546875,38.876068115234375,33.31871795654297,82.80789947509766,163.6699981689453
2013-01-23,118.6214828491211,60.443851470947266,74.72618865966797,38.835975646972656,33.13986587524414,82.68400573730469,163.2100067138672
2013-01-24,118.65331268310547,59.6121940612793,74.96968841552734,39.023067474365234,33.020633697509766,82.39484405517578,161.4199981689453
2013-01-25,119.32038116455078,59.916236877441406,75.51544189453125,39.44404602050781,32.908851623535156,81.26563262939453,160.64999389648438
2013-01-28,119.17742919921875,60.05040740966797,75.5657958984375,39.250267028808594,32.677833557128906,80.96956634521484,160.2899932861328
2013-01-29,119.64592742919922,60.05931091308594,75.6078109741211,39.51753616333008,33.042991638183594,80.5220718383789,160.99000549316406
2013-01-30,119.17742919921875,59.934120178222656,74.70097351074219,39.55763244628906,32.88649368286133,80.38434600830078,162.19000244140625
2013-01-31,118.8835678100586,59.799991607666016,75.21318054199219,39.410621643066406,32.95355987548828,80.77679443359375,161.1999969482422
2013-02-01,120.10655975341797,60.506439208984375,75.8764877319336,39.72468948364258,33.169681549072266,79.7279281616211,161.4499969482422
2013-02-04,118.75655364990234,59.45119857788086,74.96125793457031,39.00971221923828,32.7299919128418,80.74919128417969,162.0
2013-02-05,119.9556884765625,60.327598571777344,75.63297271728516,39.19013214111328,32.76725769042969,80.03150177001953,161.9600067138672
2013-02-06,120.04308319091797,60.130859375,75.95201110839844,39.18344497680664,32.7299919128418,80.68708038330078,162.38999938964844
2013-02-07,119.88423919677734,60.18450927734375,75.70014953613281,38.862709045410156,32.439353942871094,80.50763702392578,161.83999633789062
2013-02-08,120.55131530761719,60.80156707763672,76.23748779296875,39.10993576049805,32.677833557128906,80.81818389892578,161.57000732421875
2013-02-11,120.52748107910156,60.8194465637207,76.15355682373047,39.069847106933594,32.66292953491211,80.75608825683594,159.6999969482422
2013-02-12,120.72602081298828,60.569061279296875,76.4893798828125,39.26362609863281,32.75235366821289,80.55595397949219,159.88999938964844
2013-02-13,120.82921600341797,60.783653259277344,76.80843353271484,39.357173919677734,32.91630172729492,79.900390625,159.0500030517578
2013-02-14,120.9404525756836,60.76579666137695,77.0015640258789,39.14335250854492,32.90140151977539,80.6249771118164,158.35000610351562
2013-02-15,120.7974624633789,60.586917877197266,77.0267562866211,39.04311752319336,32.78215408325195,80.3903579711914,155.75999450683594
2013-02-19,121.7027816772461,61.02511978149414,77.70682525634766,39.504180908203125,32.84923553466797,79.99009704589844,155.3300018310547
2013-02-20,120.18598937988281,60.08614730834961,76.2626724243164,39.11662673950195,32.5586051940918,80.23167419433594,151.44000244140625
2013-02-21,119.45536804199219,59.442283630371094,75.52381896972656,38.52861404418945,32.11147689819336,80.7009048461914,152.6199951171875
2013-02-22,120.62279510498047,60.04142761230469,76.43059539794922,39.083213806152344,32.25305938720703,80.75608825683594,152.97000122070312
2013-02-25,118.32770538330078,59.29918670654297,74.74299621582031,38.14772033691406,31.820831298828125,82.34317779541016,154.33999633789062
2013-02-26,119.13771057128906,59.52275085449219,75.03684997558594,38.45509719848633,31.99968910217285,81.86707305908203,156.22000122070312
2013-02-27,120.63867950439453,60.130859375,75.82608032226562,38.94288635253906,32.34994125366211,81.62552642822266,154.57000732421875
2013-02-28,120.40034484863281,60.00564956665039,75.96882629394531,38.90279769897461,32.20088195800781,81.77737426757812,153.0
2013-03-01,120.7974624633789,60.25605773925781,76.31306457519531,38.82261657714844,32.275413513183594,82.22266387939453,152.44000244140625
2013-03-04,121.44074249267578,60.52431869506836,76.51457977294922,38.98965835571289,31.969873428344727,81.78701782226562,152.3000030517578
2013-03-05,122.52871704101562,61.41862487792969,77.40457916259766,39.377220153808594,32.35738754272461,81.55189514160156,152.3800048828125
2013-03-06,122.69549560546875,61.2665901184082,77.6061019897461,39.477447509765625,32.51388168334961,80.81198120117188,153.22999572753906
2013-03-07,122.9178237915039,61.42755889892578,77.97554016113281,39.59104537963867,32.603309631347656,80.18962860107422,152.69000244140625
2013-03-08,123.44200897216797,61.49909591674805,78.69759368896484,39.67790985107422,32.88649368286133,79.35283660888672,152.7100067138672
2013-03-11,123.91051483154297,61.677947998046875,78.67241668701172,39.79819107055664,32.7076416015625,79.428955078125,152.99000549316406
2013-03-12,123.63258361816406,61.45439910888672,78.51288604736328,39.59772491455078,32.33503341674805,80.00289154052734,154.19000244140625
2013-03-13,123.8072738647461,61.37389373779297,78.80674743652344,39.5375862121582,32.02949523925781,79.91996765136719,153.66000366210938
2013-03-14,124.46636962890625,61.57958221435547,79.59603118896484,39.92515182495117,32.16363525390625,79.67787170410156,153.67999267578125
2013-03-15,124.30207824707031,61.408382415771484,79.55398559570312,40.00532913208008,31.872995376586914,80.0512924194336,154.0
2013-03-18,123.61605834960938,61.273921966552734,79.1174087524414,39.5643196105957,31.51529884338379,80.65984344482422,155.3800048828125
2013-03-19,123.32898712158203,61.15740203857422,78.78153228759766,39.44404602050781,31.291717529296875,81.20613861083984,156.0800018310547
2013-03-20,124.19042205810547,61.58763122558594,79.51203918457031,39.68458938598633,31.4705810546875,80.30028533935547,155.3699951171875
2013-03-21,123.12947845458984,60.88848114013672,78.81513977050781,39.323753356933594,31.150127410888672,81.07476806640625,156.25
2013-03-22,124.11862182617188,61.480064392089844,79.05864715576172,39.6645393371582,31.269371032714844,81.13699340820312,155.5500030517578
2013-03-25,123.6001205444336,61.256011962890625,79.10408020019531,39.170082092285156,31.23956298828125,81.06092071533203,155.24000549316406
2013-03-26,124.58927154541016,61.58763122558594,79.35669708251953,39.41731262207031,31.68669319152832,81.15776824951172,154.72000122070312
2013-03-27,124.58927154541016,61.668331146240234,79.40721893310547,39.22353744506836,31.805931091308594,81.84927368164062,155.36000061035156
2013-03-28,124.97221374511719,61.82069778442383,79.50823974609375,39.410621643066406,31.872995376586914,81.43436431884766,154.4499969482422
2013-04-01,124.47759246826172,61.3994140625,78.43894958496094,38.882747650146484,31.53019905090332,82.04769134521484,154.6699981689453
2013-04-02,125.09183502197266,61.883445739746094,77.95056915283203,39.29703140258789,31.54510498046875,81.71503448486328,152.42999267578125
2013-04-03,123.823486328125,61.31874465942383,76.72972106933594,39.10325241088867,31.172500610351562,82.44965362548828,150.72999572753906
2013-04-04,124.32596588134766,61.33669662475586,77.38648223876953,39.45071792602539,31.083059310913086,83.43378448486328,150.2899932861328
2013-04-05,123.76771545410156,60.825740814208984,77.2348861694336,39.27030563354492,31.008546829223633,85.1178207397461,152.80999755859375
2013-04-08,124.60527038574219,61.148441314697266,77.87479400634766,39.42399978637695,31.060712814331055,84.46632385253906,152.16000366210938
2013-04-09,125.03595733642578,61.560768127441406,77.6474838256836,39.5643196105957,31.36625099182129,84.25843811035156,153.33999633789062
2013-04-10,126.56752014160156,62.761844635009766,79.05355072021484,40.15233612060547,31.664331436157227,83.1010971069336,150.75
2013-04-11,126.9822769165039,62.73496627807617,79.16301727294922,40.466392517089844,31.69413948059082,83.26053619384766,151.0500030517578
2013-04-12,126.67119598388672,62.690147399902344,78.84310150146484,40.36616897583008,31.20975685119629,84.50104522705078,143.9499969482422
2013-04-15,123.73575592041016,61.45319747924805,75.87088775634766,39.57100296020508,30.449617385864258,85.23563385009766,131.30999755859375
2013-04-16,125.5624008178711,62.268882751464844,77.18439483642578,40.13228988647461,31.075611114501953,84.53567504882812,132.8000030517578
2013-04-17,123.72773742675781,61.04983901977539,75.84563446044922,39.29703140258789,30.583770751953125,85.0970687866211,132.8699951171875
2013-04-18,122.95401763916016,60.20728302001953,75.4246597290039,39.1767578125,30.583770751953125,85.30489349365234,134.3000030517578
2013-04-19,124.02290344238281,61.031890869140625,76.29187774658203,39.490821838378906,31.030895233154297,85.12474060058594,135.47000122070312
2013-04-22,124.57331085205078,61.65935134887695,76.51078033447266,39.65786361694336,31.1799373626709,85.18712615966797,137.89999389648438
2013-04-23,125.85758209228516,62.25091552734375,77.7232666015625,40.21916198730469,31.328994750976562,84.88912200927734,136.8800048828125
2013-04-24,125.93733215332031,62.224037170410156,78.12741088867188,40.56662368774414,31.51529884338379,85.10397338867188,138.3699951171875
2013-04-25,126.44783782958984,62.55567169189453,78.64100646972656,40.78044509887695,31.798479080200195,84.73662567138672,141.6300048828125
2013-04-26,126.22453308105469,62.358482360839844,78.22000885009766,40.8138542175293,31.478031158447266,85.5127944946289,140.91000366210938
2013-04-29,127.07001495361328,62.932151794433594,78.78413391113281,41.33506393432617,31.805931091308594,85.20099639892578,142.3000030517578
2013-04-30,127.37311553955078,63.38930130004883,79.23037719726562,41.38850784301758,32.26050567626953,85.24943542480469,142.77000427246094
2013-05-01,126.25639343261719,63.093505859375,77.31067657470703,41.14128112792969,31.910253524780273,86.125244140625,141.11000061035156
2013-05-02,127.42901611328125,63.89125061035156,78.53995513916016,41.26823043823242,32.16363525390625,86.01412200927734,141.9199981689453
2013-05-03,128.72125244140625,64.64418029785156,79.78611755371094,41.796119689941406,32.43191146850586,83.9862060546875,142.08999633789062
2013-05-06,129.04823303222656,64.89515686035156,80.29972076416016,41.74265670776367,32.476619720458984,83.77784729003906,142.14999389648438
2013-05-07,129.7024383544922,64.85932159423828,80.9564208984375,41.80947494506836,32.7076416015625,83.45142364501953,140.3800048828125
2013-05-08,130.29263305664062,65.17301177978516,81.19217681884766,42.25048828125,32.96100997924805,83.58340454101562,142.4600067138672
2013-05-09,129.92576599121094,65.08338165283203,80.91434478759766,41.8428955078125,32.7225456237793,83.36805725097656,140.80999755859375
2013-05-10,130.34849548339844,65.47777557373047,81.52899932861328,41.8896598815918,32.46916580200195,82.47217559814453,139.60000610351562
2013-05-13,130.45216369628906,65.55846405029297,81.47007751464844,41.86961364746094,32.171077728271484,81.84019470214844,138.42999267578125
2013-05-14,131.80026245117188,65.89905548095703,82.51414489746094,41.94980239868164,32.320133209228516,80.95120239257812,137.80999755859375
2013-05-15,132.51019287109375,66.03350830078125,82.68252563476562,42.130226135253906,32.32758331298828,81.49290466308594,134.6300048828125
2013-05-16,131.88800048828125,65.96176147460938,82.47200012207031,41.8428955078125,32.21578598022461,82.3402328491211,134.08999633789062
2013-05-17,133.16432189941406,66.59817504882812,83.398193359375,42.130226135253906,32.35738754272461,81.29850006103516,131.07000732421875
2013-05-20,133.15634155273438,66.49961853027344,83.53291320800781,42.36408615112305,32.439353942871094,81.20123291015625,135.1199951171875
2013-05-21,133.34776306152344,66.57129669189453,83.54977416992188,42.45096206665039,32.37229537963867,81.84019470214844,132.8800048828125
2013-05-22,132.35862731933594,65.98869323730469,82.32889556884766,42.02330017089844,32.01457977294922,80.62478637695312,131.94000244140625
2013-05-23,131.9757537841797,65.83631134033203,82.4299087524414,41.42192077636719,31.77611541748047,81.00677490234375,134.61000061035156
2013-05-24,131.8641357421875,65.8004379272461,82.41307830810547,41.061092376708984,31.500381469726562,81.11786651611328,133.75999450683594
2013-05-28,132.65380859375,66.23070526123047,83.48241424560547,41.16801071166992,31.671789169311523,79.0621337890625,133.49000549316406
2013-05-29,131.79229736328125,65.9169692993164,82.707763671875,40.77376174926758,31.269371032714844,79.95112609863281,134.8300018310547
2013-05-30,132.2788848876953,66.26654815673828,83.26346588134766,40.93413543701172,31.269371032714844,79.75667572021484,136.6999969482422
2013-05-31,130.3804168701172,65.65703582763672,82.34573364257812,40.13897705078125,30.703012466430664,79.48580932617188,133.9199981689453
2013-06-03,131.09829711914062,65.77357482910156,83.12876892089844,40.29266357421875,31.157583236694336,79.90702819824219,136.50999450683594
2013-06-04,130.4680938720703,65.4329605102539,82.24466705322266,40.439659118652344,30.777528762817383,79.16908264160156,135.22999572753906
2013-06-05,128.64151000976562,64.58141326904297,81.19217681884766,39.5375862121582,30.226062774658203,80.26205444335938,135.52000427246094
2013-06-06,129.8059844970703,64.89515686035156,82.05101776123047,39.75809097290039,30.47943878173828,80.21332550048828,136.52999877929688
2013-06-07,131.457275390625,65.78250885009766,82.68252563476562,40.29266357421875,30.322940826416016,78.77918243408203,133.27999877929688
2013-06-10,131.457275390625,65.8094253540039,83.1877212524414,40.3327522277832,29.913070678710938,78.40328216552734,133.94000244140625
2013-06-11,130.10118103027344,65.15509033203125,82.28678894042969,39.83828353881836,29.346708297729492,79.33609771728516,133.25
2013-06-12,129.0243377685547,64.40217590332031,81.47007751464844,39.7915153503418,29.145496368408203,78.20138549804688,134.25
2013-06-13,130.98663330078125,65.21781921386719,82.90985107421875,40.39957046508789,29.764028549194336,79.4266586303711,133.74000549316406
2013-06-14,130.16502380371094,64.78759765625,82.26996612548828,39.95855712890625,29.294540405273438,79.2386245727539,134.42999267578125
2013-06-17,131.17010498046875,65.4150390625,82.80883026123047,40.53321075439453,29.562820434570312,78.82097625732422,133.77000427246094
2013-06-18,132.20709228515625,65.95286560058594,83.78547668457031,40.82053756713867,29.689502716064453,78.86271667480469,132.1300048828125
2013-06-19,130.3804168701172,65.21781921386719,82.7582778930664,40.058780670166016,28.772886276245117,78.04816436767578,130.58999633789062
2013-06-20,127.1498031616211,63.66714096069336,80.56915283203125,38.58873748779297,27.483659744262695,76.7672348022461,123.5999984741211
2013-06-21,127.55802154541016,63.329071044921875,80.8049087524414,38.715694427490234,27.878625869750977,75.46537017822266,125.05000305175781
2013-06-24,125.9461669921875,62.69963836669922,79.7439956665039,38.107627868652344,27.312259674072266,75.7786636352539,123.93000030517578
2013-06-25,127.15705871582031,63.15822982788086,80.51018524169922,38.59542465209961,27.89352798461914,75.1034164428711,123.47000122070312
2013-06-26,128.416015625,63.7247428894043,80.88907623291016,38.74911117553711,28.333209991455078,75.59073638916016,118.27999877929688
2013-06-27,129.16981506347656,63.99446105957031,82.1436538696289,39.139068603515625,28.901735305786133,76.36344909667969,115.94000244140625
2013-06-28,128.64053344726562,64.0843734741211,81.67214965820312,39.06407928466797,29.067827224731445,76.88562774658203,119.11000061035156
2013-07-01,129.394287109375,64.48002624511719,83.00245666503906,39.432220458984375,29.158437728881836,77.04051208496094,121.12999725341797
2013-07-02,129.27407836914062,64.50699615478516,82.94327545166016,39.23451614379883,28.637483596801758,76.9916000366211,120.05000305175781
2013-07-03,129.33021545410156,64.76775360107422,83.11241912841797,39.248146057128906,28.37322235107422,76.7613754272461,120.73999786376953
2013-07-05,130.72547912597656,65.26234436035156,84.28789520263672,39.432220458984375,28.1920223236084,74.144775390625,118.08999633789062
2013-07-08,131.47128295898438,65.32527160644531,84.62613677978516,39.67765426635742,28.22977066040039,74.86343383789062,119.51000213623047
2013-07-09,132.41741943359375,65.72089385986328,85.41263580322266,39.895816802978516,28.599735260009766,74.9402084350586,120.62000274658203
2013-07-10,132.46560668945312,66.09855651855469,85.64938354492188,40.01171875,28.32792091369629,74.3541259765625,120.94999694824219
2013-07-11,134.26991271972656,67.41133117675781,86.65577697753906,41.04795837402344,29.717145919799805,75.22632598876953,124.23999786376953
2013-07-12,134.32598876953125,67.70806121826172,86.8333511352539,40.7752571105957,29.400033950805664,75.16354370117188,124.12999725341797
2013-07-15,134.8391876220703,67.86090850830078,87.59442901611328,41.02751541137695,29.7020320892334,75.56121826171875,124.18000030517578
2013-07-16,134.33401489257812,67.77100372314453,87.15470886230469,41.0002326965332,29.82283592224121,75.81941223144531,124.88999938964844
2013-07-17,134.67881774902344,67.94186401367188,87.49295806884766,41.12295913696289,30.094648361206055,75.9589614868164,123.31999969482422
2013-07-18,135.41656494140625,67.77100372314453,88.07649230957031,41.39565658569336,29.739788055419922,75.01000213623047,124.01000213623047
2013-07-19,135.6571502685547,67.06963348388672,88.2117691040039,41.361568450927734,29.6567325592041,76.1961898803711,125.11000061035156
2013-07-22,135.92176818847656,67.26744079589844,88.39783477783203,41.593353271484375,29.951194763183594,76.30780029296875,128.83999633789062
2013-07-23,135.633056640625,66.77291870117188,88.33861541748047,41.681976318359375,30.27583885192871,75.98688507080078,129.7100067138672
2013-07-24,135.13587951660156,66.98872375488281,87.60291290283203,41.627445220947266,29.966293334960938,75.02393341064453,127.4800033569336
2013-07-25,135.46473693847656,67.41133117675781,88.4062728881836,41.70925521850586,30.139942169189453,74.99605560302734,128.6699981689453
2013-07-26,135.6090087890625,67.77100372314453,88.05111694335938,41.450199127197266,30.071992874145508,75.45655059814453,128.77999877929688
2013-07-29,135.19203186035156,67.64510345458984,87.43377685546875,41.054779052734375,29.694499969482422,74.90530395507812,128.47000122070312
2013-07-30,135.19203186035156,68.00479888916016,87.5098876953125,41.04795837402344,29.62653923034668,74.87739562988281,128.1199951171875
2013-07-31,135.28826904296875,68.13067626953125,87.66213989257812,41.143409729003906,29.452884674072266,75.14950561523438,127.95999908447266
2013-08-01,136.85198974609375,68.82304382324219,88.8545150756836,41.70243835449219,29.988948822021484,73.70154571533203,126.61000061035156
2013-08-02,137.0845184326172,69.20970153808594,88.93061065673828,42.043312072753906,29.981386184692383,74.51302337646484,126.36000061035156
2013-08-05,136.8841094970703,69.25464630126953,89.23503112792969,41.95468521118164,29.79263687133789,73.93938446044922,125.69999694824219
2013-08-06,136.10621643066406,68.84103393554688,88.33861541748047,41.89332580566406,29.415132522583008,74.1562271118164,123.97000122070312
2013-08-07,135.66517639160156,68.71514892578125,87.71285247802734,41.70925521850586,29.098033905029297,74.70886993408203,124.1500015258789
2013-08-08,136.162353515625,69.05683898925781,88.07649230957031,42.08420944213867,29.6567325592041,74.91167449951172,126.86000061035156
2013-08-09,135.76930236816406,68.7780990600586,87.98345947265625,42.15921401977539,29.717145919799805,75.0306625366211,126.86000061035156
2013-08-12,135.6090087890625,68.9399642944336,88.4485855102539,42.043312072753906,29.99650001525879,74.51995086669922,129.1300048828125
2013-08-13,136.00997924804688,69.32658386230469,88.33016204833984,42.31600570678711,30.177696228027344,73.44266510009766,127.73999786376953
2013-08-14,135.31236267089844,69.06581115722656,87.98345947265625,42.33646011352539,30.27583885192871,73.5546646118164,129.0
2013-08-15,133.41986083984375,67.89690399169922,86.35131072998047,41.98196029663086,29.928546905517578,72.5613784790039,131.69000244140625
2013-08-16,132.97886657714844,67.86991119384766,85.98766326904297,42.056941986083984,29.67184829711914,72.3095474243164,132.5800018310547
2013-08-19,132.12879943847656,67.75304412841797,85.11663818359375,41.756980895996094,29.113134384155273,71.67994689941406,132.00999450683594
2013-08-20,132.77835083007812,68.04975128173828,86.34286499023438,41.70243835449219,29.060285568237305,72.23251342773438,132.4499969482422
2013-08-21,131.96038818359375,67.81596374511719,85.81851959228516,41.21157455444336,28.380779266357422,71.44205474853516,132.07000732421875
2013-08-22,133.1632080078125,68.48135375976562,87.02784729003906,41.61381149291992,28.841331481933594,72.1695785522461,132.80999755859375
2013-08-23,133.6123809814453,68.9399642944336,87.24771881103516,41.97513198852539,29.181093215942383,72.9530258178711,134.89999389648438
2013-08-26,133.11520385742188,68.97593688964844,87.25617980957031,41.66835021972656,28.86397933959961,73.31678771972656,135.4499969482422
2013-08-27,130.9740753173828,67.56417846679688,85.20966339111328,40.9593391418457,28.199575424194336,74.24016571044922,136.75
2013-08-28,131.43919372558594,67.82496643066406,85.37877655029297,40.9116096496582,28.259973526000977,73.63863372802734,136.7100067138672
2013-08-29,131.647705078125,68.30155944824219,86.23291778564453,40.84343719482422,28.486473083496094,74.2262191772461,135.8699951171875
2013-08-30,131.2306671142578,67.86090850830078,84.88829803466797,40.33893585205078,28.70543098449707,74.14221954345703,134.6199951171875
2013-09-03,131.82406616210938,68.24758911132812,85.46336364746094,41.11613464355469,28.886632919311523,73.09650421142578,136.4199981689453
2013-09-04,132.91468811035156,68.97593688964844,86.21599578857422,41.48427200317383,29.400033950805664,72.93515014648438,134.66000366210938
2013-09-05,133.08309936523438,69.09278106689453,86.35131072998047,41.450199127197266,29.747329711914062,71.91820526123047,132.1999969482422
2013-09-06,133.147216796875,69.17372131347656,86.5881118774414,41.6751708984375,30.185243606567383,72.27591705322266,134.14999389648438
2013-09-09,134.42222595214844,69.98297882080078,87.8989028930664,42.24782943725586,30.977996826171875,72.31094360351562,133.91000366210938
2013-09-10,135.41656494140625,70.3246841430664,88.76146697998047,42.72504806518555,31.21206283569336,71.80597686767578,131.74000549316406
2013-09-11,135.8415985107422,70.18978118896484,88.80376434326172,42.87504196166992,31.23470687866211,72.44422912597656,131.6999969482422
2013-09-12,135.4807586669922,70.14485168457031,88.15258026123047,42.62961196899414,30.872303009033203,72.34600067138672,127.66999816894531
2013-09-13,135.78546142578125,70.18978118896484,88.63460540771484,42.834136962890625,31.07615089416504,72.62657928466797,127.81999969482422
2013-09-16,136.5713348388672,70.00096130371094,88.82911682128906,43.16819381713867,31.423458099365234,72.14262390136719,126.44999694824219
2013-09-17,137.18081665039062,70.46853637695312,89.70862579345703,43.195465087890625,31.35550308227539,72.73882293701172,126.5
2013-09-18,138.76849365234375,71.31376647949219,90.56272888183594,44.34760665893555,32.669219970703125,73.63654327392578,132.00999450683594
2013-09-19,138.53599548339844,71.48462677001953,90.46974182128906,44.13626480102539,32.495574951171875,73.20169830322266,131.75
2013-09-20,137.5674285888672,71.23930358886719,90.13988494873047,43.81584167480469,31.770763397216797,73.58745574951172,127.95999908447266
2013-09-23,136.93080139160156,71.09500122070312,90.14836120605469,43.80221176147461,31.884010314941406,74.12751007080078,127.55000305175781
2013-09-24,136.6085205078125,71.09500122070312,90.44768524169922,43.73404312133789,31.612213134765625,74.92706298828125,127.66000366210938
2013-09-25,136.2136688232422,70.85150146484375,90.27808380126953,43.781768798828125,31.370616912841797,75.08133697509766,128.7899932861328
2013-09-26,136.7373809814453,71.40165710449219,90.77835083007812,43.9658317565918,31.498943328857422,74.55533599853516,127.79000091552734
2013-09-27,136.10888671875,71.31143951416016,90.37135314941406,43.80902862548828,31.129003524780273,74.73772430419922,128.97000122070312
2013-09-30,135.3836212158203,71.14010620117188,90.3968276977539,43.495426177978516,30.774154663085938,74.62550354003906,128.17999267578125
2013-10-01,136.45538330078125,71.86157989501953,91.4482192993164,43.72722625732422,31.38570785522461,74.3990478515625,124.58999633789062
2013-10-02,136.32644653320312,71.83454895019531,91.07514953613281,43.713584899902344,31.50650978088379,74.51153564453125,127.05999755859375
2013-10-03,135.0693817138672,70.99578857421875,90.14244842529297,43.42725372314453,31.38570785522461,74.39203643798828,127.18000030517578
2013-10-04,136.0927734375,71.60905456542969,90.74445343017578,43.52951431274414,31.793413162231445,74.3357925415039,126.52999877929688
2013-10-07,134.91632080078125,71.01384735107422,89.68453979492188,43.079566955566406,31.5216121673584,74.63810729980469,127.63999938964844
2013-10-08,133.34498596191406,69.6429672241211,88.23460388183594,42.74551010131836,31.219608306884766,74.65924072265625,127.4000015258789
2013-10-09,133.441650390625,69.4265365600586,87.87845611572266,42.92957305908203,31.45366096496582,74.0615234375,126.11000061035156
2013-10-10,136.31842041015625,70.89657592773438,89.99829864501953,43.699951171875,32.19356155395508,74.1810073852539,124.2699966430664
2013-10-11,137.19674682617188,71.45578002929688,91.30410766601562,43.93175506591797,32.3370246887207,74.15995025634766,122.5999984741211
2013-10-14,137.74468994140625,71.9608154296875,91.76197814941406,44.08173751831055,32.5257682800293,73.56221771240234,122.83000183105469
2013-10-15,136.7454376220703,71.68124389648438,90.86317443847656,43.87039566040039,32.20867156982422,73.51300048828125,123.7300033569336
2013-10-16,138.65525817871094,72.492919921875,91.99090576171875,44.19762420654297,32.46537399291992,74.43421936035156,123.54000091552734
2013-10-17,139.58189392089844,72.90778350830078,92.79644775390625,44.783935546875,32.669219970703125,75.10924530029297,127.41999816894531
2013-10-18,140.5247039794922,74.08926391601562,93.8563232421875,45.04981231689453,32.69942855834961,75.27099609375,126.8499984741211
2013-10-21,140.53277587890625,74.25157928466797,93.66980743408203,45.11798858642578,32.646575927734375,75.03196716308594,126.9800033569336
2013-10-22,141.34666442871094,74.35979461669922,93.91568756103516,45.56793975830078,32.963680267333984,75.86869049072266,129.33999633789062
2013-10-23,140.66973876953125,73.90885162353516,93.60194396972656,45.124813079833984,32.19356155395508,76.1640853881836,128.69000244140625
2013-10-24,141.1371612548828,74.23356628417969,94.10222625732422,45.43840408325195,32.125614166259766,75.86869049072266,129.89999389648438
2013-10-25,141.7817840576172,74.76560974121094,94.18701934814453,45.30887985229492,32.276615142822266,76.15001678466797,130.4600067138672
2013-10-28,142.0073699951172,74.78369140625,94.14464569091797,45.233882904052734,32.46537399291992,75.88987731933594,130.55999755859375
2013-10-29,142.76486206054688,74.90994262695312,94.41594696044922,45.32932662963867,32.57107162475586,75.98832702636719,129.77000427246094
2013-10-30,142.0557098388672,74.83777618408203,93.12712860107422,45.16569900512695,32.389869689941406,75.53119659423828,129.60000610351562
2013-10-31,141.65284729003906,74.66643524169922,92.5844497680664,44.913455963134766,32.05766677856445,75.69292449951172,127.73999786376953
2013-11-01,141.99131774902344,74.68445587158203,92.18592834472656,44.6953125,32.07276916503906,74.87366485595703,126.94999694824219
2013-11-04,142.4909210205078,74.79270935058594,93.2458267211914,44.913455963134766,32.26907730102539,74.94417572021484,126.80999755859375
2013-11-05,142.03964233398438,74.87384796142578,92.92363739013672,44.524864196777344,31.61976432800293,74.0486831665039,126.55999755859375
2013-11-06,142.76486206054688,74.8558120727539,92.52508544921875,44.913455963134766,31.71791648864746,74.08394622802734,127.19999694824219
2013-11-07,140.9598388671875,73.44890594482422,90.96492767333984,44.20444869995117,31.144107818603516,74.7114486694336,126.16000366210938
2013-11-08,142.8615264892578,74.44099426269531,92.61837768554688,44.4635124206543,31.07615089416504,72.9134521484375,124.27999877929688
2013-11-11,142.88575744628906,74.32373046875,92.74555969238281,44.5589485168457,30.9175968170166,72.63846588134766,123.87000274658203
2013-11-12,142.59561157226562,74.44099426269531,92.8218765258789,44.40896987915039,30.751502990722656,72.9769058227539,122.44999694824219
2013-11-13,143.73988342285156,75.34285736083984,93.71217346191406,44.55213928222656,30.80434226989746,73.24486541748047,122.8499984741211
2013-11-14,144.45700073242188,75.57733154296875,93.61891174316406,44.75666427612305,31.30265235900879,73.69611358642578,124.2699966430664
2013-11-15,145.08554077148438,75.72164916992188,93.97504425048828,45.11798858642578,31.89911460876465,73.84422302246094,124.31999969482422
2013-11-18,144.5779266357422,74.98209381103516,93.31365966796875,45.11798858642578,32.186012268066406,74.28839111328125,122.9000015258789
2013-11-19,144.26364135742188,74.76560974121094,92.73706817626953,45.00209426879883,31.989713668823242,73.72431182861328,122.94999694824219
2013-11-20,143.8124237060547,74.58528137207031,92.7031478881836,44.68849182128906,31.55181312561035,72.46927642822266,120.12000274658203
2013-11-21,144.9727783203125,75.34285736083984,94.37358093261719,44.967994689941406,31.5216121673584,72.58908081054688,119.94000244140625
2013-11-22,145.69796752929688,75.74869537353516,94.83990478515625,45.09752655029297,31.74811363220215,73.26602935791016,119.91999816894531
2013-11-25,145.5529327392578,75.9290771484375,94.95862579345703,44.961181640625,31.340402603149414,73.47756958007812,120.45999908447266
2013-11-26,145.59324645996094,76.32588195800781,95.66238403320312,44.961181640625,31.446107864379883,73.7525405883789,119.81999969482422
2013-11-27,145.94781494140625,76.85799407958984,96.19658660888672,45.07026290893555,31.64997100830078,73.6256332397461,119.45999908447266
2013-11-29,145.85104370117188,77.31797790527344,96.24748229980469,45.15888595581055,31.97461700439453,73.64675903320312,120.69999694824219
2013-12-02,145.47235107421875,77.09248352050781,95.28084564208984,44.824832916259766,31.30265235900879,73.0739517211914,117.58000183105469
2013-12-03,144.84381103515625,77.02937316894531,94.82299041748047,44.511234283447266,31.196950912475586,73.34269714355469,117.95999908447266
2013-12-04,144.82772827148438,77.10149383544922,94.56855773925781,44.27261734008789,31.159208297729492,72.64257049560547,119.95999908447266
2013-12-05,144.1911163330078,77.00228881835938,94.63642120361328,44.02036666870117,30.977996826171875,72.43746948242188,118.30000305175781
2013-12-06,145.802734375,77.56148529052734,95.37411499023438,44.56577682495117,31.665063858032227,72.78401184082031,118.55000305175781
2013-12-09,146.17340087890625,77.87712097167969,95.34868621826172,44.51805114746094,31.710372924804688,72.95374298095703,119.72000122070312
2013-12-10,145.64964294433594,77.82300567626953,94.48377227783203,44.44306182861328,31.725454330444336,73.47705841064453,121.81999969482422
2013-12-11,144.0138397216797,76.82190704345703,92.9321060180664,44.02720260620117,31.0233097076416,72.91130065917969,120.86000061035156
2013-12-12,143.53842163085938,76.6235122680664,93.13555908203125,43.70677185058594,30.842090606689453,72.63548278808594,118.29000091552734
2013-12-13,143.52232360839844,76.5242919921875,93.44083404541016,43.67949676513672,30.9175968170166,72.98908233642578,119.37999725341797
2013-12-16,144.41676330566406,76.94817352294922,94.55162811279297,43.993099212646484,31.121458053588867,72.72035217285156,119.69000244140625
2013-12-17,143.95748901367188,76.79486846923828,94.41594696044922,43.80221176147461,30.84964942932129,73.0456771850586,118.6500015258789
2013-12-18,146.41517639160156,77.68770599365234,95.71327209472656,44.491241455078125,31.463685989379883,72.67793273925781,117.61000061035156
2013-12-19,146.24595642089844,77.47126007080078,95.00102996826172,44.491241455078125,30.884695053100586,72.60721588134766,114.81999969482422
2013-12-20,147.09657287597656,78.26020812988281,96.60359191894531,44.74567794799805,30.838977813720703,73.7245864868164,115.94000244140625
2013-12-23,147.88255310058594,79.08354949951172,97.69905853271484,45.2064094543457,31.06753158569336,73.3072738647461,115.56999969482422
2013-12-24,148.20657348632812,79.11970520019531,98.07357788085938,45.29580307006836,31.2503719329834,72.72035217285156,116.0999984741211
2013-12-26,148.96005249023438,79.38206481933594,98.08210754394531,45.543357849121094,30.98373794555664,72.44010162353516,116.73999786376953
2013-12-27,148.9519500732422,79.18302154541016,98.02254486083984,45.77716064453125,31.463685989379883,72.2343521118164,117.12000274658203
2013-12-30,148.9276123046875,79.06543731689453,97.96294403076172,45.96969985961914,31.600820541381836,72.73099517822266,115.38999938964844
2013-12-31,149.63247680664062,79.5811538696289,98.19275665283203,46.1416130065918,31.844608306884766,72.26988983154297,116.12000274658203
2014-01-02,148.1984405517578,78.9568862915039,97.12877655029297,45.32331085205078,30.618057250976562,72.4897689819336,118.0
2014-01-03,148.17417907714844,78.38685607910156,97.62245178222656,45.37144470214844,30.564729690551758,72.4897689819336,119.29000091552734
2014-01-06,147.74478149414062,78.09736633300781,96.83086395263672,45.316429138183594,30.275224685668945,72.79476165771484,119.5
2014-01-07,148.6521759033203,78.8211441040039,97.63948822021484,45.57086181640625,30.404743194580078,72.97935485839844,118.81999969482422
2014-01-08,148.68455505371094,78.9930419921875,97.76716613769531,45.557106018066406,30.305707931518555,72.78067779541016,118.12000274658203
2014-01-09,148.78184509277344,78.73066711425781,97.79270935058594,45.52272415161133,30.145715713500977,73.20635986328125,118.45999908447266
2014-01-10,149.18690490722656,78.98400115966797,98.3289566040039,45.94218444824219,30.679000854492188,74.07904052734375,120.26000213623047
2014-01-13,147.20196533203125,77.81690979003906,96.98406982421875,45.543357849121094,30.313323974609375,74.44802856445312,121.0199966430664
2014-01-14,148.80609130859375,79.3006591796875,98.17570495605469,45.907806396484375,30.640905380249023,74.1073989868164,119.88999938964844
2014-01-15,149.6082000732422,79.9520492553711,98.90774536132812,46.100345611572266,30.63328742980957,74.02934265136719,119.66000366210938
2014-01-16,149.41375732421875,79.96113586425781,99.02689361572266,46.0797233581543,30.465694427490234,74.52600860595703,119.79000091552734
2014-01-17,148.78184509277344,79.5087661743164,98.67792510986328,45.94218444824219,30.313323974609375,74.83826446533203,120.93000030517578
2014-01-21,149.21934509277344,80.11491394042969,99.2652359008789,46.16224670410156,30.26761245727539,74.89497375488281,119.69999694824219
2014-01-22,149.31649780273438,80.322998046875,99.76744079589844,46.16224670410156,30.671382904052734,74.71047973632812,119.19000244140625
2014-01-23,148.09317016601562,80.0516128540039,99.09502410888672,45.85279846191406,29.917173385620117,75.76763153076172,121.79000091552734
2014-01-24,144.9334716796875,78.47735595703125,96.56697845458984,44.59438705444336,29.132476806640625,76.25723266601562,122.29000091552734
2014-01-27,144.22052001953125,77.71734619140625,95.1540298461914,44.388092041015625,29.018203735351562,75.72512817382812,120.95999908447266
2014-01-28,145.07925415039062,77.67212677001953,96.15843200683594,44.7731819152832,29.2010498046875,75.90956115722656,120.94999694824219
2014-01-29,143.6857452392578,76.83977508544922,94.7709732055664,44.27118682861328,28.78203773498535,76.53396606445312,122.47000122070312
2014-01-30,145.20889282226562,78.26020812988281,96.18396759033203,44.49812316894531,29.04867935180664,76.3139419555664,119.7699966430664
2014-01-31,144.35821533203125,78.05211639404297,95.46896362304688,43.741703033447266,29.094383239746094,76.82484436035156,120.08999633789062
2014-02-03,141.109375,76.26072692871094,92.48128509521484,42.847740173339844,28.2716121673584,77.76092529296875,121.31999969482422
2014-02-04,142.0977783203125,76.82166290283203,93.17928314208984,43.34285354614258,28.842988967895508,76.93573760986328,120.98999786376953
2014-02-05,141.91958618164062,76.62262725830078,92.48128509521484,43.43226623535156,28.736331939697266,76.2244873046875,121.29000091552734
2014-02-06,143.7910614013672,77.5997314453125,93.21331024169922,44.20242691040039,29.338180541992188,75.89730072021484,121.23999786376953
2014-02-07,145.57347106933594,78.98400115966797,94.26878356933594,44.78005599975586,29.505781173706055,75.96124267578125,122.16999816894531
2014-02-10,145.8408966064453,79.4364242553711,94.5156021118164,44.628780364990234,29.178186416625977,76.1747055053711,122.91999816894531
2014-02-11,147.43685913085938,80.34111785888672,95.3582992553711,45.337059020996094,29.810504913330078,75.7336654663086,124.36000061035156
2014-02-12,147.5098419189453,80.49491119384766,95.73280334472656,45.41270065307617,29.818124771118164,75.34247589111328,124.43000030517578
2014-02-13,148.2714385986328,81.092041015625,96.95004272460938,45.55023193359375,29.848604202270508,75.76922607421875,125.48999786376953
2014-02-14,149.0896759033203,81.25489044189453,97.08618927001953,45.722145080566406,30.21428108215332,75.81185913085938,127.1500015258789
2014-02-18,149.26792907714844,81.65299987792969,98.09913635253906,46.11410140991211,29.932405471801758,75.98260498046875,127.4000015258789
2014-02-19,148.27951049804688,81.092041015625,97.0947265625,45.804664611816406,29.726716995239258,75.66255950927734,126.2699966430664
2014-02-20,149.1544952392578,81.47205352783203,98.14168548583984,45.962825775146484,29.83336067199707,75.47753143310547,127.5999984741211
2014-02-21,148.98434448242188,81.36348724365234,98.4481201171875,46.052223205566406,30.0390567779541,75.87592315673828,127.58000183105469
2014-02-24,149.81077575683594,81.7977523803711,99.171630859375,46.451053619384766,30.0390567779541,75.68388366699219,128.99000549316406
2014-02-25,149.7540283203125,81.70729064941406,99.27375030517578,46.341033935546875,29.696229934692383,76.35960388183594,129.2100067138672
2014-02-26,149.7621307373047,81.63493347167969,99.88660430908203,46.18287658691406,29.719091415405273,76.76506042480469,128.11000061035156
2014-02-27,150.54800415039062,82.16455841064453,100.43136596679688,46.341033935546875,30.282855987548828,77.18473052978516,128.1999969482422
2014-02-28,150.9288330078125,82.07369995117188,100.03132629394531,46.42354965209961,30.077159881591797,77.22745513916016,127.62000274658203
2014-03-03,149.86741638183594,81.46500396728516,99.49508666992188,45.44021224975586,29.54387092590332,77.7429428100586,130.2899932861328
2014-03-04,151.9739532470703,82.50066375732422,101.99757385253906,46.341033935546875,30.046672821044922,76.57356262207031,128.67999267578125
2014-03-05,152.1116943359375,82.72782135009766,101.93797302246094,46.29977798461914,30.069534301757812,76.7375717163086,128.88999938964844
2014-03-06,152.46006774902344,82.65514373779297,101.92091369628906,46.78113555908203,30.49616050720215,75.98174285888672,130.1699981689453
2014-03-07,152.5248565673828,82.24632263183594,101.88687896728516,46.52670669555664,30.107616424560547,75.50404357910156,129.08999633789062
2014-03-10,152.44381713867188,82.31901550292969,101.54642486572266,46.23788833618164,29.901927947998047,75.61100006103516,129.1300048828125
2014-03-11,151.69036865234375,81.96467590332031,100.49095916748047,45.90093994140625,29.566726684570312,75.81062316894531,129.86000061035156
2014-03-12,151.73094177246094,82.2735595703125,100.79737091064453,45.72903060913086,29.627674102783203,76.33824920654297,131.75999450683594
2014-03-13,150.0294952392578,81.11067199707031,99.63125610351562,44.87632369995117,29.094383239746094,77.36505889892578,132.2100067138672
2014-03-14,149.6082000732422,80.5565185546875,100.04833984375,44.78005599975586,29.25437355041504,77.37933349609375,133.10000610351562
2014-03-17,150.96116638183594,81.26512908935547,100.49095916748047,45.343936920166016,29.61243438720703,76.80174255371094,131.63999938964844
2014-03-18,152.03875732421875,82.24632263183594,101.95496368408203,45.62588119506836,30.023832321166992,77.07984924316406,130.6199951171875
2014-03-19,151.22857666015625,81.8011474609375,101.29106140136719,45.06887435913086,29.38389015197754,76.48084259033203,128.08999633789062
2014-03-20,152.1116943359375,82.02830505371094,101.42727661132812,44.8969612121582,29.51340103149414,76.34536743164062,127.86000061035156
2014-03-21,151.52169799804688,81.04120635986328,100.95909881591797,44.80757522583008,29.696229934692383,77.1725082397461,128.47000122070312
2014-03-24,150.8950958251953,80.33098602294922,99.80998992919922,44.92446517944336,29.985736846923828,77.7215347290039,126.18000030517578
2014-03-25,151.61122131347656,80.59506225585938,99.78611755371094,45.41270065307617,30.328550338745117,77.42920684814453,126.41000366210938
2014-03-26,150.5206756591797,79.55696868896484,97.8745346069336,45.40582275390625,30.397125244140625,78.03532409667969,125.41000366210938
2014-03-27,150.20339965820312,79.11080169677734,97.62702941894531,45.63275146484375,30.79327392578125,78.42748260498047,124.58999633789062
2014-03-28,150.94393920898438,79.26559448242188,97.53316497802734,45.9765739440918,31.037065505981445,77.98538970947266,124.55999755859375
2014-03-31,152.1807861328125,79.83016967773438,99.28260040283203,46.21037292480469,31.242759704589844,77.79285430908203,123.61000061035156
2014-04-01,153.18983459472656,81.23243713378906,100.5882797241211,46.506065368652344,31.608444213867188,77.12803649902344,123.38999938964844
2014-04-02,153.70254516601562,81.4418716430664,101.04061889648438,46.59547424316406,31.66937828063965,76.68478393554688,124.31999969482422
2014-04-03,153.49913024902344,80.79534149169922,100.01651000976562,46.464805603027344,31.547487258911133,77.0207748413086,123.91999816894531
2014-04-04,151.68438720703125,78.64640808105469,97.70384216308594,46.32040023803711,31.463685989379883,77.53553009033203,125.56999969482422
2014-04-07,150.00804138183594,77.89974212646484,96.27869415283203,46.100345611572266,31.600820541381836,78.00018310546875,124.91000366210938
2014-04-08,150.62657165527344,78.61909484863281,96.95291137695312,46.072853088378906,31.96649742126465,78.18599700927734,126.08999633789062
2014-04-09,152.24591064453125,79.96675109863281,98.35243225097656,46.66423034667969,32.21028137207031,77.79998016357422,126.31999969482422
2014-04-10,149.04783630371094,77.48995971679688,95.54481506347656,45.839046478271484,31.867467880249023,78.52202606201172,127.01000213623047
2014-04-11,147.7051544189453,76.5885009765625,94.22205352783203,45.563987731933594,31.867467880249023,79.15827178955078,126.93000030517578
2014-04-14,148.8688201904297,77.18949127197266,94.48661041259766,45.82529067993164,31.798900604248047,78.95098114013672,127.8499984741211
2014-04-15,149.89414978027344,77.4444580078125,94.85356903076172,45.63275146484375,31.318941116333008,79.4442138671875,125.48999786376953
2014-04-16,151.4647216796875,78.47339630126953,95.88615417480469,46.196617126464844,31.7150821685791,79.5443344116211,125.54000091552734
2014-04-17,151.6763153076172,78.49160766601562,96.3640365600586,46.43730163574219,32.004581451416016,78.67214965820312,124.75
2014-04-21,152.2052459716797,79.07437896728516,96.81632995605469,46.49918746948242,31.806514739990234,78.60783386230469,124.23999786376953
2014-04-22,152.89691162109375,79.70269012451172,97.81476593017578,46.69173812866211,31.722713470458984,78.8723373413086,123.77999877929688
2014-04-23,152.5388641357422,79.00154876708984,97.20030975341797,46.58170700073242,31.49416160583496,79.32266235351562,123.76000213623047
2014-04-24,152.84808349609375,79.75727844238281,96.95291137695312,46.5748405456543,31.524635314941406,79.47283172607422,124.55999755859375
2014-04-25,151.5949249267578,78.48249816894531,95.24610137939453,46.347904205322266,31.098012924194336,79.58720397949219,125.43000030517578
2014-04-28,152.07501220703125,78.73745727539062,94.69140625,46.4923210144043,31.2503719329834,79.2011947631836,124.87999725341797
2014-04-29,152.78302001953125,79.36576080322266,94.93035888671875,46.79489517211914,31.547487258911133,79.09392547607422,124.86000061035156
2014-04-30,153.23866271972656,79.5751953125,95.56185150146484,46.980560302734375,31.486547470092773,79.42280578613281,124.22000122070312
2014-05-01,153.2549591064453,79.81192779541016,95.52772521972656,47.11121368408203,31.524635314941406,80.27488708496094,123.80000305175781
2014-05-02,153.0352325439453,79.66624450683594,95.60452270507812,47.03557205200195,31.699867248535156,80.7693099975586,125.05999755859375
2014-05-05,153.32823181152344,80.08509063720703,95.48503875732422,47.00118637084961,31.524635314941406,80.2820053100586,126.22000122070312
2014-05-06,151.99366760253906,79.04701232910156,93.93189239501953,46.91865539550781,31.66937828063965,80.60447692871094,125.9800033569336
2014-05-07,152.8887481689453,78.81940460205078,93.99162292480469,46.97367477416992,31.836990356445312,80.3178482055664,124.16999816894531
2014-05-08,152.72601318359375,78.74656677246094,93.04439544677734,46.980560302734375,31.760805130004883,79.97380065917969,124.16999816894531
2014-05-09,152.95388793945312,79.03794860839844,93.89778137207031,46.91178512573242,31.707473754882812,79.71589660644531,124.0999984741211
2014-05-12,154.44309997558594,80.34008026123047,96.03119659423828,47.221229553222656,32.240760803222656,79.39342498779297,124.94000244140625
2014-05-13,154.58139038085938,80.39470672607422,95.09251403808594,47.290000915527344,32.36265182495117,80.08137512207031,124.5999984741211
2014-05-14,153.8490447998047,79.97586059570312,93.54786682128906,47.20060729980469,32.59120178222656,80.94844818115234,125.80999755859375
2014-05-15,152.4981689453125,79.34754943847656,92.91636657714844,46.99429702758789,32.286468505859375,81.5933837890625,124.7699966430664
2014-05-16,153.02713012695312,79.86660766601562,93.50521850585938,47.09746170043945,32.71308898925781,81.36404418945312,124.5
2014-05-19,153.58863830566406,80.42205810546875,94.51221466064453,47.00118637084961,32.71308898925781,80.76213836669922,124.58000183105469
2014-05-20,152.6202850341797,80.1306381225586,93.0699691772461,46.70549011230469,32.44645309448242,80.94125366210938,124.69000244140625
2014-05-21,153.90597534179688,80.89550018310547,93.54786682128906,47.06995391845703,32.697853088378906,80.44682312011719,124.38999938964844
2014-05-22,154.2803192138672,81.25067138671875,94.52071380615234,47.131832122802734,32.926414489746094,80.33216094970703,124.66999816894531
2014-05-23,154.89877319335938,81.84251403808594,95.5533447265625,47.25560760498047,32.86545944213867,80.76213836669922,124.51000213623047
2014-05-27,155.85084533691406,82.86234283447266,96.92728424072266,47.592567443847656,32.58358383178711,81.23506164550781,121.8499984741211
2014-05-28,155.7369384765625,82.60741424560547,96.42378234863281,47.43440246582031,32.77404022216797,82.23833465576172,121.19999694824219
2014-05-29,156.54258728027344,83.13554382324219,96.748046875,47.72322082519531,32.86545944213867,81.80117797851562,120.94000244140625
2014-05-30,156.79478454589844,83.14464569091797,96.31285095214844,47.73009490966797,32.415977478027344,81.76541900634766,120.43000030517578
2014-06-02,156.9738311767578,83.06268310546875,95.79228210449219,47.826377868652344,32.51502227783203,81.15755462646484,119.69999694824219
2014-06-03,156.8925018310547,83.02627563476562,95.56185150146484,47.70946502685547,32.697853088378906,80.15888977050781,120.01000213623047
2014-06-04,157.20986938476562,83.3358383178711,95.9373550415039,47.695716857910156,32.51502227783203,80.13734436035156,119.76000213623047
2014-06-05,158.23519897460938,84.03701782226562,97.95133209228516,48.02579116821289,32.85784149169922,80.17326354980469,120.66000366210938
2014-06-06,158.99195861816406,84.5196304321289,98.89007568359375,48.287113189697266,33.18543243408203,80.17326354980469,120.61000061035156
2014-06-09,159.15469360351562,84.45586395263672,99.76053619384766,48.238956451416016,33.30732727050781,80.05830383300781,120.6500015258789
2014-06-10,159.17098999023438,84.60157775878906,99.56419372558594,48.135807037353516,33.4825439453125,79.76375579833984,121.38999938964844
2014-06-11,158.61764526367188,84.5833740234375,99.07781219482422,47.89513397216797,33.36827850341797,79.907470703125,121.41000366210938
2014-06-12,157.49465942382812,83.81848907470703,98.47188568115234,47.90889358520508,33.20828628540039,80.6187515258789,122.63999938964844
2014-06-13,157.9747314453125,84.06432342529297,98.64256286621094,47.943275451660156,33.2235221862793,80.57563781738281,122.95999908447266
2014-06-16,158.1049346923828,84.1371841430664,99.12046813964844,47.95701599121094,33.0711555480957,80.77677917480469,122.41999816894531
2014-06-17,158.5443572998047,84.18267059326172,99.82022094726562,47.922637939453125,33.07876205444336,80.13734436035156,122.27999877929688
2014-06-18,159.70811462402344,84.65619659423828,100.49441528320312,48.33523941040039,33.444454193115234,80.75528717041016,122.66999816894531
2014-06-19,159.88714599609375,84.60157775878906,100.57979583740234,48.59653854370117,33.25400161743164,79.72061920166016,126.94000244140625
2014-06-20,160.21170043945312,84.70108032226562,100.91259002685547,48.5140266418457,33.18543243408203,80.32411193847656,126.5
2014-06-23,160.16268920898438,84.71935272216797,100.71630859375,48.38336944580078,33.116859436035156,80.07268524169922,126.8499984741211
2014-06-24,159.19778442382812,84.63716125488281,99.64102935791016,48.08079528808594,33.10162353515625,80.88455963134766,126.9800033569336
2014-06-25,159.9173583984375,85.17584991455078,100.48588562011719,48.06388854980469,33.171504974365234,81.09288024902344,126.98999786376953
2014-06-26,159.80296325683594,85.22151184082031,100.3152084350586,48.099117279052734,33.209896087646484,81.48088836669922,126.7300033569336
2014-06-27,160.11358642578125,85.59586334228516,100.9894027709961,48.12729263305664,33.28668212890625,81.35873413085938,126.66000366210938
2014-06-30,160.03187561035156,85.7419204711914,101.39046478271484,48.16957092285156,33.194549560546875,81.55989074707031,128.0399932861328
2014-07-01,161.1029510498047,86.68233489990234,102.42304229736328,48.59230041503906,33.509361267089844,80.87705993652344,127.69999694824219
2014-07-02,161.26649475097656,86.82842254638672,102.02812957763672,48.6697998046875,33.70899200439453,80.01264190673828,127.69999694824219
2014-07-03,162.05953979492188,87.37621307373047,102.64494323730469,48.76842498779297,33.90865707397461,79.72457885742188,127.16000366210938
2014-07-07,161.4954071044922,87.1114730834961,100.88878631591797,48.38798141479492,33.8856201171875,80.30802154541016,127.0199966430664
2014-07-08,160.45703125,86.0615005493164,99.66374206542969,47.88071823120117,33.7320442199707,81.20835876464844,127.06999969482422
2014-07-09,161.176513671875,86.70059204101562,99.7922592163086,48.03572082519531,33.92399978637695,81.27322387695312,127.83999633789062
2014-07-10,160.5387725830078,86.42669677734375,98.73001861572266,47.507293701171875,33.739715576171875,81.2948226928711,128.5399932861328
2014-07-11,160.75955200195312,86.98361206054688,98.60148620605469,47.53548812866211,33.70132064819336,81.81348419189453,128.77999877929688
2014-07-14,161.56907653808594,87.50403594970703,99.1069564819336,47.88776779174805,33.9623908996582,81.46052551269531,125.72000122070312
2014-07-15,161.26649475097656,87.20278930664062,98.13032531738281,47.767982482910156,33.93936538696289,81.2948226928711,124.52999877929688
2014-07-16,161.86337280273438,87.54971313476562,97.86477661132812,48.06388854980469,34.023834228515625,81.72702026367188,124.97000122070312
2014-07-17,160.0236358642578,86.39019775390625,96.3570556640625,47.45093536376953,33.38650131225586,82.75704956054688,127.08999633789062
2014-07-18,161.65895080566406,87.75971984863281,97.85620880126953,47.82434844970703,33.90865707397461,82.49054718017578,126.12999725341797
2014-07-21,161.35643005371094,87.65017700195312,97.46216583251953,47.64820861816406,34.023834228515625,82.901123046875,126.33999633789062
2014-07-22,162.05953979492188,88.20709991455078,98.28453826904297,47.85956573486328,34.33864974975586,83.07400512695312,125.73999786376953
2014-07-23,162.41937255859375,88.77316284179688,98.40446472167969,47.95820617675781,34.369361877441406,82.96598815917969,125.62000274658203
2014-07-24,162.42755126953125,88.67273712158203,98.20747375488281,48.070926666259766,34.5229377746582,82.34651184082031,124.3499984741211
2014-07-25,161.66709899902344,88.32579040527344,97.31655883789062,47.8736572265625,34.38471984863281,83.31893157958984,125.79000091552734
2014-07-28,161.73251342773438,88.35315704345703,96.82821655273438,47.88071823120117,34.62276077270508,83.20368957519531,125.58000183105469
2014-07-29,161.03753662109375,88.19792938232422,97.09375762939453,47.78207015991211,34.41543960571289,83.5062255859375,125.19999694824219
2014-07-30,161.0620574951172,88.54492950439453,97.47929382324219,47.71161651611328,34.24650573730469,82.34651184082031,124.83000183105469
2014-07-31,157.88137817382812,86.75538635253906,95.25196075439453,46.915489196777344,33.647579193115234,82.1015853881836,123.38999938964844
2014-08-01,157.39901733398438,86.43585968017578,94.81507110595703,46.59139633178711,33.83186340332031,82.73712921142578,124.37999725341797
2014-08-04,158.53546142578125,87.02931213378906,95.65460205078125,46.8098030090332,34.14668655395508,82.52046966552734,123.98999786376953
2014-08-05,156.9983673095703,86.3627700805664,95.41474151611328,46.2109489440918,33.624534606933594,82.7876968383789,123.87000274658203
2014-08-06,157.04739379882812,86.29885864257812,95.71455383300781,46.09822082519531,33.394187927246094,82.83821868896484,125.66999816894531
2014-08-07,156.1969757080078,86.02497100830078,95.25196075439453,45.724815368652344,33.263641357421875,83.61097717285156,126.18000030517578
2014-08-08,158.0040283203125,86.64582824707031,96.17715454101562,45.992530822753906,33.56310272216797,83.43043518066406,126.19000244140625
2014-08-11,158.4619140625,87.15713500976562,97.09375762939453,46.16867446899414,33.99311447143555,83.42325592041016,125.95999908447266
2014-08-12,158.2411651611328,87.12059020996094,96.42559814453125,46.13344955444336,34.031517028808594,82.88158416748047,125.98999786376953
2014-08-13,159.312255859375,88.04273986816406,97.17945098876953,46.394126892089844,34.21579360961914,83.42325592041016,126.19999694824219
2014-08-14,160.06446838378906,88.4992904663086,97.32511138916016,46.640716552734375,34.2695426940918,84.09495544433594,126.30999755859375
2014-08-15,160.03187561035156,88.9283676147461,97.13661193847656,46.59139633178711,34.177398681640625,85.0121078491211,125.4800033569336
2014-08-18,161.3727569580078,89.6131362915039,98.55012512207031,46.89434814453125,34.507568359375,84.16708374023438,124.95999908447266
2014-08-19,162.21499633789062,90.11532592773438,98.89278411865234,47.007076263427734,34.668827056884766,83.90713500976562,124.68000030517578
2014-08-20,162.64833068847656,90.11532592773438,98.47299194335938,46.85911560058594,34.5997200012207,83.76990509033203,124.22000122070312
2014-08-21,163.12255859375,90.29788970947266,98.68717193603516,47.05640411376953,34.45383071899414,84.23934936523438,122.87999725341797
2014-08-22,162.8690948486328,90.43488311767578,98.69574737548828,46.830936431884766,34.36168670654297,84.70879364013672,123.19000244140625
2014-08-25,163.69493103027344,90.75443267822266,99.1583251953125,47.13390350341797,34.615081787109375,85.02654266357422,122.73999786376953
2014-08-26,163.80120849609375,90.84573364257812,100.05784606933594,47.14094161987305,34.82240676879883,84.75209045410156,123.3499984741211
2014-08-27,163.7357940673828,90.86396789550781,99.80941772460938,47.2325325012207,34.99900436401367,85.47434997558594,123.31999969482422
2014-08-28,163.64585876464844,90.7635498046875,99.29541778564453,47.02116394042969,34.65346908569336,85.92208099365234,124.0
2014-08-29,164.1119384765625,91.10138702392578,99.85224151611328,47.00003433227539,34.5997200012207,85.97986602783203,123.86000061035156
2014-09-02,164.0301971435547,91.36614990234375,100.40048217773438,47.09162521362305,34.545963287353516,84.49665832519531,121.6500015258789
2014-09-03,163.9402313232422,90.82748413085938,99.7665786743164,47.422760009765625,34.99900436401367,84.96721649169922,122.1500015258789
2014-09-04,163.70314025878906,90.74527740478516,99.38105773925781,47.19731521606445,34.906864166259766,83.93206787109375,121.4800033569336
2014-09-05,164.4390106201172,91.2018051147461,99.69801330566406,47.2043571472168,35.20631790161133,83.77279663085938,122.05999755859375
2014-09-08,164.01380920410156,91.3752670288086,99.85224151611328,46.70412826538086,34.791690826416016,83.80902099609375,120.7300033569336
2014-09-09,162.9754180908203,90.61747741699219,98.67003631591797,46.57025909423828,34.36168670654297,83.74388885498047,120.87000274658203
2014-09-10,163.58863830566406,91.36614990234375,99.25254821777344,46.8380012512207,34.21579360961914,83.2154312133789,120.26000213623047
2014-09-11,163.7767333984375,91.29308319091797,99.89505767822266,46.577308654785156,33.985435485839844,82.94036865234375,119.47000122070312
2014-09-12,162.82005310058594,90.82748413085938,98.83280944824219,46.51388931274414,33.624534606933594,82.07172393798828,118.37999725341797
2014-09-15,162.6973876953125,89.95097351074219,97.75340270996094,46.41526412963867,33.45560836791992,82.1948013305664,118.63999938964844
2014-09-16,163.92384338378906,90.73615264892578,98.02752685546875,46.6125373840332,33.89329147338867,81.86186218261719,118.83000183105469
2014-09-17,164.14463806152344,90.87310028076172,98.28453826904297,46.28140640258789,33.57847213745117,81.65190887451172,117.54000091552734
2014-09-18,165.01951599121094,91.55789947509766,98.88420104980469,46.640716552734375,33.624534606933594,81.91246795654297,117.77999877929688
2014-09-19,164.870849609375,91.50114440917969,97.63348388671875,46.478675842285156,33.37114334106445,82.9548110961914,117.08999633789062
2014-09-22,163.5975799560547,90.64999389648438,96.26282501220703,46.27434158325195,32.86436080932617,83.05622100830078,116.8499984741211
2014-09-23,162.6610870361328,90.40290832519531,95.36334228515625,45.88684844970703,32.68007278442383,83.57014465332031,117.5999984741211
2014-09-24,163.9343719482422,91.37299346923828,96.22662353515625,46.119354248046875,33.14847183227539,83.10684204101562,117.05000305175781
2014-09-25,161.28921508789062,89.45111846923828,94.60309600830078,45.442989349365234,32.42667770385742,84.09136199951172,117.38999938964844
2014-09-26,162.5706787109375,90.40290832519531,95.45352172851562,45.633216857910156,32.572566986083984,83.96829223632812,117.05999755859375
2014-09-29,162.27491760253906,90.28395080566406,95.37623596191406,45.21049118041992,31.91221046447754,84.6414794921875,117.02999877929688
2014-09-30,161.8478240966797,90.41204833984375,93.93309783935547,45.17526626586914,31.91221046447754,84.16373443603516,116.20999908447266
2014-10-01,159.65444946289062,88.96605682373047,92.60160064697266,44.639808654785156,31.259532928466797,85.79571533203125,116.7699966430664
2014-10-02,159.67909240722656,88.96605682373047,93.48639678955078,44.16072463989258,31.428470611572266,85.04827117919922,116.73999786376953
2014-10-03,161.4370574951172,89.8446273803711,94.19078063964844,44.16072463989258,31.69721031188965,85.41118621826172,114.61000061035156
2014-10-06,161.24818420410156,89.65242767333984,93.3833236694336,44.44253921508789,32.111854553222656,85.46190643310547,116.02999877929688
2014-10-07,158.75906372070312,88.38030242919922,91.84568786621094,43.688682556152344,31.827749252319336,86.61572265625,116.36000061035156
2014-10-08,161.53564453125,90.10089111328125,93.6066665649414,44.37913513183594,32.303829193115234,86.63754272460938,117.47000122070312
2014-10-09,158.33189392089844,88.6457290649414,91.08116149902344,43.18844985961914,31.797035217285156,86.26017761230469,117.63999938964844
2014-10-10,156.5245819091797,86.43094635009766,89.97301483154297,42.540283203125,31.105958938598633,87.11643981933594,117.58999633789062
2014-10-13,153.95339965820312,85.07649993896484,89.61223602294922,42.48392105102539,31.4207820892334,87.64620208740234,118.5199966430664
2014-10-14,154.191650390625,85.08561706542969,90.66023254394531,42.58959197998047,31.605073928833008,88.2195053100586,118.58999633789062
2014-10-15,153.1483612060547,84.53650665283203,91.57077026367188,42.335960388183594,31.205780029296875,88.91613006591797,118.98999786376953
2014-10-16,153.01693725585938,84.00569915771484,92.60160064697266,41.9414176940918,30.921680450439453,88.35012817382812,119.22000122070312
2014-10-17,154.8241729736328,85.11308288574219,92.32671356201172,42.723453521728516,31.26720428466797,87.85663604736328,118.98999786376953
2014-10-20,156.3274688720703,86.38520050048828,93.40909576416016,42.99118423461914,31.35936164855957,88.17594909667969,119.80000305175781
2014-10-21,159.42445373535156,88.6549072265625,94.94670104980469,43.505496978759766,31.489891052246094,87.47203063964844,120.0199966430664
2014-10-22,158.29083251953125,88.19728088378906,93.58946990966797,43.18844985961914,31.282569885253906,87.5663833618164,119.33999633789062
2014-10-23,160.1309356689453,89.52432250976562,95.24735260009766,43.60414505004883,31.27488899230957,86.78990936279297,118.5199966430664
2014-10-24,161.3631134033203,90.2564697265625,95.41058349609375,43.843685150146484,31.497570037841797,86.8769760131836,118.3499984741211
2014-10-27,161.141357421875,90.32054138183594,95.35902404785156,43.59709167480469,31.251863479614258,87.0366439819336,118.05999755859375
2014-10-28,162.98968505859375,91.68417358398438,98.07350158691406,44.25935745239258,31.881502151489258,86.49237060546875,118.0999984741211
2014-10-29,162.74325561523438,91.3455810546875,97.8415756225586,43.92118835449219,31.92757797241211,86.68830871582031,116.41000366210938
2014-10-30,163.78651428222656,91.53775024414062,98.67481231689453,44.238224029541016,32.22703170776367,86.7608642578125,115.19000244140625
2014-10-31,165.6594696044922,92.80074310302734,100.1265869140625,45.05550003051758,32.3652458190918,86.53594207763672,112.66000366210938
2014-11-03,165.74981689453125,93.07527160644531,99.9547348022461,44.667999267578125,32.096500396728516,86.53596496582031,112.1500015258789
2014-11-04,165.17486572265625,92.76409149169922,99.49089050292969,44.41435623168945,32.12721252441406,86.8050765991211,112.22000122070312
2014-11-05,166.2180633544922,92.77324676513672,99.6712646484375,44.498905181884766,31.843101501464844,86.68143463134766,109.79000091552734
2014-11-06,166.8834686279297,93.06614685058594,100.10077667236328,44.25935745239258,31.45150375366211,86.12127685546875,109.87999725341797
2014-11-07,167.03953552246094,92.9837646484375,100.2553939819336,44.280494689941406,31.651145935058594,87.11063385009766,112.97000122070312
2014-11-10,167.5652618408203,93.31321716308594,100.75364685058594,44.47776794433594,31.73561668395996,86.31039428710938,110.45999908447266
2014-11-11,167.7295684814453,93.6060791015625,100.82235717773438,44.7454948425293,31.70489501953125,86.36861419677734,112.04000091552734
2014-11-12,167.54884338378906,93.77080535888672,101.27765655517578,44.365047454833984,31.643465042114258,86.29585266113281,111.5
2014-11-13,167.73782348632812,94.17350769042969,100.41863250732422,44.576412200927734,31.559003829956055,86.49955749511719,111.66999816894531
2014-11-14,167.7788848876953,94.46634674072266,100.23823547363281,44.639808654785156,31.820070266723633,86.92143249511719,114.47000122070312
2014-11-17,167.88565063476562,94.18264770507812,99.40497589111328,44.46367645263672,31.482202529907227,86.70323944091797,114.05000305175781
2014-11-18,168.85504150390625,94.88736724853516,99.98052215576172,44.94981002807617,31.651145935058594,86.94327545166016,115.05000305175781
2014-11-19,168.58396911621094,94.45722198486328,98.91534423828125,44.81595230102539,31.63578987121582,86.39041900634766,113.68000030517578
2014-11-20,168.8796844482422,94.87821197509766,100.02344512939453,44.5482292175293,31.582035064697266,86.84138488769531,114.86000061035156
2014-11-21,169.78323364257812,95.06124114990234,100.14373016357422,44.93571853637695,32.58793640136719,87.365234375,115.38999938964844
2014-11-24,170.25973510742188,95.80257415771484,101.33776092529297,45.196407318115234,32.31917953491211,87.43795776367188,115.11000061035156
2014-11-25,170.13648986816406,95.94898223876953,101.41508483886719,45.27390670776367,32.111854553222656,88.16539001464844,115.37999725341797
2014-11-26,170.5718994140625,96.57127380371094,101.75009155273438,45.45003890991211,32.518821716308594,88.40544128417969,115.16000366210938
2014-11-28,170.21041870117188,97.01976013183594,100.23823547363281,45.083675384521484,31.86614227294922,89.1037826538086,112.11000061035156
2014-12-01,169.0275421142578,95.92153930664062,98.67481231689453,45.04140090942383,31.320959091186523,88.58396911621094,116.58000183105469
2014-12-02,170.12008666992188,96.30591583251953,99.86026000976562,45.16822052001953,31.31328010559082,87.72366333007812,115.13999938964844
2014-12-03,170.77725219726562,96.47978973388672,100.82235717773438,45.11186218261719,31.39774513244629,88.06629180908203,116.33000183105469
2014-12-04,170.58834838867188,96.43404388427734,100.34132385253906,44.963897705078125,31.45150375366211,88.80272674560547,115.87999725341797
2014-12-05,170.86767578125,96.4432144165039,101.09724426269531,45.06254196166992,31.390071868896484,88.28498840332031,114.43000030517578
2014-12-08,169.72579956054688,95.7568130493164,99.83448791503906,44.667999267578125,30.929351806640625,89.36408996582031,115.77999877929688
2014-12-09,169.61080932617188,96.05879974365234,101.50958251953125,44.42845153808594,30.637569427490234,89.82335662841797,118.19000244140625
2014-12-10,166.8916778564453,94.54875183105469,99.35345458984375,43.86481857299805,30.184532165527344,90.47953796386719,117.95999908447266
2014-12-11,167.73782348632812,94.9971923828125,99.74859619140625,43.80845260620117,29.931140899658203,90.85135650634766,117.69000244140625
2014-12-12,165.02691650390625,93.96302032470703,98.53738403320312,42.9630012512207,29.439708709716797,92.08355712890625,117.41000366210938
2014-12-15,163.89332580566406,92.99290466308594,97.54093170166016,42.25141525268555,29.017379760742188,91.89396667480469,114.38999938964844
2014-12-16,162.5789794921875,91.50114440917969,97.40349578857422,42.55436706542969,28.971315383911133,93.03135681152344,114.94999694824219
2014-12-17,165.76625061035156,93.16680908203125,100.4100341796875,43.06304931640625,29.63727569580078,92.19290924072266,114.2699966430664
2014-12-18,169.8654327392578,95.40902709960938,101.90471649169922,43.83140182495117,30.042308807373047,90.55243682861328,115.1500015258789
2014-12-19,170.58816528320312,95.82882690429688,102.13666534423828,43.89542770385742,30.252607345581055,91.77001190185547,114.7699966430664
2014-12-22,171.37294006347656,96.0676498413086,102.83245086669922,44.10885238647461,30.6732177734375,91.89396667480469,112.55000305175781
2014-12-23,171.6041717529297,95.72779083251953,102.96131896972656,43.9665641784668,30.392818450927734,90.0712661743164,112.73999786376953
2014-12-24,171.6207733154297,95.81043243408203,103.25878143310547,44.165767669677734,30.462905883789062,90.5615234375,112.7699966430664
2014-12-26,172.1741180419922,96.490234375,103.93128967285156,44.279598236083984,30.70436668395996,90.89759826660156,114.83000183105469
2014-12-29,172.4053955078125,96.47186279296875,104.37100982666016,43.95944595336914,30.517440795898438,91.57711029052734,113.66999816894531
2014-12-30,171.48031616210938,95.82882690429688,103.75884246826172,43.55393981933594,30.579748153686523,91.82552337646484,115.19999694824219
2014-12-31,169.7786865234375,94.84591674804688,103.13805389404297,43.28358840942383,30.603120803833008,92.00086975097656,113.58000183105469
2015-01-02,169.68783569335938,94.5611572265625,102.54313659667969,43.09862518310547,30.198091506958008,93.02374267578125,114.08000183105469
2015-01-05,166.62335205078125,93.1740493774414,101.17221069335938,42.081268310546875,29.660642623901367,94.48502349853516,115.80000305175781
2015-01-06,165.05393981933594,91.92474365234375,99.4218978881836,41.60460662841797,29.53601837158203,96.1874008178711,117.12000274658203
2015-01-07,167.1106719970703,93.10975646972656,100.64624786376953,42.067039489746094,30.174720764160156,95.99742889404297,116.43000030517578
2015-01-08,170.07606506347656,94.89185333251953,102.35344696044922,42.63618469238281,30.688796997070312,94.72612762451172,115.94000244140625
2015-01-09,168.71315002441406,94.2672119140625,101.37052917480469,42.42986297607422,30.58754539489746,95.76362609863281,117.26000213623047
2015-01-12,167.3915252685547,93.2843017578125,101.03424835205078,42.33026885986328,30.338287353515625,96.31158447265625,118.55999755859375
2015-01-13,166.9207305908203,93.25672912597656,101.1118392944336,42.543701171875,30.603120803833008,96.31158447265625,118.16000366210938
2015-01-14,165.91290283203125,92.7423324584961,100.70663452148438,42.42275619506836,30.431758880615234,97.04225158691406,117.97000122070312
2015-01-15,164.39312744140625,91.53894805908203,99.00806427001953,42.69309616088867,30.501867294311523,98.5691909790039,120.94000244140625
2015-01-16,166.5489959716797,92.61371612548828,100.62040710449219,43.24802017211914,30.7589054107666,97.3125228881836,122.5199966430664
2015-01-20,166.90419006347656,93.34862518310547,100.19790649414062,43.39741897583008,30.712162017822266,98.60575103759766,124.19999694824219
2015-01-21,167.74668884277344,93.82625579833984,99.87889099121094,43.7389030456543,31.389820098876953,97.46595764160156,124.2300033569336
2015-01-22,170.24130249023438,95.56240844726562,101.91372680664062,43.90253829956055,31.989572525024414,97.11524963378906,125.2300033569336
2015-01-23,169.30784606933594,95.77373504638672,101.84473419189453,43.653541564941406,31.748106002807617,98.46699523925781,124.2300033569336
2015-01-26,169.704345703125,95.6634521484375,102.8276596069336,44.25114440917969,31.76368522644043,98.16734313964844,122.98999786376953
2015-01-27,167.4658966064453,93.18323516845703,102.33622741699219,44.3151741027832,31.59232521057129,98.32080078125,124.4000015258789
2015-01-28,165.31825256347656,92.70555114746094,100.61180114746094,43.653541564941406,31.249603271484375,99.92816925048828,123.41999816894531
2015-01-29,166.84632873535156,93.59661865234375,101.9999008178711,44.25114440917969,31.249603271484375,99.2706069946289,120.76000213623047
2015-01-30,164.74826049804688,92.87094116210938,99.75818634033203,43.55393981933594,30.392818450927734,101.0314712524414,123.44999694824219
2015-02-02,166.78858947753906,93.67930603027344,100.672119140625,44.080387115478516,30.938047409057617,100.64999389648438,122.41999816894531
2015-02-03,169.20050048828125,94.57952880859375,102.4741439819336,44.784706115722656,31.52222442626953,98.51957702636719,121.05000305175781
2015-02-04,168.55621337890625,94.49684143066406,102.09477996826172,44.414772033691406,31.366445541381836,98.68801879882812,121.58000183105469
2015-02-05,170.2577667236328,95.31440734863281,103.4139633178711,45.026607513427734,31.553375244140625,97.60447692871094,121.79000091552734
2015-02-06,169.78697204589844,94.73567962646484,103.3018798828125,44.46457290649414,31.015932083129883,95.87663269042969,118.63999938964844
2015-02-09,169.02703857421875,94.43254852294922,102.4827880859375,44.25114440917969,30.969202041625977,95.7228775024414,119.16999816894531
2015-02-10,170.82774353027344,95.90228271484375,103.13805389404297,44.656654357910156,30.891313552856445,94.96151733398438,118.47000122070312
2015-02-11,170.9268341064453,96.25137329101562,102.9914779663086,44.414772033691406,30.66543197631836,95.13724517822266,117.06999969482422
2015-02-12,172.57061767578125,97.3720703125,104.16411590576172,45.1048583984375,31.319700241088867,94.82244873046875,117.33999633789062
2015-02-13,173.28099060058594,98.20800018310547,104.7848892211914,45.403656005859375,31.678001403808594,93.84874725341797,117.9800033569336
2015-02-17,173.5535888671875,98.29987335205078,105.11251068115234,45.5103759765625,31.607908248901367,92.43575286865234,116.01000213623047
2015-02-18,173.5701446533203,98.43766784667969,105.22459411621094,45.78071975708008,31.600099563598633,92.9848403930664,116.33999633789062
2015-02-19,173.44619750976562,98.92453002929688,105.2332534790039,45.8376350402832,31.46770477294922,92.36991119384766,115.94000244140625
2015-02-20,174.4869842529297,99.58589935302734,105.51776885986328,46.264495849609375,31.678001403808594,92.64077758789062,115.27999877929688
2015-02-23,174.46218872070312,99.68695831298828,105.62123107910156,46.100868225097656,31.35865592956543,93.70234680175781,115.43000030517578
2015-02-24,174.95779418945312,99.76045989990234,105.75922393798828,46.385440826416016,31.810413360595703,94.93226623535156,115.26000213623047
2015-02-25,174.80914306640625,99.51242065429688,105.8799057006836,46.4210090637207,31.748106002807617,95.34225463867188,115.69999694824219
2015-02-26,174.6025848388672,100.0176773071289,106.26790618896484,46.29294967651367,31.755895614624023,94.03907775878906,116.06999969482422
2015-02-27,174.00791931152344,99.57674407958984,105.6902084350586,46.314292907714844,31.73253059387207,94.82976531982422,116.16000366210938
2015-03-02,175.10653686523438,100.47695922851562,106.45759582519531,46.385440826416016,31.685791015625,93.06346130371094,115.68000030517578
2015-03-03,174.38783264160156,100.00847625732422,105.82818603515625,46.100868225097656,31.444337844848633,92.72599029541016,115.47000122070312
2015-03-04,173.6527099609375,99.62261962890625,105.50050354003906,45.91588592529297,31.10161781311035,92.75535583496094,115.11000061035156
2015-03-05,173.84275817871094,99.79719543457031,105.8109130859375,46.022605895996094,31.05487632751465,92.637939453125,115.0
2015-03-06,171.39768981933594,98.66728210449219,104.47449493408203,45.396549224853516,30.579748153686523,90.59142303466797,111.86000061035156
2015-03-09,172.1080322265625,98.95207977294922,104.93146514892578,45.467689514160156,30.462905883789062,91.42764282226562,111.97000122070312
2015-03-10,169.31614685058594,97.11486053466797,103.72433471679688,44.47879409790039,29.785266876220703,92.63063049316406,111.41999816894531
2015-03-11,168.9196319580078,96.55449676513672,104.36238098144531,44.592628479003906,30.011150360107422,93.30548095703125,110.75
2015-03-12,171.06727600097656,97.18836975097656,106.09544372558594,45.14754867553711,30.198091506958008,93.23947143554688,110.72000122070312
2015-03-13,170.01828002929688,96.76580810546875,105.7160873413086,44.88431930541992,29.83200454711914,92.953369140625,110.87999725341797
2015-03-16,172.2897491455078,98.01510620117188,106.33688354492188,45.38942337036133,30.190296173095703,93.84827423095703,110.80999755859375
2015-03-17,171.77769470214844,98.17127990722656,106.62142181396484,45.275604248046875,30.540802001953125,94.62582397460938,110.20999908447266
2015-03-18,173.84275817871094,99.13578033447266,107.4749984741211,46.24314880371094,31.28856086730957,96.45231628417969,112.37000274658203
2015-03-19,173.0497589111328,99.28277587890625,107.68191528320312,45.70246124267578,30.7589054107666,95.96085357666016,112.29000091552734
2015-03-20,174.57713317871094,99.92543029785156,108.63037872314453,46.71269989013672,31.21845054626465,96.46701049804688,113.56999969482422
2015-03-23,174.2370147705078,99.7320785522461,108.53550720214844,46.947471618652344,31.311922073364258,96.34966278076172,114.29000091552734
2015-03-24,173.2580108642578,99.37303924560547,108.50965118408203,46.847869873046875,31.436546325683594,97.28119659423828,114.56999969482422
2015-03-25,170.71910095214844,97.09880828857422,105.91773223876953,46.6273193359375,30.938047409057617,96.4596939086914,114.7300033569336
2015-03-26,170.31256103515625,96.76739501953125,105.7879638671875,46.22180938720703,30.64985466003418,94.95594024658203,115.4800033569336
2015-03-27,170.70249938964844,97.15409851074219,106.46255493164062,46.342750549316406,30.735532760620117,96.1369400024414,115.05999755859375
2015-03-30,172.78500366210938,98.26812744140625,107.9068374633789,46.37120819091797,31.327497482299805,95.66014862060547,113.75
2015-03-31,171.27500915527344,97.22774505615234,107.5609359741211,45.65266418457031,31.257396697998047,95.86552429199219,113.66000366210938
2015-04-01,170.6693572998047,96.72134399414062,107.60416412353516,45.979923248291016,31.6468505859375,97.12468719482422,115.5999984741211
2015-04-02,171.2832794189453,96.78581237792969,107.80306243896484,46.378326416015625,32.121986389160156,96.09561157226562,115.27999877929688
2015-04-06,172.4365692138672,97.57763671875,108.27873992919922,46.847869873046875,32.5348014831543,95.55901336669922,116.69000244140625
2015-04-07,171.9802703857422,97.4118881225586,107.58684539794922,46.783836364746094,32.37123107910156,96.36021423339844,116.11000061035156
2015-04-08,172.56101989746094,98.18528747558594,108.5122299194336,46.98303985595703,33.04887390136719,96.38959503173828,115.47000122070312
2015-04-09,173.3243865966797,98.80215454101562,108.12306213378906,47.04706954956055,33.376014709472656,95.14000701904297,114.66999816894531
2015-04-10,174.27020263671875,99.20726776123047,108.64196014404297,47.139564514160156,33.39938735961914,95.27962493896484,115.97000122070312
2015-04-13,173.48202514648438,98.95867156982422,108.71114349365234,46.84074783325195,33.20466232299805,95.4119873046875,115.13999938964844
2015-04-14,173.81393432617188,98.67326354980469,108.68523406982422,47.189353942871094,33.35265350341797,96.0882339477539,114.44000244140625
2015-04-15,174.59378051757812,99.29014587402344,109.4462661743164,47.40278244018555,33.5863151550293,96.00740051269531,115.43000030517578
2015-04-16,174.5440216064453,99.15204620361328,109.38573455810547,47.53083419799805,33.85114288330078,95.52957916259766,115.02999877929688
2015-04-17,172.53616333007812,97.6052474975586,107.61279296875,46.93324279785156,33.25918960571289,96.62478637695312,115.5999984741211
2015-04-20,174.11257934570312,99.06916046142578,108.66793060302734,46.98303985595703,33.2280158996582,95.7721939086914,114.72000122070312
2015-04-21,173.90512084960938,99.4926986694336,108.55548095703125,47.40278244018555,33.42274475097656,95.33843994140625,115.37999725341797
2015-04-22,174.75973510742188,100.03592681884766,108.71981811523438,47.495269775390625,33.78104782104492,93.88301086425781,113.83000183105469
2015-04-23,175.19952392578125,100.41339111328125,109.21278381347656,47.67313003540039,34.030296325683594,94.28736877441406,114.66000366210938
2015-04-24,175.60597229003906,101.77607727050781,108.84955596923828,47.95058822631836,34.154911041259766,94.87537384033203,113.05000305175781
2015-04-27,174.87591552734375,101.51829528808594,107.64740753173828,48.18536376953125,34.287322998046875,94.87537384033203,115.33000183105469
2015-04-28,175.4318084716797,101.31571960449219,108.24413299560547,48.24226379394531,34.341854095458984,93.56695556640625,116.33000183105469
2015-04-29,174.7099151611328,100.680419921875,107.06795501708984,47.82253646850586,33.91345977783203,92.4202651977539,115.51000213623047
2015-04-30,172.95932006835938,99.09674835205078,104.80203247070312,47.317413330078125,33.39938735961914,92.58197021484375,113.47000122070312
2015-05-01,174.8343963623047,100.40421295166016,105.48528289794922,47.8438720703125,33.60188674926758,91.335693359375,113.08000183105469
2015-05-04,175.3322296142578,100.56993865966797,105.86582946777344,47.79407501220703,33.796627044677734,90.47383880615234,114.0999984741211
2015-05-05,173.3243865966797,98.93107604980469,104.51664733886719,47.082637786865234,33.4305305480957,90.34862518310547,114.41999816894531
2015-05-06,172.61085510253906,98.2497329711914,104.8798828125,47.203590393066406,33.01771545410156,88.80183410644531,114.36000061035156
2015-05-07,173.29946899414062,98.8389892578125,105.27774047851562,47.04706954956055,32.97098922729492,89.99512481689453,113.41999816894531
2015-05-08,175.5811767578125,100.07275390625,106.0647201538086,48.13555908203125,33.3916015625,90.23817443847656,113.97000122070312
2015-05-11,174.7431182861328,99.68606567382812,106.12525939941406,47.715816497802734,33.07223892211914,88.04318237304688,113.52999877929688
2015-05-12,174.22042846679688,99.23490142822266,105.93500518798828,47.68736267089844,32.963191986083984,88.27149200439453,114.5
2015-05-13,174.25364685058594,99.43746948242188,105.93500518798828,48.04307556152344,33.0255012512207,87.56434631347656,116.55000305175781
2015-05-14,176.07064819335938,100.8921890258789,107.05929565429688,48.61933517456055,33.35265350341797,87.80007934570312,117.18000030517578
2015-05-15,176.26150512695312,100.8921890258789,106.93822479248047,48.67625427246094,33.60969161987305,89.56051635742188,117.52999877929688
2015-05-18,176.80909729003906,101.3341293334961,108.14901733398438,48.51262664794922,33.26697540283203,88.05791473388672,117.5199966430664
2015-05-19,176.75103759765625,101.22364807128906,108.00196838378906,48.32764434814453,33.321495056152344,87.27711486816406,115.88999938964844
2015-05-20,176.62655639648438,101.28807067871094,108.20088958740234,48.420135498046875,33.298118591308594,87.42445373535156,116.08000183105469
2015-05-21,177.14096069335938,101.81291961669922,108.07981872558594,48.67625427246094,33.1812858581543,88.64717102050781,115.69000244140625
2015-05-22,176.71783447265625,101.71165466308594,107.61279296875,48.36322021484375,33.29033279418945,88.68399047851562,115.5999984741211
2015-05-26,174.8177947998047,100.54232025146484,106.5836410522461,47.495269775390625,32.76068878173828,90.20135498046875,113.91000366210938
2015-05-27,176.47718811035156,102.16275787353516,107.88956451416016,47.95770263671875,32.76848220825195,90.40756225585938,113.88999938964844
2015-05-28,176.27806091308594,101.93260955810547,107.79442596435547,47.87233352661133,32.34007263183594,90.18663787841797,114.0199966430664
2015-05-29,175.182861328125,101.32493591308594,107.14578247070312,47.4099006652832,32.02851104736328,90.38551330566406,114.0999984741211
2015-06-01,175.53968811035156,101.66561889648438,107.4830551147461,47.2818489074707,31.903892517089844,89.41410064697266,114.0
2015-06-02,175.36541748046875,101.34334564208984,107.69064331054688,47.502384185791016,32.02851104736328,88.16654968261719,114.45999908447266
2015-06-03,175.8300323486328,101.64717864990234,108.76305389404297,47.7656135559082,31.864938735961914,86.74925231933594,113.63999938964844
2015-06-04,174.3449249267578,100.87377166748047,107.67332458496094,47.25338363647461,31.38201904296875,87.87867736816406,112.83999633789062
2015-06-05,174.0461883544922,100.63438415527344,108.45172119140625,46.69135284423828,31.241819381713867,86.80831909179688,112.23999786376953
2015-06-08,172.97586059570312,99.6124038696289,107.95005798339844,46.6273193359375,31.234025955200195,86.7123794555664,112.56999969482422
2015-06-09,172.9509735107422,99.4466552734375,107.62145233154297,46.37120819091797,31.047088623046875,86.02587890625,112.81999969482422
2015-06-10,175.02523803710938,100.80934143066406,108.96196746826172,47.34587097167969,31.49886703491211,85.27296447753906,113.77999877929688
2015-06-11,175.58949279785156,100.95664978027344,109.23870849609375,47.473934173583984,31.343074798583984,87.06670379638672,113.26000213623047
2015-06-12,174.2453155517578,100.12802124023438,108.9100570678711,47.09687423706055,31.343074798583984,87.06670379638672,113.2300033569336
2015-06-15,173.4986114501953,99.63082122802734,108.56413269042969,46.81229782104492,30.992572784423828,87.20694732666016,113.7300033569336
2015-06-16,174.4444580078125,100.17403411865234,109.33387756347656,46.79806137084961,31.000354766845703,87.89346313476562,113.31999969482422
2015-06-17,174.7264862060547,100.45024108886719,109.16954803466797,46.69135284423828,31.187299728393555,87.21430969238281,113.8499984741211
2015-06-18,176.5436248779297,101.91416931152344,110.6311264038086,47.11109924316406,31.475496292114258,86.78621673583984,115.31999969482422
2015-06-19,175.75987243652344,101.41033172607422,110.57921600341797,46.99727249145508,31.202880859375,87.90081024169922,115.12000274658203
2015-06-22,176.66033935546875,102.15778350830078,111.34030151367188,47.88655090332031,31.65463638305664,86.10707092285156,113.63999938964844
2015-06-23,176.78536987304688,102.24087524414062,111.57379913330078,48.014610290527344,31.966209411621094,85.59037780761719,112.88999938964844
2015-06-24,175.50143432617188,101.71485137939453,110.6311264038086,47.60198974609375,31.74032211303711,86.32853698730469,112.58999633789062
2015-06-25,174.9678192138672,101.5118408203125,110.57060241699219,47.58100509643555,31.631256103515625,86.02587890625,112.44000244140625
2015-06-26,174.93447875976562,100.83817291259766,110.26788330078125,47.559303283691406,31.333059310913086,85.05887603759766,112.55999755859375
2015-06-29,171.26600646972656,98.4572525024414,107.4830551147461,46.09794235229492,30.634685516357422,87.31031036376953,113.06999969482422
2015-06-30,171.62452697753906,98.80792999267578,107.98468780517578,45.93155288696289,31.089801788330078,86.70500946044922,112.37000274658203
2015-07-01,173.0001983642578,99.5923080444336,108.3046875,46.2281608581543,31.06625747680664,85.53463745117188,111.9800033569336
2015-07-02,172.841796875,99.61998748779297,107.50477600097656,46.28604507446289,31.215356826782227,85.81575012207031,111.76000213623047
2015-07-06,172.34988403320312,99.3893051147461,107.47003936767578,45.3527946472168,30.344335556030273,87.40630340576172,112.05999755859375
2015-07-07,173.43377685546875,99.63848876953125,107.59162139892578,45.36725616455078,29.889209747314453,88.22747802734375,110.76000213623047
2015-07-08,170.5240478515625,97.90354919433594,105.95011901855469,44.31103515625,28.861257553100586,88.98946380615234,111.08999633789062
2015-07-09,170.83251953125,97.84819793701172,106.33232116699219,45.041717529296875,29.41839027404785,87.23615264892578,111.36000061035156
2015-07-10,172.98358154296875,99.3431625366211,107.80876159667969,46.517547607421875,30.163850784301758,85.85276794433594,111.48999786376953
2015-07-13,174.89279174804688,101.08732604980469,109.02468872070312,46.691162109375,30.367876052856445,85.58639526367188,110.98999786376953
2015-07-14,175.65142822265625,101.75179290771484,109.63265991210938,47.08182907104492,30.422800064086914,85.86754608154297,110.73999786376953
2015-07-15,175.5930938720703,101.86249542236328,109.05074310302734,46.908199310302734,30.07754135131836,86.77748107910156,110.16000366210938
2015-07-16,177.00218200683594,103.30213165283203,109.70211791992188,47.31333541870117,30.45419692993164,87.3767318725586,109.76000213623047
2015-07-17,177.1521759033203,104.8248062133789,109.22441864013672,47.233760833740234,30.414962768554688,87.82799530029297,108.6500015258789
2015-07-20,177.2439422607422,105.1846923828125,108.63386535644531,47.35674285888672,30.218786239624023,87.4581069946289,105.69999694824219
2015-07-21,176.54360961914062,105.12013244628906,108.12141418457031,47.21928405761719,30.226634979248047,87.93157196044922,105.37000274658203
2015-07-22,176.22674560546875,103.92964172363281,108.52091217041016,46.85755920410156,29.7950439453125,88.47898864746094,104.80000305175781
2015-07-23,175.2346649169922,103.54207611083984,107.32238006591797,46.734580993652344,29.504709243774414,89.58125305175781,104.33000183105469
2015-07-24,173.41714477539062,102.5269546508789,105.59404754638672,46.22092819213867,29.08097267150879,89.80322265625,105.3499984741211
2015-07-27,172.40826416015625,101.6779556274414,104.71685028076172,45.88090515136719,28.531675338745117,90.28412628173828,104.86000061035156
2015-07-28,174.52601623535156,102.55463409423828,105.61143493652344,46.45966720581055,28.822023391723633,89.62567138671875,105.0199966430664
2015-07-29,175.72654724121094,102.94223022460938,105.9067153930664,46.62605667114258,29.104509353637695,89.29277801513672,105.16999816894531
2015-07-30,175.7682647705078,103.43132781982422,106.21070098876953,46.58988952636719,28.81417465209961,89.98080444335938,104.2699966430664
2015-07-31,175.50143432617188,103.31136322021484,106.79258728027344,46.86479949951172,29.12804412841797,90.64656829833984,104.93000030517578
2015-08-03,174.90948486328125,102.98836517333984,106.26280975341797,46.741817474365234,28.641536712646484,91.60078430175781,104.0999984741211
2015-08-04,174.56765747070312,102.79456329345703,106.01094055175781,46.77798843383789,28.743549346923828,90.87419128417969,104.30999755859375
2015-08-05,175.1429901123047,103.58822631835938,106.25411224365234,47.02395248413086,28.751392364501953,90.19210052490234,103.93000030517578
2015-08-06,173.7089385986328,101.9271011352539,104.82109069824219,46.82862091064453,28.50029182434082,90.99281311035156,104.38999938964844
2015-08-07,173.3754119873047,101.79789733886719,104.11756134033203,46.741817474365234,28.484596252441406,92.18647766113281,104.6500015258789
2015-08-10,175.5597381591797,102.96070861816406,105.3161392211914,47.31333541870117,28.96327018737793,91.04470825195312,105.72000122070312
2015-08-11,173.97569274902344,101.6410140991211,104.41285705566406,46.58988952636719,28.327651977539062,92.49046325683594,106.26000213623047
2015-08-12,174.18411254882812,101.99169158935547,104.2131118774414,46.257102966308594,27.88822364807129,91.98635864257812,107.75
2015-08-13,173.9673614501953,101.82555389404297,103.86569213867188,46.2281608581543,27.84114646911621,91.68975067138672,106.86000061035156
2015-08-14,174.6009979248047,101.98247528076172,104.5344467163086,46.30051040649414,27.880382537841797,91.90475463867188,106.8499984741211
2015-08-17,175.576416015625,102.83147430419922,105.63748931884766,46.21368408203125,27.574338912963867,92.31995391845703,107.12999725341797
2015-08-18,175.06785583496094,102.30546569824219,104.79499816894531,45.8664436340332,27.276159286499023,91.59339904785156,107.11000061035156
2015-08-19,173.6839141845703,101.63179016113281,103.70938110351562,45.4613151550293,26.938743591308594,92.49791717529297,108.55000305175781
2015-08-20,170.05706787109375,98.8171615600586,101.08641815185547,44.361663818359375,26.515005111694336,93.4320297241211,110.44000244140625
2015-08-21,164.93797302246094,94.49825286865234,99.90528869628906,43.348854064941406,25.698917388916016,93.71379089355469,111.12999725341797
2015-08-24,157.99301147460938,90.86231994628906,96.0056381225586,41.851322174072266,24.576793670654297,93.68408203125,110.52999877929688
2015-08-25,156.13375854492188,90.5208969116211,95.26741790771484,42.24921417236328,24.89067268371582,92.17909240722656,109.16000366210938
2015-08-26,162.12826538085938,95.07968139648438,97.69058990478516,43.24755859375,25.714603424072266,90.39969635009766,107.66999816894531
2015-08-27,166.13858032226562,97.48827362060547,99.4362564086914,43.77568435668945,26.852418899536133,90.45159912109375,107.7300033569336
2015-08-28,166.14691162109375,97.46981811523438,100.41771697998047,43.7105712890625,26.507156372070312,90.71849060058594,108.69999694824219
2015-08-31,164.80459594726562,96.26089477539062,100.05293273925781,43.38502502441406,26.55423927307129,90.02156066894531,108.81999969482422
2015-09-01,159.8855743408203,93.25247192382812,97.18680572509766,41.93088912963867,25.52627944946289,90.67029571533203,109.19999694824219
2015-09-02,162.92031860351562,95.88255310058594,98.93254852294922,42.55305862426758,25.89508819580078,89.89009857177734,108.62000274658203
2015-09-03,163.03712463378906,95.411865234375,98.77618408203125,42.65433883666992,25.997102737426758,90.32846069335938,107.83999633789062
2015-09-04,160.56922912597656,94.27679443359375,98.0292739868164,41.677696228027344,25.220247268676758,91.15325164794922,107.48999786376953
2015-09-08,164.60450744628906,96.93457794189453,100.27003479003906,42.90031051635742,26.020639419555664,89.80841064453125,107.5199966430664
2015-09-09,162.40341186523438,95.84563446044922,99.11493682861328,42.7266845703125,25.887245178222656,90.23931884765625,106.12999725341797
2015-09-10,163.2872314453125,96.88843536376953,99.56656646728516,43.00883865356445,26.15404510498047,89.63005065917969,106.37999725341797
2015-09-11,164.02920532226562,97.42365264892578,100.03557586669922,43.00160217285156,26.256052017211914,90.19469451904297,106.16000366210938
2015-09-14,163.42056274414062,97.12838745117188,99.57524871826172,42.67604446411133,26.216814041137695,90.33588409423828,106.22000122070312
2015-09-15,165.4632568359375,98.27268981933594,100.69564056396484,42.96542739868164,26.467926025390625,88.60467529296875,105.9000015258789
2015-09-16,166.897216796875,98.82638549804688,101.56413269042969,43.6237678527832,27.11137580871582,88.27035522460938,107.30999755859375
2015-09-17,166.52212524414062,98.86329650878906,101.91156005859375,43.64547348022461,27.048595428466797,89.34767150878906,108.41000366210938
2015-09-18,163.80084228515625,97.45718383789062,100.50455474853516,42.55305862426758,26.546390533447266,90.72223663330078,109.20999908447266
2015-09-21,164.6473388671875,97.762451171875,100.32215118408203,42.53135681152344,26.499309539794922,89.24366760253906,108.52999877929688
2015-09-22,162.51022338867188,96.30081176757812,98.80226135253906,41.51853561401367,26.004945755004883,90.48445129394531,107.79000091552734
2015-09-23,162.2504425048828,96.37483215332031,98.5069580078125,41.32320785522461,25.589061737060547,90.47706604003906,108.22000122070312
2015-09-24,161.66375732421875,96.02328491210938,98.34197998046875,41.207454681396484,25.479196548461914,91.09378814697266,110.48999786376953
2015-09-25,161.6218719482422,95.209228515625,97.04762268066406,41.56916809082031,25.42426872253418,90.30616760253906,109.80999755859375
2015-09-28,157.5656280517578,92.49874877929688,94.33008575439453,40.75168228149414,24.88282585144043,91.85165405273438,108.41999816894531
2015-09-29,157.65774536132812,92.01773071289062,93.65941619873047,40.69380569458008,25.000530242919922,92.11165618896484,107.9800033569336
2015-09-30,160.59945678710938,94.13613891601562,95.11400604248047,41.46788787841797,25.722454071044922,91.79220581054688,106.86000061035156
2015-10-01,161.0184783935547,94.56166076660156,94.94850158691406,41.59811019897461,25.863697052001953,92.18378448486328,106.7300033569336
2015-10-02,163.42372131347656,96.21758270263672,96.35953521728516,42.30708694458008,26.55423927307129,92.7422866821289,108.98999786376953
2015-10-05,166.33184814453125,97.59593963623047,98.65898895263672,43.146278381347656,27.1270694732666,91.48397064208984,108.7699966430664
2015-10-06,165.7619171142578,97.13339233398438,97.97959899902344,43.196922302246094,27.079984664916992,91.8785400390625,109.86000061035156
2015-10-07,167.11964416503906,97.71619415283203,99.71290588378906,43.7395133972168,27.80190658569336,91.57329559326172,109.69999694824219
2015-10-08,168.62814331054688,98.10474395751953,100.61003875732422,44.08676528930664,28.100107192993164,90.8063735961914,109.13999938964844
2015-10-09,168.72866821289062,98.54875183105469,100.81036376953125,44.16633987426758,28.202106475830078,91.04464721679688,110.87000274658203
2015-10-12,168.8879852294922,98.78929901123047,100.66230773925781,44.07952880859375,27.990234375,91.73709869384766,111.30999755859375
2015-10-13,167.82362365722656,98.15098571777344,99.2861099243164,43.52247619628906,27.535110473632812,91.89348602294922,111.86000061035156
2015-10-14,167.01901245117188,97.99370574951172,98.31060791015625,43.60928726196289,27.746986389160156,92.69758605957031,113.80999755859375
2015-10-15,169.58352661132812,99.60337829589844,100.66230773925781,44.35444259643555,28.421823501586914,92.2433853149414,113.29000091552734
2015-10-16,170.35459899902344,100.01963806152344,100.53165435791016,44.31827163696289,28.445362091064453,92.27318572998047,112.48999786376953
2015-10-19,170.4383544921875,100.59319305419922,100.72325134277344,44.16633987426758,28.155027389526367,92.02001953125,112.0199966430664
2015-10-20,170.22047424316406,100.07514190673828,100.58392333984375,43.9854850769043,28.14717674255371,91.45416259765625,112.7300033569336
2015-10-21,169.16452026367188,99.464599609375,99.05095672607422,43.96377944946289,27.739137649536133,92.36251831054688,111.7300033569336
2015-10-22,172.02236938476562,101.49053192138672,99.92196655273438,44.45572280883789,28.31197166442871,92.51887512207031,111.69000244140625
2015-10-23,173.90798950195312,104.33049011230469,100.90620422363281,44.89702606201172,28.476755142211914,91.72965240478516,111.5
2015-10-26,173.48057556152344,104.395263671875,100.21810150146484,44.73063278198242,28.217798233032227,92.34017944335938,111.43000030517578
2015-10-27,173.14535522460938,104.60803985595703,99.12060546875,44.33998107910156,27.896074295043945,92.571044921875,111.68000030517578
2015-10-28,175.11480712890625,105.47761535644531,102.0123519897461,44.62935256958008,27.574338912963867,92.1987533569336,110.77999877929688
2015-10-29,175.01425170898438,105.31110382080078,100.92362213134766,44.30379867553711,27.315399169921875,90.7319107055664,109.72000122070312
2015-10-30,174.2599639892578,104.83931732177734,100.46196746826172,44.209747314453125,27.362472534179688,91.41692352294922,109.30000305175781
2015-11-02,176.32167053222656,106.02340698242188,102.55239868164062,44.62935256958008,27.903926849365234,90.9968490600586,108.58999633789062
2015-11-03,176.8328857421875,106.39344024658203,103.08373260498047,44.61488342285156,28.272729873657227,90.25067901611328,106.9800033569336
2015-11-04,176.2964630126953,106.40270233154297,103.03144836425781,44.3689079284668,28.045169830322266,90.35515594482422,105.97000122070312
2015-11-05,176.1204833984375,106.11592864990234,103.10985565185547,44.28933334350586,28.092248916625977,90.11632537841797,105.63999938964844
2015-11-06,176.0283203125,106.18993377685547,103.84148406982422,44.08676528930664,27.69989776611328,88.79558563232422,104.0999984741211
2015-11-09,174.3856964111328,105.06132507324219,102.62206268310547,43.6309928894043,27.009366989135742,88.29566955566406,104.4000015258789
2015-11-10,174.78797912597656,104.79305267333984,102.92692565917969,43.60205841064453,26.891660690307617,88.55680084228516,104.18000030517578
2015-11-11,174.1007537841797,104.6635513305664,102.02978515625,43.826332092285156,26.946584701538086,88.3702621459961,103.83000183105469
2015-11-12,171.67037963867188,103.6459732055664,100.07875061035156,43.254798889160156,26.68764305114746,88.79558563232422,103.8499984741211
2015-11-13,169.74278259277344,101.61077880859375,99.35578918457031,42.89308166503906,26.318828582763672,89.30300903320312,103.55999755859375
2015-11-16,172.32406616210938,103.07239532470703,100.20938873291016,43.4356689453125,26.828882217407227,89.22093200683594,103.70999908447266
2015-11-17,172.1983184814453,103.13717651367188,99.82613372802734,43.55141067504883,26.750410079956055,89.37010955810547,102.33999633789062
2015-11-18,174.9304656982422,105.11685180664062,101.5158920288086,43.94931411743164,27.040748596191406,89.55669403076172,102.43000030517578
2015-11-19,174.7796173095703,105.19085693359375,101.08910369873047,44.173580169677734,27.28400993347168,90.15365600585938,103.55999755859375
2015-11-20,175.41647338867188,105.90316772460938,101.74237060546875,44.07229995727539,27.55864906311035,89.8775634765625,103.08999633789062
2015-11-23,175.21542358398438,105.59789276123047,102.24754333496094,43.79738998413086,27.299705505371094,90.15365600585938,102.26000213623047
2015-11-24,175.45005798339844,105.5053482055664,102.99663543701172,43.804630279541016,27.44095230102539,90.14619445800781,102.94000244140625
2015-11-25,175.42495727539062,105.59789276123047,103.79792785644531,43.905906677246094,27.229080200195312,90.35515594482422,102.45999908447266
2015-11-27,175.62603759765625,105.74589538574219,104.18988800048828,43.91313934326172,26.632707595825195,90.26557922363281,101.25
2015-11-30,174.8969268798828,105.47761535644531,103.73698425292969,43.87696075439453,26.671947479248047,90.62373352050781,101.91999816894531
2015-12-01,176.56468200683594,106.53219604492188,104.42507934570312,44.33998107910156,26.875967025756836,91.8478012084961,102.27999877929688
2015-12-02,174.7628173828125,105.87543487548828,103.30147552490234,43.86972427368164,26.55423927307129,91.87772369384766,100.69000244140625
2015-12-03,172.31565856933594,104.08076477050781,101.55946350097656,43.65993118286133,26.40514373779297,89.38024139404297,101.76000213623047
2015-12-04,175.67623901367188,106.51373291015625,102.58724975585938,44.01441955566406,26.585628509521484,90.16536712646484,104.0199966430664
2015-12-07,174.61199951171875,106.03268432617188,101.04557037353516,43.73226547241211,26.146194458007812,91.04025268554688,102.66999816894531
2015-12-08,173.43870544433594,106.04191589355469,100.48809814453125,43.08841323852539,25.855859756469727,91.08509826660156,102.83999633789062
2015-12-09,172.0894012451172,104.43228912353516,99.36449432373047,42.89308166503906,25.64398765563965,90.98794555664062,102.63999938964844
2015-12-10,172.5335235595703,104.90406799316406,99.69550323486328,42.90031051635742,25.47134780883789,91.10758209228516,102.55000305175781
2015-12-11,169.189697265625,102.48960876464844,97.47444152832031,42.08281326293945,24.757272720336914,92.5432357788086,103.11000061035156
2015-12-14,170.0444793701172,103.26668548583984,96.77761840820312,42.147926330566406,25.157470703125,91.34683227539062,101.79000091552734
2015-12-15,171.82958984375,103.89573669433594,98.17121124267578,42.35772705078125,25.541973114013672,90.8084487915039,101.5199966430664
2015-12-16,174.3437957763672,105.44061279296875,99.66937255859375,43.21139907836914,26.044179916381836,90.61402893066406,102.75
2015-12-17,171.68711853027344,103.90499114990234,98.60674285888672,42.66157150268555,25.706764221191406,91.63848876953125,100.5
2015-12-18,168.6284942626953,101.9118423461914,97.09989166259766,42.21303176879883,25.620447158813477,92.14693450927734,102.04000091552734
2015-12-21,170.01951599121094,103.04388427734375,97.83153533935547,42.40863800048828,25.82047462463379,92.1245346069336,103.1500015258789
2015-12-22,171.5623321533203,103.72126007080078,98.72866821289062,42.729740142822266,26.027677536010742,91.45899200439453,102.61000061035156
2015-12-23,173.6868438720703,104.49142456054688,99.97421264648438,43.44493865966797,26.39426612854004,90.77104187011719,102.30999755859375
2015-12-24,173.40020751953125,104.47284698486328,100.16315460205078,43.37195587158203,26.298629760742188,91.29107666015625,103.05000305175781
2015-12-28,173.00390625,104.41718292236328,99.69953155517578,43.26979064941406,26.11533546447754,91.56084442138672,102.2699966430664
2015-12-29,174.85025024414062,106.05958557128906,100.77552795410156,43.700374603271484,26.139245986938477,90.03971862792969,102.19999694824219
2015-12-30,173.61097717285156,105.10382843017578,99.7607650756836,43.437652587890625,25.732810974121094,89.94976043701172,101.41999816894531
2015-12-31,171.87428283691406,103.79550170898438,98.51856231689453,42.85380172729492,25.653118133544922,90.35444641113281,101.45999908447266
2016-01-04,169.47152709960938,101.60562896728516,96.23538970947266,42.19698715209961,24.951824188232422,91.00638580322266,102.88999938964844
2016-01-05,169.75819396972656,101.4293212890625,96.4453353881836,42.13129806518555,25.007606506347656,90.63917541503906,103.18000030517578
2016-01-06,167.61683654785156,100.45501708984375,94.97567749023438,41.43799591064453,24.529449462890625,91.86058807373047,104.66999816894531
2016-01-07,163.59542846679688,97.3094253540039,92.43878936767578,40.57682800292969,23.77236557006836,92.0254135131836,106.1500015258789
2016-01-08,161.7997283935547,96.51144409179688,90.84667205810547,40.08787155151367,23.517351150512695,92.43757629394531,105.68000030517578
2016-01-11,161.95994567871094,96.8083724975586,90.4530258178711,40.255714416503906,23.50937843322754,91.42596435546875,104.73999786376953
2016-01-12,163.2666473388672,97.93112182617188,90.72421264648438,40.44546127319336,23.55719757080078,92.74478149414062,104.20999908447266
2016-01-13,159.19467163085938,94.55355834960938,87.81116485595703,39.817840576171875,23.310150146484375,93.65898895263672,104.72000122070312
2016-01-14,161.80816650390625,96.56710052490234,89.02711486816406,40.32870101928711,23.612977981567383,92.78225708007812,103.0199966430664
2016-01-15,158.33477783203125,93.56999969482422,87.58370971679688,38.869110107421875,22.680578231811523,94.22848510742188,104.08000183105469
2016-01-19,158.54554748535156,93.77409362792969,86.40280151367188,39.2266960144043,23.015287399291992,93.9361801147461,103.9800033569336
2016-01-20,156.5137176513672,93.4864730834961,86.76142883300781,38.33634948730469,22.51322364807129,94.92537689208984,105.37000274658203
2016-01-21,157.39053344726562,93.57925415039062,86.56023406982422,38.620967864990234,22.600881576538086,94.28094482421875,105.48999786376953
2016-01-22,160.619384765625,96.2887191772461,88.67719268798828,39.759456634521484,23.3739013671875,93.92127227783203,105.0
2016-01-25,158.19143676757812,94.85978698730469,86.70893859863281,39.2266960144043,22.975440979003906,94.4307632446289,106.08000183105469
2016-01-26,160.34963989257812,95.71344757080078,88.44102478027344,39.927310943603516,23.310150146484375,94.47577667236328,107.29000091552734
2016-01-27,158.6044921875,93.3287124633789,87.22509002685547,39.67188262939453,23.2304630279541,94.45326232910156,107.69000244140625
2016-01-28,159.43075561523438,94.64634704589844,87.20755767822266,39.78864288330078,23.597047805786133,94.58818817138672,106.54000091552734
2016-01-29,163.31729125976562,96.6227798461914,90.06812286376953,40.489253997802734,24.362092971801758,95.3899154663086,106.94999694824219
2016-02-01,163.25814819335938,96.88260650634766,89.6569595336914,40.44546127319336,24.130985260009766,95.097900390625,108.05000305175781
2016-02-02,160.3159942626953,94.7855453491211,87.72369384765625,39.504024505615234,23.34999656677246,96.86217498779297,108.08999633789062
2016-02-03,161.2770233154297,94.33084106445312,87.8374252319336,39.83243942260742,24.011445999145508,96.0588607788086,109.25
2016-02-04,161.52993774414062,94.32158660888672,88.17857360839844,39.88352584838867,24.194738388061523,96.52434539794922,110.56999969482422
2016-02-05,158.45278930664062,91.04605865478516,85.76416778564453,39.27049255371094,23.915815353393555,96.63697814941406,112.31999969482422
2016-02-08,156.31985473632812,89.65422821044922,84.35577392578125,38.54069137573242,23.589073181152344,98.71654510498047,113.83000183105469
2016-02-09,156.3282928466797,89.37583923339844,83.7871322631836,38.09552001953125,23.26233673095703,98.82166290283203,113.58000183105469
2016-02-10,156.19342041015625,89.71919250488281,83.83086395263672,38.05172348022461,23.35796356201172,99.69252014160156,114.45999908447266
2016-02-11,154.16165161132812,89.58926391601562,82.92108154296875,37.4970817565918,22.96746826171875,100.3907241821289,119.05999755859375
2016-02-12,157.33993530273438,90.95328521728516,84.49573516845703,38.15389633178711,23.36594009399414,98.72403717041016,118.36000061035156
2016-02-16,159.99559020996094,93.00395965576172,86.49898529052734,38.927490234375,23.88393783569336,97.68052673339844,114.7699966430664
2016-02-17,162.60903930664062,95.11031341552734,87.85492706298828,39.598899841308594,24.3541259765625,97.07990264892578,115.4800033569336
2016-02-18,161.9430694580078,94.024658203125,87.43498229980469,39.394554138183594,24.21068000793457,98.27359771728516,118.29000091552734
2016-02-19,161.86717224121094,94.30301666259766,87.8724136352539,39.350765228271484,24.099103927612305,98.35619354248047,117.58000183105469
2016-02-22,164.2108612060547,95.83406066894531,88.85216522216797,39.79594802856445,24.696805953979492,98.3036117553711,115.48999786376953
2016-02-23,162.13693237304688,94.25662231445312,88.03861236572266,39.146427154541016,24.17082977294922,98.70149230957031,117.22000122070312
2016-02-24,162.8788299560547,95.15670013427734,88.88714599609375,39.00776672363281,24.115049362182617,98.50634002685547,117.61000061035156
2016-02-25,164.8516082763672,96.09385681152344,89.70072937011719,39.47484588623047,24.194738388061523,98.85914611816406,117.91999816894531
2016-02-26,164.47216796875,95.9732666015625,90.26931762695312,39.37266159057617,23.95566177368164,97.90572357177734,117.11000061035156
2016-02-29,163.18231201171875,95.11031341552734,89.86690521240234,39.13912582397461,24.162864685058594,98.33363342285156,118.63999938964844
2016-03-01,167.018310546875,98.1631088256836,91.8001937866211,40.16084671020508,25.023542404174805,96.6021499633789,117.7699966430664
2016-03-02,167.76856994628906,98.20022583007812,92.7449951171875,40.43816375732422,25.35825538635254,97.00076293945312,118.68000030517578
2016-03-03,168.4261474609375,98.01463317871094,93.71600341796875,40.83226013183594,25.645151138305664,97.35430145263672,120.7300033569336
2016-03-04,168.97412109375,98.0517349243164,94.23210144042969,41.13147735595703,26.155181884765625,96.72999572753906,120.54000091552734
2016-03-07,169.1090087890625,97.44862365722656,95.25559997558594,41.08039093017578,26.11533546447754,96.69991302490234,121.13999938964844
2016-03-08,167.26272583007812,96.641357421875,92.9549331665039,40.679012298583984,25.669057846069336,97.76803588867188,120.58000183105469
2016-03-09,168.0889434814453,97.26302337646484,93.42730712890625,40.83226013183594,25.828445434570312,97.17378997802734,119.58000183105469
2016-03-10,168.22381591796875,97.11459350585938,92.66626739501953,40.766578674316406,25.8682861328125,96.7751693725586,121.5
2016-03-11,170.9384307861328,98.8126220703125,94.65199279785156,41.83208084106445,26.410198211669922,95.79730224609375,119.41000366210938
2016-03-14,170.7192840576172,98.97962951660156,94.40705871582031,41.7445068359375,26.250812530517578,96.09815979003906,117.87000274658203
2016-03-15,170.44105529785156,98.94254302978516,92.93743896484375,41.35041809082031,25.876256942749023,96.18842315673828,117.95999908447266
2016-03-16,171.4274139404297,99.82405853271484,93.5935287475586,41.71531677246094,26.39426612854004,96.4742431640625,120.58999633789062
2016-03-17,172.51502990722656,99.76837921142578,95.02816009521484,42.03642654418945,26.976015090942383,96.8729019165039,120.12999725341797
2016-03-18,173.1929473876953,99.92472076416016,95.88545989990234,41.96345138549805,27.119468688964844,97.07601928710938,119.80000305175781
2016-03-21,173.4386749267578,100.31562042236328,95.65802001953125,41.897769927978516,27.175251007080078,96.33134460449219,118.95999908447266
2016-03-22,173.345458984375,100.62271118164062,95.54431915283203,41.82478332519531,27.111495971679688,96.3088150024414,119.30999755859375
2016-03-23,172.20147705078125,99.79444885253906,93.77803039550781,41.40150451660156,26.649280548095703,97.39944458007812,116.61000061035156
2016-03-24,172.1251983642578,99.82235717773438,94.05883026123047,41.12417221069336,26.585525512695312,97.43705749511719,116.33000183105469
2016-03-28,172.22686767578125,99.6827621459961,94.17289733886719,41.372318267822266,26.67319107055664,97.5649185180664,116.5999984741211
2016-03-29,173.82000732421875,101.28348541259766,96.78760528564453,41.81748962402344,27.03977394104004,98.58784484863281,118.76000213623047
2016-03-30,174.58267211914062,101.7767333984375,96.79635620117188,42.13129806518555,27.318695068359375,97.54989624023438,117.0999984741211
2016-03-31,174.158935546875,101.62786102294922,97.06835174560547,41.71531677246094,27.29479217529297,98.24195098876953,117.63999938964844
2016-04-01,175.3452911376953,102.70740509033203,97.49832153320312,41.27013397216797,27.215099334716797,98.49818420410156,116.93000030517578
2016-04-04,174.77755737304688,102.31651306152344,96.68231964111328,41.18256759643555,26.888355255126953,98.5584945678711,116.1500015258789
2016-04-05,173.0319366455078,101.33001708984375,95.58552551269531,40.37249755859375,26.362388610839844,99.6363296508789,117.66000366210938
2016-04-06,174.9215850830078,102.99588012695312,96.66475677490234,41.02930450439453,26.681156158447266,98.9126968383789,116.94000244140625
2016-04-07,172.8285369873047,101.51614379882812,95.35740661621094,40.43087387084961,26.147212982177734,100.13375854492188,118.61000061035156
2016-04-08,173.29461669921875,101.44169616699219,95.73469543457031,41.2044563293457,26.601465225219727,99.50064086914062,118.43000030517578
2016-04-11,172.8878631591797,101.0694351196289,95.43636322021484,41.22636032104492,26.944143295288086,99.37242126464844,120.02999877929688
2016-04-12,174.49794006347656,101.91633605957031,96.46293640136719,41.839385986328125,27.358545303344727,98.68656158447266,120.05000305175781
2016-04-13,176.26051330566406,103.21926879882812,98.54243469238281,42.503501892089844,27.84467124938965,99.03330993652344,118.7699966430664
2016-04-14,176.26904296875,103.22856140136719,98.41958618164062,42.64216232299805,27.70919418334961,98.5584945678711,117.11000061035156
2016-04-15,176.07406616210938,102.96797180175781,98.6652603149414,42.54729461669922,27.5498104095459,99.40259552001953,117.91999816894531
2016-04-18,177.3113250732422,103.51709747314453,99.41107940673828,42.91217803955078,27.67731475830078,98.97297668457031,117.73999786376953
2016-04-19,177.87060546875,102.88422393798828,99.4900131225586,43.656593322753906,28.09968376159668,98.66393280029297,119.58000183105469
2016-04-20,178.0400848388672,102.96797180175781,99.63919067382812,43.69308090209961,27.972183227539062,97.57860565185547,118.97000122070312
2016-04-21,177.08253479003906,102.977294921875,99.1390609741211,43.43034744262695,27.69325065612793,96.99822235107422,119.41999816894531
2016-04-22,177.08253479003906,101.42308044433594,100.12175750732422,43.452247619628906,27.52589988708496,96.74946594238281,117.88999938964844
2016-04-25,176.7774658203125,101.42308044433594,99.41107940673828,43.23330307006836,27.350576400756836,96.34998321533203,118.2300033569336
2016-04-26,177.0401611328125,100.92980194091797,100.38499450683594,43.386558532714844,27.645435333251953,95.91284942626953,118.69999694824219
2016-04-27,177.404541015625,100.12017059326172,100.7359390258789,43.415748596191406,27.81279182434082,96.87010955810547,119.04000091552734
2016-04-28,175.79441833496094,98.91032409667969,99.58653259277344,42.824623107910156,27.52589988708496,97.2695541381836,121.29000091552734
2016-04-29,174.8453826904297,98.3891372680664,98.69157409667969,42.64216232299805,27.40636444091797,97.51826477050781,123.6500015258789
2016-05-02,176.2351531982422,99.31982421875,99.5689926147461,43.043556213378906,27.33463478088379,96.53646850585938,123.23999786376953
2016-05-03,174.7012481689453,98.3984375,97.9369888305664,42.33564758300781,26.561620712280273,97.75239562988281,122.95999908447266
2016-05-04,173.72679138183594,97.7656021118164,97.12976837158203,41.8466796875,26.131277084350586,98.28866577148438,122.20999908447266
2016-05-05,173.69288635253906,97.73768615722656,96.74372863769531,41.75910568237305,26.12330436706543,98.94570922851562,122.06999969482422
2016-05-06,174.32843017578125,98.25885009765625,97.31402587890625,41.87587356567383,26.16315269470215,98.52275085449219,123.18000030517578
2016-05-09,174.4724578857422,98.53803253173828,97.5948257446289,41.788291931152344,25.828445434570312,98.83244323730469,120.6500015258789
2016-05-10,176.641845703125,99.88750457763672,98.5775146484375,42.386741638183594,26.322538375854492,98.83998107910156,120.9800033569336
2016-05-11,174.9894256591797,98.9847640991211,97.35791015625,42.021827697753906,26.2587890625,99.39887237548828,122.12000274658203
2016-05-12,175.04031372070312,98.54736328125,96.84024810791016,42.007232666015625,26.18705940246582,98.94570922851562,121.16000366210938
2016-05-13,173.5149383544922,98.18441009521484,96.1997299194336,41.576656341552734,25.716873168945312,99.90493774414062,121.70999908447266
2016-05-16,175.22669982910156,99.41285705566406,97.41934204101562,42.07292938232422,26.027677536010742,99.04391479492188,121.80000305175781
2016-05-17,173.59121704101562,98.1657943725586,95.87507629394531,41.76640319824219,25.90813446044922,99.2100601196289,122.22000122070312
2016-05-18,173.64207458496094,98.51944732666016,96.37521362304688,41.781002044677734,25.653118133544922,97.79772186279297,120.0999984741211
2016-05-19,173.0403594970703,98.00758361816406,95.60308837890625,41.481781005859375,25.414039611816406,98.22067260742188,119.87000274658203
2016-05-20,174.133544921875,99.0871353149414,97.20873260498047,41.82478332519531,25.669057846069336,98.29619598388672,119.70999908447266
2016-05-23,173.89627075195312,98.95687103271484,97.09468841552734,41.68612289428711,25.62124252319336,98.51524353027344,119.37000274658203
2016-05-24,176.15036010742188,100.93914794921875,99.09516906738281,42.2918586730957,25.88422966003418,98.07716369628906,117.30000305175781
2016-05-25,177.34519958496094,101.6650619506836,99.67428588867188,42.73704147338867,26.195026397705078,97.70712280273438,116.9800033569336
2016-05-26,177.39608764648438,101.96287536621094,99.56024169921875,42.85380172729492,26.370351791381836,98.21310424804688,116.58000183105469
2016-05-27,178.15875244140625,102.49334716796875,100.55169677734375,42.810020446777344,26.362388610839844,98.06964111328125,115.62000274658203
2016-05-31,177.8197479248047,102.68875122070312,100.90266418457031,42.605682373046875,26.39426612854004,98.30375671386719,116.05999755859375
2016-06-01,178.1841278076172,102.69808197021484,101.58705139160156,42.569190979003906,26.378324508666992,98.70259857177734,115.94000244140625
2016-06-02,178.72650146484375,102.9121322631836,102.36792755126953,42.569190979003906,26.593494415283203,99.41398620605469,115.66999816894531
2016-06-03,178.19264221191406,102.42821502685547,101.7537612915039,42.84650421142578,26.999927520751953,100.82920837402344,118.87999725341797
2016-06-06,179.0993194580078,102.80046081542969,102.85051727294922,43.08734130859375,27.286819458007812,100.07994079589844,118.91999816894531
2016-06-07,179.3789825439453,102.53987884521484,103.14883422851562,43.40115737915039,27.533870697021484,100.3221664428711,118.81999969482422
2016-06-08,179.9636993408203,102.71669006347656,103.91218566894531,43.48873519897461,27.73310089111328,100.85948944091797,120.58000183105469
2016-06-09,179.71792602539062,102.54916381835938,103.24535369873047,42.95598220825195,27.414329528808594,101.5103530883789,121.25
2016-06-10,178.0146942138672,101.38585662841797,101.84151458740234,41.7080192565918,26.72100257873535,102.00225067138672,121.73999786376953
2016-06-13,176.641845703125,100.53894805908203,100.7359390258789,41.1022834777832,26.346445083618164,102.45630645751953,122.63999938964844
2016-06-14,176.29441833496094,100.53894805908203,100.44640350341797,40.44546127319336,26.2587890625,102.38066101074219,122.7699966430664
2016-06-15,176.0486602783203,100.25044250488281,100.51659393310547,40.71549606323242,26.537708282470703,102.77423858642578,123.68000030517578
2016-06-16,176.57411193847656,100.54828643798828,100.50782775878906,40.80307388305664,26.44207763671875,103.27367401123047,122.37999725341797
2016-06-17,175.9164581298828,99.36969757080078,100.0779037475586,41.2044563293457,26.513803482055664,102.63040924072266,123.94999694824219
2016-06-20,177.04937744140625,99.99491882324219,101.1658935546875,42.22616958618164,26.983993530273438,101.53305053710938,123.20999908447266
2016-06-21,177.5519256591797,100.31217956542969,100.97284698486328,42.569190979003906,27.191190719604492,101.0638198852539,120.83999633789062
2016-06-22,177.2623748779297,100.06957244873047,100.57801818847656,42.54311752319336,27.260263442993164,101.23027801513672,120.9000015258789
2016-06-23,179.57073974609375,101.49726867675781,102.49954986572266,43.719905853271484,27.918882369995117,100.07239532470703,120.11000061035156
2016-06-24,173.12249755859375,97.31681060791016,98.60382080078125,39.966094970703125,26.22415542602539,102.75907135009766,126.0
2016-06-27,170.0219268798828,95.38521575927734,95.36619567871094,39.198951721191406,25.88680648803711,105.32463836669922,126.68000030517578
2016-06-28,173.08840942382812,97.47547149658203,96.84024810791016,40.226783752441406,26.649839401245117,105.54412841796875,125.31999969482422
2016-06-29,176.0356903076172,99.20172882080078,99.04252624511719,40.96413803100586,27.32451820373535,104.73435974121094,125.83999633789062
2016-06-30,178.43785095214844,100.34951782226562,100.88512420654297,41.57487106323242,27.59760284423828,105.12031555175781,126.47000122070312
2016-07-01,178.81263732910156,100.85340881347656,101.24483489990234,41.57487106323242,27.862653732299805,106.57986450195312,128.41000366210938
2016-07-05,177.5264129638672,100.23754119873047,99.75325775146484,40.77048873901367,27.268295288085938,107.91422271728516,129.47000122070312
2016-07-06,178.59117126464844,101.0586929321289,100.47755432128906,40.69599914550781,27.196014404296875,108.0886001586914,130.22999572753906
2016-07-07,178.4804229736328,101.35729217529297,100.6893081665039,40.53215026855469,27.123722076416016,108.08111572265625,129.74000549316406
2016-07-08,181.13812255859375,102.92499542236328,103.0360336303711,41.15032958984375,27.710046768188477,108.8771743774414,130.52000427246094
2016-07-11,181.7769775390625,103.51285552978516,104.22708892822266,41.75362777709961,27.97510528564453,107.92185974121094,129.2899932861328
2016-07-12,183.09727478027344,104.03540802001953,105.62100219726562,42.319671630859375,28.36866569519043,106.14766693115234,127.1500015258789
2016-07-13,183.07164001464844,103.78343963623047,105.20633697509766,42.274986267089844,28.32046890258789,107.39871215820312,128.32000732421875
2016-07-14,184.0938262939453,104.49262237548828,105.31219482421875,42.63993453979492,28.730100631713867,105.8368148803711,127.33000183105469
2016-07-15,183.8468475341797,104.32467651367188,105.60334777832031,42.42394256591797,28.66584587097168,104.927001953125,126.83999633789062
2016-07-18,184.34091186523438,105.01518249511719,105.77977752685547,42.528221130371094,28.922870635986328,104.82842254638672,127.04000091552734
2016-07-19,184.15342712402344,104.63261413574219,105.25045013427734,42.193058013916016,28.625688552856445,105.41976928710938,127.20999908447266
2016-07-20,184.92015075683594,105.85501861572266,105.93858337402344,42.57291030883789,28.770254135131836,104.84354400634766,125.38999938964844
2016-07-21,184.22166442871094,105.61241149902344,105.43572235107422,42.4015998840332,28.68190574645996,105.05583953857422,127.30000305175781
2016-07-22,185.04788208007812,106.05096435546875,106.22088623046875,42.48353576660156,28.890729904174805,105.23792266845703,126.3499984741211
2016-07-25,184.54534912109375,106.06031799316406,106.06211853027344,42.431400299072266,28.601593017578125,105.16200256347656,125.47000122070312
2016-07-26,184.63050842285156,106.18160247802734,106.57379150390625,42.610145568847656,28.82648468017578,105.32875061035156,126.0
2016-07-27,184.43460083007812,106.9188003540039,106.87376403808594,42.76655578613281,28.922870635986328,106.64048767089844,128.02999877929688
2016-07-28,184.6475372314453,107.29202270507812,106.60023498535156,42.721866607666016,28.930896759033203,106.44335174560547,127.66000366210938
2016-07-29,184.94566345214844,107.52534484863281,106.81199645996094,43.22834014892578,29.0835018157959,107.33048248291016,128.97999572753906
2016-08-01,184.79234313964844,108.09455108642578,106.90023803710938,42.94529724121094,29.02727699279785,106.16673278808594,129.22000122070312
2016-08-02,183.60830688476562,107.27335357666016,105.40925598144531,42.72931671142578,28.81845474243164,105.07299041748047,130.27000427246094
2016-08-03,184.14498901367188,107.62799072265625,106.26500701904297,42.58035659790039,28.914838790893555,105.13372802734375,129.64999389648438
2016-08-04,184.34091186523438,107.93592834472656,106.362060546875,42.82612991333008,29.07547950744629,105.92369079589844,129.8699951171875
2016-08-05,185.8486328125,108.97171020507812,107.89717864990234,43.01978302001953,29.412813186645508,104.82233428955078,127.55000305175781
2016-08-08,185.7378387451172,108.85039520263672,107.84422302246094,43.10916519165039,29.621644973754883,105.0197982788086,127.44000244140625
2016-08-09,185.8486328125,109.1023178100586,107.95887756347656,43.45177459716797,29.822444915771484,106.05284881591797,127.95999908447266
2016-08-10,185.3886260986328,108.82239532470703,107.18253326416016,43.600738525390625,29.83047103881836,106.46302032470703,128.55999755859375
2016-08-11,186.24891662597656,109.28895568847656,107.69420623779297,43.913551330566406,30.216001510620117,105.51354217529297,127.66999816894531
2016-08-12,186.0871124267578,109.36360931396484,107.80010223388672,43.80183029174805,30.103561401367188,106.40225219726562,127.4000015258789
2016-08-15,186.62371826171875,109.83016204833984,108.86762237548828,43.97313690185547,30.416799545288086,105.39957427978516,127.83999633789062
2016-08-16,185.66122436523438,109.22364044189453,107.98538208007812,43.90610885620117,30.280250549316406,105.11860656738281,128.47000122070312
2016-08-17,186.01043701171875,109.41960144042969,107.66777038574219,43.891197204589844,30.087493896484375,105.74899291992188,128.5
2016-08-18,186.4279022216797,109.44757080078125,108.46175384521484,44.11464309692383,30.368610382080078,105.91608428955078,129.11000061035156
2016-08-19,186.1552276611328,109.41960144042969,108.46175384521484,43.78693771362305,30.199939727783203,105.36165618896484,127.97000122070312
2016-08-22,186.146728515625,109.50360107421875,108.70880126953125,43.83162307739258,29.798343658447266,106.25031280517578,127.77999877929688
2016-08-23,186.52154541015625,109.69953155517578,109.46753692626953,44.01781463623047,29.67786407470703,106.36425018310547,127.76000213623047
2016-08-24,185.56752014160156,108.9903335571289,108.57646179199219,43.913551330566406,29.7581787109375,106.1136245727539,126.33999633789062
2016-08-25,185.4397735595703,108.81306457519531,108.78820037841797,43.73479461669922,29.782278060913086,105.71100616455078,126.2300033569336
2016-08-26,185.09048461914062,108.97171020507812,108.56767272949219,43.474117279052734,29.525259017944336,105.09574890136719,126.05000305175781
2016-08-29,186.00189208984375,109.12101745605469,109.13228607177734,43.60818099975586,29.750152587890625,106.50099182128906,126.30000305175781
2016-08-30,185.69532775878906,108.76641082763672,109.33516693115234,43.54859161376953,29.669828414916992,106.09082794189453,125.02999877929688
2016-08-31,185.16714477539062,108.65443420410156,108.71762084960938,43.459228515625,29.34052276611328,106.2426986694336,124.77999877929688
2016-09-01,185.17568969726562,108.9343490600586,108.79703521728516,43.75714111328125,29.565420150756836,106.35989379882812,125.29000091552734
2016-09-02,186.01043701171875,109.28895568847656,109.84689331054688,44.263607025146484,30.04734230041504,105.49240112304688,126.56999969482422
2016-09-06,186.57261657714844,109.97013854980469,109.95275115966797,44.5615234375,30.689878463745117,106.26097869873047,128.7100067138672
2016-09-07,186.5556640625,110.03547668457031,110.6408920288086,44.58387756347656,30.59349822998047,106.18490600585938,128.27000427246094
2016-09-08,186.1297149658203,109.39160919189453,110.42034912109375,44.45724868774414,30.51318359375,104.85318756103516,127.58999633789062
2016-09-09,181.67471313476562,106.63886260986328,106.97079467773438,43.59328842163086,29.485097885131836,103.12584686279297,126.75
2016-09-12,184.28131103515625,108.55177307128906,108.46175384521484,43.95078659057617,29.685901641845703,103.1790771484375,126.58999633789062
2016-09-13,181.63211059570312,107.5813217163086,106.37969970703125,43.06447219848633,28.938928604125977,102.0071792602539,125.75
2016-09-14,181.56399536132812,108.09455108642578,106.39734649658203,43.004886627197266,29.02727699279785,102.15937805175781,126.18000030517578
2016-09-15,183.37840270996094,109.7741928100586,107.66777038574219,43.37729263305664,29.525259017944336,101.718017578125,125.37000274658203
2016-09-16,182.66944885253906,109.72179412841797,107.50894165039062,42.81869888305664,29.324453353881836,102.5398941040039,125.05999755859375
2016-09-19,182.70370483398438,109.24472045898438,108.22354888916016,43.0421257019043,29.55738639831543,102.20501708984375,125.31999969482422
2016-09-20,182.71229553222656,109.45051574707031,107.76480865478516,43.30280685424805,29.573448181152344,102.56270599365234,125.44000244140625
2016-09-21,184.76698303222656,110.52632141113281,109.32637023925781,44.06251525878906,30.40073585510254,103.39219665527344,127.2699966430664
2016-09-22,185.9313201904297,111.40567016601562,110.89671325683594,44.50939178466797,30.617597579956055,104.21398162841797,127.56999969482422
2016-09-23,184.91249084472656,110.69471740722656,110.1115493774414,44.136993408203125,30.224037170410156,104.1150894165039,127.6500015258789
2016-09-26,183.414306640625,109.76856994628906,109.0180892944336,43.72735595703125,29.782278060913086,104.77706909179688,127.55000305175781
2016-09-27,184.55294799804688,110.85372161865234,109.46043395996094,43.9359016418457,30.207977294921875,105.54568481445312,126.62000274658203
2016-09-28,185.46900939941406,111.04080963134766,110.30087280273438,44.248722076416016,30.481054306030273,105.31739807128906,126.22000122070312
2016-09-29,183.7909393310547,110.2363052368164,108.69078063964844,43.69755172729492,29.950946807861328,105.58370208740234,126.06999969482422
2016-09-30,185.17791748046875,111.05953216552734,109.88507843017578,44.0401725769043,30.079448699951172,104.64013671875,125.63999938964844
2016-10-03,184.73275756835938,110.9005126953125,109.54004669189453,43.920989990234375,30.288293838500977,104.2947998046875,125.31999969482422
2016-10-04,183.7909393310547,110.73212432861328,109.0003890991211,43.913551330566406,29.950946807861328,103.07506561279297,120.97000122070312
2016-10-05,184.6043243408203,111.12503051757812,109.65506744384766,44.09230422973633,30.384674072265625,102.59480285644531,120.77999877929688
2016-10-06,184.73275756835938,111.06888580322266,109.54004669189453,43.85395812988281,30.408767700195312,102.02307891845703,119.66000366210938
2016-10-07,184.09921264648438,110.82567596435547,108.66423034667969,43.63052749633789,30.272218704223633,102.0916519165039,119.73999786376953
2016-10-10,185.0580291748047,111.52729797363281,109.9646987915039,43.75714111328125,30.601526260375977,101.48941802978516,120.16000366210938
2016-10-11,182.72084045410156,109.93696594238281,107.95648956298828,43.138946533203125,29.894729614257812,101.26071166992188,119.55000305175781
2016-10-12,182.9605712890625,109.84342193603516,107.86803436279297,43.0421257019043,29.838504791259766,101.3598403930664,119.73999786376953
2016-10-13,182.36126708984375,109.45051574707031,106.97449493408203,42.87826919555664,29.573448181152344,101.74095153808594,120.02999877929688
2016-10-14,182.45545959472656,109.58150482177734,106.541015625,42.95275115966797,29.621644973754883,100.31541442871094,119.36000061035156
2016-10-17,181.82192993164062,109.2821273803711,106.41716003417969,42.82612991333008,29.58951187133789,100.95574188232422,119.68000030517578
2016-10-18,182.9605712890625,110.25503540039062,107.02759552001953,43.250667572021484,30.111589431762695,101.28357696533203,120.41999816894531
2016-10-19,183.44854736328125,110.24565887451172,107.478759765625,43.369834899902344,30.296321868896484,101.36741638183594,121.11000061035156
2016-10-20,183.10609436035156,110.11469268798828,107.16027069091797,43.43688201904297,30.207977294921875,101.47418212890625,120.73999786376953
2016-10-21,183.19174194335938,110.52632141113281,107.10720825195312,43.340057373046875,30.199939727783203,101.62670135498047,120.83000183105469
2016-10-24,183.9707794189453,111.85469818115234,107.78837585449219,43.332603454589844,30.328447341918945,101.18450927734375,120.55999755859375
2016-10-25,183.35433959960938,111.49921417236328,106.98334503173828,43.30280685424805,30.360580444335938,101.45134735107422,121.47000122070312
2016-10-26,182.9862060546875,110.74147033691406,105.9217529296875,43.10916519165039,30.0393009185791,100.76518249511719,120.79000091552734
2016-10-27,182.49822998046875,110.2363052368164,104.70975494384766,43.05702590942383,29.782278060913086,99.6673812866211,121.01000213623047
2016-10-28,181.95887756347656,109.54402923583984,104.41779327392578,43.0421257019043,29.66179847717285,99.44636535644531,121.58000183105469
2016-10-31,181.96746826171875,109.44116973876953,104.83360290527344,43.06447219848633,29.83047103881836,100.05620574951172,121.94000244140625
2016-11-01,180.64906311035156,108.61795043945312,103.55081939697266,42.87826919555664,29.58951187133789,100.06385803222656,122.7300033569336
2016-11-02,179.56179809570312,107.7479476928711,102.23267364501953,42.587806701660156,29.236108779907227,100.49922180175781,123.63999938964844
2016-11-03,178.7399139404297,106.69086456298828,101.73723602294922,42.54311752319336,29.15578842163086,99.72779846191406,124.30000305175781
2016-11-04,178.54299926757812,106.3166732788086,102.39190673828125,42.133480072021484,28.85861587524414,100.62142944335938,124.38999938964844
2016-11-07,182.48114013671875,108.84246826171875,104.89551544189453,42.71442794799805,29.902759552001953,99.7659683227539,122.1500015258789
2016-11-08,183.30296325683594,109.55345153808594,105.16975402832031,42.83358383178711,30.095529556274414,99.36116027832031,121.63999938964844
2016-11-09,185.24639892578125,110.05856323242188,108.4076919555664,42.87082290649414,29.115629196166992,95.14505767822266,121.55999755859375
2016-11-10,185.70872497558594,108.28115844726562,110.14163970947266,42.75166320800781,28.288352966308594,93.73970794677734,119.75
2016-11-11,185.28060913085938,108.32794952392578,112.6717758178711,42.49097442626953,27.75020980834961,93.21269226074219,117.0999984741211
2016-11-14,185.42620849609375,107.23344421386719,114.25536346435547,42.26008605957031,27.549406051635742,92.65513610839844,116.11000061035156
2016-11-15,186.87303161621094,108.72085571289062,114.60924530029297,42.4463005065918,28.10361671447754,93.11339569091797,117.12000274658203
2016-11-16,186.52197265625,109.36631774902344,114.60037231445312,41.99940872192383,27.870691299438477,93.95355987548828,116.7699966430664
2016-11-17,187.4808807373047,110.16146087646484,115.27275085449219,42.319671630859375,27.910842895507812,92.57112121582031,116.16999816894531
2016-11-18,187.06134033203125,109.74987030029297,115.8831787109375,41.85789489746094,27.78233528137207,92.30378723144531,115.1500015258789
2016-11-21,188.47393798828125,110.89116668701172,116.42279815673828,42.21540069580078,28.055419921875,92.53291320800781,115.58000183105469
2016-11-22,188.8420867919922,111.22789764404297,117.48442077636719,42.319671630859375,28.48111343383789,92.50235748291016,115.54000091552734
2016-11-23,188.94482421875,110.77890014648438,118.21865844726562,42.170719146728516,28.1759033203125,92.14341735839844,113.25
2016-11-25,189.64682006835938,111.13436126708984,118.60791778564453,42.29732894897461,28.312440872192383,92.28081512451172,112.61000061035156
2016-11-28,188.75650024414062,110.88179779052734,117.06863403320312,42.07389831542969,28.424884796142578,92.96060943603516,113.80000305175781
2016-11-29,189.12460327148438,111.26531219482422,117.00666046142578,42.34202194213867,28.465049743652344,93.35018920898438,113.2699966430664
2016-11-30,188.67083740234375,109.91826629638672,116.43165588378906,42.29732894897461,28.513240814208984,91.83786010742188,111.75
2016-12-01,187.97740173339844,108.01925659179688,115.86546325683594,42.133480072021484,28.1759033203125,90.86820220947266,111.54000091552734
2016-12-02,188.071533203125,108.23441314697266,115.80355072021484,42.23774719238281,28.208024978637695,91.53398895263672,112.13999938964844
2016-12-05,189.20159912109375,109.07632446289062,117.79399871826172,42.65483093261719,28.440959930419922,91.43455505371094,111.54000091552734
2016-12-06,189.80093383789062,109.33826446533203,119.06796264648438,42.94529724121094,28.59355926513672,91.36565399169922,111.43000030517578
2016-12-07,192.28369140625,110.72274780273438,120.22688293457031,43.585838317871094,29.07547950744629,92.14630126953125,111.83000183105469
2016-12-08,192.75454711914062,110.91921997070312,122.1201171875,43.54859161376953,29.203977584838867,91.05949401855469,111.56999969482422
2016-12-09,193.9188690185547,111.78922271728516,122.35895538330078,43.73479461669922,29.051368713378906,89.92683410644531,110.4000015258789
2016-12-12,193.69622802734375,111.2840576171875,121.06736755371094,43.5411491394043,28.85861587524414,90.09522247314453,110.81999969482422
2016-12-13,194.98898315429688,112.68724822998047,121.07615661621094,44.010372161865234,29.179893493652344,90.41665649414062,110.44999694824219
2016-12-14,193.37948608398438,112.4533920288086,119.56336212158203,43.36239242553711,28.312440872192383,89.4063720703125,108.83000183105469
2016-12-15,194.1756591796875,112.63111114501953,120.45690155029297,43.26557540893555,28.36063003540039,89.85794830322266,107.33999633789062
2016-12-16,193.7958984375,112.21361541748047,120.2357406616211,43.29536437988281,28.23213005065918,89.65129089355469,108.05000305175781
2016-12-19,194.21788024902344,112.67337036132812,121.02307891845703,43.22834014892578,28.039356231689453,90.61563110351562,108.58999633789062
2016-12-20,194.967041015625,113.1049575805664,122.04930877685547,43.37729263305664,28.1357421875,90.16407012939453,107.79000091552734
2016-12-21,194.42457580566406,113.02049255371094,121.25308990478516,43.38934326171875,28.018760681152344,90.56207275390625,107.8499984741211
2016-12-22,194.08871459960938,112.70149993896484,120.20758056640625,43.29150390625,27.685688018798828,90.40015411376953,107.58999633789062
2016-12-23,194.37289428710938,112.77655792236328,120.84712982177734,43.40437698364258,27.84815788269043,90.58429718017578,107.93000030517578
2016-12-27,194.85513305664062,113.35826873779297,121.38899993896484,43.35170364379883,27.970016479492188,90.29269409179688,108.55999755859375
2016-12-28,193.2447509765625,112.47633361816406,120.14534759521484,43.1861572265625,28.181232452392578,90.95268249511719,108.86000061035156
2016-12-29,193.2017059326172,112.31682586669922,120.25196838378906,43.29150390625,28.6442813873291,91.27494049072266,110.29000091552734
2016-12-30,192.49559020996094,111.16277313232422,119.79005432128906,43.442012786865234,28.441194534301758,91.41303253173828,109.61000061035156
2017-01-03,193.9681854248047,112.1573257446289,120.38522338867188,43.71290588378906,28.78238868713379,91.80436706542969,110.47000122070312
2017-01-04,195.1221160888672,112.76717376708984,122.39280700683594,44.20956039428711,29.00173568725586,92.15736389160156,110.86000061035156
2017-01-05,194.967041015625,113.40516662597656,120.98040008544922,44.585811614990234,29.318559646606445,93.59996032714844,112.58000183105469
2017-01-06,195.6646270751953,114.39969635009766,120.53622436523438,44.43532180786133,29.19670295715332,92.74053192138672,111.75
2017-01-09,195.018798828125,114.7750244140625,119.74563598632812,44.367584228515625,29.172327041625977,93.48486328125,112.66999816894531
2017-01-10,195.018798828125,115.02833557128906,120.89154815673828,44.37510681152344,29.34293556213379,93.42345428466797,113.1500015258789
2017-01-11,195.56993103027344,115.33797454833984,121.10472869873047,44.60839080810547,29.69225311279297,93.73806762695312,113.5
2017-01-12,195.0790557861328,115.15968322753906,120.1719741821289,44.676109313964844,29.822227478027344,93.5308609008789,113.91000366210938
2017-01-13,195.52687072753906,115.55375671386719,121.0425796508789,44.84166717529297,29.797861099243164,93.08589172363281,114.20999908447266
2017-01-17,194.83792114257812,115.20659637451172,119.39917755126953,44.676109313964844,29.78160285949707,94.06036376953125,115.8499984741211
2017-01-18,195.2685089111328,115.44116973876953,119.79005432128906,44.54819107055664,29.619142532348633,92.85562896728516,114.87000274658203
2017-01-19,194.54510498046875,115.3848876953125,118.81285858154297,44.43532180786133,29.52977180480957,92.21874237060547,114.7699966430664
2017-01-20,195.25990295410156,115.63818359375,119.42584228515625,44.69116973876953,29.586637496948242,92.03458404541016,115.05000305175781
2017-01-23,194.75180053710938,115.73200988769531,118.92833709716797,44.80404281616211,30.025325775146484,92.95539855957031,115.79000091552734
2017-01-24,196.00048828125,116.51073455810547,120.74937438964844,44.916908264160156,30.21216583251953,92.31851959228516,115.2699966430664
2017-01-25,197.697021484375,117.68355560302734,121.88648986816406,45.383460998535156,30.545238494873047,91.15982818603516,114.31999969482422
2017-01-26,197.4903106689453,117.8055191040039,121.39791107177734,45.2028694152832,30.415260314941406,91.46678924560547,113.26000213623047
2017-01-27,197.18031311035156,118.0307388305664,120.98040008544922,45.12761688232422,30.439638137817383,91.79673767089844,113.48999786376953
2017-01-30,195.9573974609375,117.11122131347656,119.29259490966797,44.80404281616211,30.277158737182617,91.52043151855469,113.97000122070312
2017-01-31,195.94024658203125,116.87667083740234,120.12760162353516,44.87176513671875,30.334020614624023,92.15736389160156,115.55000305175781
2017-02-01,196.01773071289062,117.68355560302734,120.0565185546875,45.0523681640625,30.35027503967285,91.5875244140625,115.19999694824219
2017-02-02,196.14691162109375,117.5803451538086,119.75447845458984,45.074947357177734,30.48025131225586,91.54907989501953,115.83999633789062
2017-02-03,197.4989013671875,117.91813659667969,121.58445739746094,45.25554656982422,30.66709327697754,91.51058959960938,116.12999725341797
2017-02-06,197.14584350585938,118.05884552001953,120.66947937011719,44.93196105957031,30.593984603881836,92.06428527832031,117.69999694824219
2017-02-07,197.1544647216797,118.49043273925781,120.13651275634766,44.886817932128906,30.439638137817383,92.74105834960938,117.45999908447266
2017-02-08,197.4127960205078,118.68746185302734,119.92330169677734,44.96206283569336,30.626474380493164,94.00215911865234,118.19000244140625
2017-02-09,198.58395385742188,119.11905670166016,121.61112976074219,45.15019226074219,30.76458168029785,92.91791534423828,117.29000091552734
2017-02-10,199.3676300048828,119.51312255859375,122.53497314453125,45.25554656982422,31.048913955688477,92.8640365600586,117.5999984741211
2017-02-13,200.45269775390625,120.18867492675781,122.854736328125,45.43613815307617,31.14640235900879,92.57181549072266,116.80000305175781
2017-02-14,201.25363159179688,120.59210968017578,123.26337432861328,45.36841583251953,31.178890228271484,91.90283966064453,116.93000030517578
2017-02-15,202.30416870117188,121.30516815185547,124.00067901611328,45.54150390625,31.430727005004883,91.47989654541016,117.44999694824219
2017-02-16,202.13197326660156,121.26761627197266,123.65423583984375,45.64684295654297,31.316987991333008,91.979736328125,118.08000183105469
2017-02-17,202.45057678222656,121.79304504394531,123.5743179321289,45.52643966674805,31.187021255493164,92.52568817138672,117.68000030517578
2017-02-21,203.6562042236328,122.3935317993164,124.54256439208984,45.676944732666016,31.52821159362793,92.36419677734375,117.75
2017-02-22,203.47544860839844,122.44043731689453,123.9917984008789,45.676944732666016,31.625701904296875,92.51802825927734,117.91000366210938
2017-02-23,203.61318969726562,121.980712890625,123.25452423095703,45.774776458740234,31.633817672729492,92.79486083984375,118.94000244140625
2017-02-24,203.87152099609375,122.21524047851562,123.16566467285156,45.44366455078125,31.26012420654297,93.82530212402344,119.69999694824219
2017-02-27,204.19012451171875,122.36538696289062,124.3648681640625,45.47377395629883,31.162643432617188,93.27163696289062,119.12000274658203
2017-02-28,203.63900756835938,121.9900894165039,122.4461441040039,45.40604782104492,30.862071990966797,93.61766815185547,119.2300033569336
2017-03-01,206.48939514160156,123.32240295410156,124.68465423583984,45.880123138427734,31.34136199951172,92.04895782470703,119.05999755859375
2017-03-02,205.18907165527344,122.7031478881836,123.25452423095703,45.57912063598633,30.788951873779297,91.71770477294922,117.58000183105469
2017-03-03,205.31826782226562,122.92833709716797,123.16566467285156,45.85002136230469,31.0245418548584,91.95653533935547,117.51000213623047
2017-03-06,204.7068328857422,122.6562271118164,122.32176971435547,45.70704650878906,31.040788650512695,91.51738739013672,116.72000122070312
2017-03-07,204.09544372558594,122.4498291015625,121.52227020263672,45.54902267456055,31.07328224182129,91.239990234375,115.77999877929688
2017-03-08,203.7165069580078,122.66561889648438,120.72281646728516,45.383460998535156,30.78082847595215,90.74688720703125,115.05999755859375
2017-03-09,203.97482299804688,122.75943756103516,120.24310302734375,45.55653762817383,30.537120819091797,90.02262115478516,114.47000122070312
2017-03-10,204.6896209716797,123.27549743652344,120.77610778808594,45.94032287597656,30.878318786621094,90.3385009765625,114.72000122070312
2017-03-13,204.79295349121094,123.48189544677734,121.06033325195312,46.18111801147461,31.308876037597656,89.76836395263672,114.73999786376953
2017-03-14,204.00929260253906,123.18164825439453,120.4829330444336,45.827449798583984,31.130151748657227,90.19987487792969,114.12000274658203
2017-03-15,205.7747344970703,123.941650390625,122.34838104248047,46.48212814331055,31.942520141601562,91.30159759521484,116.25
2017-03-16,205.36993408203125,123.85713958740234,122.50830841064453,46.70786666870117,32.13749313354492,90.83937072753906,116.7300033569336
2017-03-17,205.00927734375,123.81394958496094,122.99691009521484,46.82827377319336,32.080631256103516,91.4094467163086,116.98999786376953
2017-03-20,204.7843780517578,123.9267578125,122.4638671875,46.73044204711914,32.454307556152344,91.80247497558594,117.51000213623047
2017-03-21,202.15505981445312,122.04637908935547,119.00831604003906,46.51974868774414,32.09687805175781,92.56520080566406,118.54000091552734
2017-03-22,202.6307373046875,122.87374114990234,119.03496551513672,46.527278900146484,32.251224517822266,92.93505859375,118.83000183105469
2017-03-23,202.41453552246094,122.56352996826172,119.72782135009766,46.63261795043945,32.25934600830078,92.80404663085938,118.66999816894531
2017-03-24,202.26748657226562,122.81734466552734,119.81427001953125,46.76054763793945,32.34058380126953,93.13536071777344,118.86000061035156
2017-03-27,202.05992126464844,123.01475524902344,120.0369873046875,46.88095474243164,32.251224517822266,93.55912780761719,119.52999877929688
2017-03-28,203.5302734375,123.76691436767578,120.972412109375,47.106693267822266,32.34058380126953,92.93505859375,119.04000091552734
2017-03-29,203.7205352783203,124.34043884277344,121.3644027709961,47.106693267822266,32.397457122802734,93.48978424072266,119.33000183105469
2017-03-30,204.36923217773438,124.54727935791016,122.28201293945312,46.94115447998047,32.22685623168945,92.73470306396484,118.47000122070312
2017-03-31,203.89353942871094,124.4626693725586,122.47796630859375,46.8734245300293,31.999385833740234,93.00435638427734,118.72000122070312
2017-04-03,203.53892517089844,124.38742065429688,121.18621826171875,46.80569839477539,32.17811965942383,93.94245147705078,119.3499984741211
2017-04-04,203.66867065429688,124.58491516113281,121.04370880126953,46.790653228759766,32.194358825683594,93.43290710449219,119.62000274658203
2017-04-05,203.06324768066406,124.07717895507812,119.67171478271484,46.54231643676758,32.09687805175781,93.71853637695312,119.62000274658203
2017-04-06,203.63406372070312,124.14299011230469,120.78536224365234,46.54984664916992,32.040000915527344,93.5795669555664,119.18000030517578
2017-04-07,203.4264678955078,124.07717895507812,120.73188018798828,46.51974868774414,31.98314094543457,93.20124816894531,119.45999908447266
2017-04-10,203.5475616455078,124.12422180175781,120.99915313720703,46.467063903808594,31.853158950805664,93.63365173339844,119.45999908447266
2017-04-11,203.3053741455078,123.58828735351562,121.9612808227539,46.685302734375,31.780046463012695,94.52157592773438,121.19000244140625
2017-04-12,202.41453552246094,123.08995056152344,120.30425262451172,46.647674560546875,31.934396743774414,95.03886413574219,122.0199966430664
2017-04-13,201.09986877441406,122.60108947753906,119.12828826904297,46.34667205810547,31.796300888061523,95.33223724365234,122.5999984741211
2017-04-17,202.881591796875,123.61648559570312,120.52694702148438,46.63261795043945,32.12936782836914,95.03886413574219,122.23999786376953
2017-04-18,202.2761993408203,123.428466796875,120.5537338256836,46.42191696166992,31.72317886352539,96.281982421875,122.81999969482422
2017-04-19,201.9042205810547,123.62590026855469,120.972412109375,46.233795166015625,31.52821159362793,95.75696563720703,121.7300033569336
2017-04-20,203.5475616455078,124.6601333618164,122.51359558105469,46.6025276184082,31.91815948486328,95.3863296508789,121.95999908447266
2017-04-21,202.89886474609375,124.63189697265625,122.23744201660156,46.63261795043945,31.91815948486328,95.3863296508789,122.30999755859375
2017-04-24,205.13035583496094,126.1362075805664,123.76087188720703,47.814048767089844,32.373077392578125,94.91532897949219,121.4800033569336
2017-04-25,206.3238983154297,127.04816436767578,124.96358489990234,48.15268325805664,32.657405853271484,93.77265167236328,120.25
2017-04-26,206.19419860839844,126.86957550048828,125.60503387451172,48.01723098754883,32.535552978515625,94.28990936279297,120.83999633789062
2017-04-27,206.36720275878906,127.63114166259766,125.56936645507812,48.0623779296875,32.49494171142578,94.25904846191406,120.38999938964844
2017-04-28,205.91738891601562,127.85678100585938,123.88558197021484,48.00971221923828,32.54368591308594,94.467529296875,120.7699966430664
2017-05-01,206.43634033203125,128.99436950683594,124.59832000732422,48.205360412597656,32.730525970458984,93.68219757080078,119.66999816894531
2017-05-02,206.5142059326172,129.2106475830078,123.96572875976562,48.453678131103516,32.96611022949219,94.16189575195312,119.6500015258789
2017-05-03,206.2633819580078,128.79698181152344,123.19963836669922,48.355857849121094,32.74677658081055,94.22380065917969,117.9800033569336
2017-05-04,206.50555419921875,128.84396362304688,123.03035736083984,48.814876556396484,32.38121032714844,93.7595443725586,116.79000091552734
2017-05-05,207.3185577392578,129.31405639648438,123.82323455810547,49.3566780090332,32.6492919921875,93.84469604492188,117.01000213623047
2017-05-08,207.2839813232422,129.59613037109375,123.3065185546875,48.98795700073242,32.64116668701172,93.33402252197266,116.75
2017-05-09,207.09371948242188,130.0474090576172,123.25308227539062,48.8675537109375,33.055477142333984,93.32628631591797,116.05000305175781
2017-05-10,207.46559143066406,130.12261962890625,124.01922607421875,48.942806243896484,33.274818420410156,93.21798706054688,116.04000091552734
2017-05-11,207.0418243408203,130.01919555664062,123.15509033203125,48.82240676879883,33.347930908203125,93.21798706054688,116.5
2017-05-12,206.69580078125,130.3106689453125,122.50468444824219,49.09331512451172,33.48603820800781,93.92203521728516,116.83000183105469
2017-05-15,207.83753967285156,130.724365234375,123.45796203613281,49.341644287109375,33.827232360839844,93.666748046875,117.13999938964844
2017-05-16,207.64724731445312,131.26963806152344,123.50251007080078,49.657684326171875,33.85972213745117,94.01492309570312,117.6500015258789
2017-05-17,203.96279907226562,127.93199920654297,120.17060852050781,49.09331512451172,33.28294372558594,95.3843994140625,119.79000091552734
2017-05-18,204.7843780517578,129.05079650878906,120.60716247558594,49.176082611083984,32.730525970458984,95.49273681640625,118.80999755859375
2017-05-19,206.1163330078125,129.59613037109375,121.18621826171875,49.747982025146484,33.429168701171875,95.71710968017578,119.4000015258789
2017-05-22,207.16290283203125,130.68675231933594,122.005859375,49.808189392089844,33.4616584777832,95.45401763916016,119.9000015258789
2017-05-23,207.62132263183594,130.81837463378906,122.40670776367188,49.81571578979492,33.49415588378906,94.81185150146484,119.13999938964844
2017-05-24,208.1056671142578,131.4201202392578,122.48694610595703,49.8458137512207,33.62413787841797,95.34574127197266,119.61000061035156
2017-05-25,209.1002960205078,132.53892517089844,122.56706237792969,49.8458137512207,33.7866096496582,95.37663269042969,119.4800033569336
2017-05-26,209.05703735351562,132.77394104003906,122.5314712524414,49.70282745361328,33.908477783203125,95.53914642333984,120.54000091552734
2017-05-30,208.8754119873047,132.88681030273438,121.56929779052734,49.65016555786133,33.72974395751953,96.01109313964844,120.13999938964844
2017-05-31,208.82354736328125,132.8397979736328,121.44461059570312,49.71036148071289,33.46978759765625,96.25094604492188,120.62000274658203
2017-06-01,210.48410034179688,133.35687255859375,123.78755950927734,50.033939361572266,33.754119873046875,96.26107025146484,120.72000122070312
2017-06-02,211.18470764160156,134.87998962402344,124.5893783569336,50.58326721191406,33.924705505371094,97.40080261230469,121.61000061035156
2017-06-05,211.02899169921875,134.85179138183594,123.81428527832031,50.30483627319336,33.88407897949219,96.79600524902344,121.7300033569336
2017-06-06,210.35440063476562,134.31593322753906,123.69847869873047,50.16187286376953,33.90034484863281,97.32324981689453,123.0999984741211
2017-06-07,210.7436065673828,134.84239196777344,123.81428527832031,50.176910400390625,33.85972213745117,96.85807800292969,122.44999694824219
2017-06-08,210.84738159179688,134.98342895507812,125.50700378417969,50.08661651611328,34.06281280517578,96.60218811035156,121.6500015258789
2017-06-09,210.5273895263672,131.60812377929688,126.15731048583984,49.89848327636719,33.8028678894043,96.45484924316406,120.54000091552734
2017-06-12,210.48410034179688,130.9029998779297,125.95246887207031,49.71036148071289,33.62413787841797,96.42384338378906,120.36000061035156
2017-06-13,211.51333618164062,131.96543884277344,126.59388732910156,50.094139099121094,33.7866096496582,96.43938446044922,120.4800033569336
2017-06-14,211.24520874023438,131.39190673828125,125.84549713134766,50.056495666503906,33.77848434448242,97.92803192138672,119.81999969482422
2017-06-15,210.83876037597656,130.80894470214844,125.20407104492188,49.53728485107422,33.429168701171875,97.77302551269531,119.31999969482422
2017-06-16,210.8848114013672,130.24143981933594,124.89225006103516,49.95867919921875,33.48603820800781,97.96681213378906,119.33999633789062
2017-06-19,212.64039611816406,132.41917419433594,125.81876373291016,50.16187286376953,33.8191032409668,97.82727813720703,118.43000030517578
2017-06-20,211.2063751220703,131.38217163085938,124.54484558105469,49.75810623168945,33.445308685302734,98.70347595214844,118.18000030517578
2017-06-21,211.1542510986328,132.6831817626953,124.23301696777344,49.696929931640625,33.518768310546875,98.90503692626953,118.5199966430664
2017-06-22,211.05859375,132.6454620361328,124.7052001953125,49.68928527832031,33.69015884399414,99.12211608886719,118.91999816894531
2017-06-23,211.3106689453125,133.154541015625,125.53370666503906,49.8116340637207,33.869712829589844,99.07559967041016,119.43000030517578
2017-06-26,211.4497528076172,132.5322723388672,125.68515014648438,49.895751953125,34.1961669921875,99.4477767944336,118.36000061035156
2017-06-27,209.7462615966797,130.1282501220703,124.58045959472656,49.88811492919922,33.79624938964844,98.38554382324219,118.80999755859375
2017-06-28,211.6235809326172,132.0043487548828,126.48699951171875,50.323974609375,34.05742263793945,98.05989837646484,118.9000015258789
2017-06-29,209.76365661621094,129.7134552001953,125.73860931396484,49.82693862915039,33.624874114990234,97.23802947998047,118.31999969482422
2017-06-30,210.1547393798828,129.76065063476562,125.54263305664062,49.857513427734375,33.77993392944336,97.01313018798828,118.0199966430664
2017-07-03,210.51109313964844,128.39366149902344,126.59388732910156,49.79634475708008,33.975807189941406,96.70079040527344,116.08999633789062
2017-07-05,210.997802734375,129.6569061279297,126.1395263671875,49.79634475708008,33.910518646240234,96.72412109375,116.5199966430664
2017-07-06,209.06829833984375,128.48788452148438,124.49230194091797,49.574588775634766,33.502445220947266,95.923828125,116.47000122070312
2017-07-07,210.4241943359375,129.873779296875,125.70014953613281,49.58222579956055,33.56773376464844,95.34886932373047,115.27999877929688
2017-07-10,210.65011596679688,130.7222900390625,125.15438842773438,49.704586029052734,33.88602828979492,95.48871612548828,115.47000122070312
2017-07-11,210.49371337890625,131.08987426757812,125.52125549316406,49.81928634643555,34.16352081298828,95.65189361572266,115.62000274658203
2017-07-12,212.07550048828125,132.6454620361328,126.48753356933594,50.2169189453125,34.824588775634766,96.31232452392578,116.02999877929688
2017-07-13,212.43185424804688,132.93768310546875,126.59490203857422,50.362205505371094,34.995975494384766,95.70628356933594,115.81999969482422
2017-07-14,213.4226837158203,133.9841766357422,126.80963134765625,50.71396255493164,35.43668746948242,95.82283020019531,116.7699966430664
2017-07-17,213.39657592773438,134.0501708984375,127.10493469238281,50.61456298828125,35.273468017578125,96.08697509765625,117.29000091552734
2017-07-18,213.5095977783203,134.9457550048828,126.7739028930664,50.660430908203125,35.37956619262695,96.92611694335938,118.11000061035156
2017-07-19,214.66554260253906,135.73770141601562,128.03546142578125,50.882198333740234,35.673370361328125,96.96497344970703,118.08000183105469
2017-07-20,214.76107788085938,135.91677856445312,128.12489318847656,51.088661193847656,35.632572174072266,97.24465942382812,118.23999786376953
2017-07-21,214.56993103027344,135.8602294921875,127.54335021972656,50.88983917236328,35.60808181762695,97.65644073486328,119.26000213623047
2017-07-24,214.5177764892578,136.48248291015625,127.72228240966797,50.7522087097168,35.71417999267578,97.27577209472656,119.30999755859375
2017-07-25,215.03919982910156,136.13365173339844,128.8854217529297,50.821022033691406,35.62440872192383,96.0093002319336,118.91999816894531
2017-07-26,215.0479278564453,136.57675170898438,128.16964721679688,51.134544372558594,35.918209075927734,96.16466522216797,119.87999725341797
2017-07-27,214.84800720214844,135.71884155273438,127.35543823242188,51.019840240478516,35.72234344482422,95.69072723388672,119.79000091552734
2017-07-28,214.595947265625,135.6056671142578,127.01542663574219,51.073368072509766,35.706016540527344,96.25791931152344,120.69000244140625
2017-07-31,214.47430419921875,135.03060913085938,126.6128158569336,51.180423736572266,35.74683380126953,96.37447357177734,120.75
2017-08-01,214.95236206054688,135.34173583984375,126.85440063476562,51.46335983276367,35.852928161621094,97.05110931396484,120.6500015258789
2017-08-02,215.05657958984375,135.7093963623047,125.46757507324219,51.486297607421875,35.88557052612305,97.1055908203125,120.4000015258789
2017-08-03,214.63941955566406,135.18148803710938,124.84127807617188,51.51688766479492,35.73866653442383,98.11009216308594,120.58999633789062
2017-08-04,215.03054809570312,135.42657470703125,125.44970703125,51.58570861816406,35.86924362182617,97.27692413330078,119.6500015258789
2017-08-07,215.43038940429688,136.2844696044922,125.65544891357422,51.608642578125,36.11408233642578,97.38592529296875,119.51000213623047
2017-08-08,214.9002227783203,136.04881286621094,125.26175689697266,51.33335494995117,36.12224197387695,97.03553771972656,119.86000061035156
2017-08-09,214.89151000976562,135.86968994140625,124.1791763305664,51.24924850463867,35.79579162597656,97.56504821777344,121.30999755859375
2017-08-10,211.85824584960938,132.95655822753906,121.9244613647461,50.522796630859375,34.94701385498047,98.39820098876953,122.20999908447266
2017-08-11,212.17115783691406,133.9652862548828,122.1034164428711,50.43103790283203,35.028621673583984,98.44490814208984,122.79000091552734
2017-08-14,214.27444458007812,135.69049072265625,123.95549774169922,50.79808044433594,35.38772201538086,97.93876647949219,121.91999816894531
2017-08-15,214.24830627441406,135.7847900390625,122.93550109863281,50.75984191894531,35.42853546142578,97.5261001586914,120.9800033569336
2017-08-16,214.62203979492188,136.02047729492188,122.97128295898438,51.0504264831543,35.79579162597656,97.88428497314453,121.87000274658203
2017-08-17,211.27589416503906,133.2393798828125,120.72549438476562,50.47692108154297,35.33875274658203,98.6162109375,122.48999786376953
2017-08-18,210.94566345214844,133.14508056640625,120.71658325195312,50.61456298828125,35.640724182128906,98.59285736083984,122.30000305175781
2017-08-21,211.1107635498047,132.9753875732422,120.63602447509766,50.59926223754883,35.77131271362305,98.834228515625,122.76000213623047
2017-08-22,213.31837463378906,135.0023193359375,121.94236755371094,50.84396743774414,36.17121505737305,98.45270538330078,122.20999908447266
2017-08-23,212.5535125732422,134.52154541015625,121.74549865722656,50.85161590576172,36.34260559082031,99.12234497070312,122.66999816894531
2017-08-24,212.05813598632812,134.12559509277344,122.12126922607422,50.73690414428711,36.45686721801758,98.75638580322266,122.29000091552734
2017-08-25,212.5535125732422,133.8427734375,122.47022247314453,51.042781829833984,36.6690559387207,99.137939453125,122.73999786376953
2017-08-28,212.56219482421875,134.25755310058594,122.98922729492188,51.042781829833984,36.538475036621094,99.07559967041016,124.69000244140625
2017-08-29,212.80555725097656,134.78549194335938,123.01599884033203,50.83632278442383,36.473182678222656,99.39491271972656,124.41999816894531
2017-08-30,213.81375122070312,136.3693389892578,123.80335235595703,50.767494201660156,36.53031539916992,99.36373901367188,124.36000061035156
2017-08-31,215.10012817382812,137.8306427001953,125.0201644897461,51.15748977661133,36.587440490722656,99.65959930419922,125.81999969482422
2017-09-01,215.4042510986328,137.64205932617188,125.72705841064453,51.22630310058594,36.856773376464844,98.89728546142578,126.05999755859375
2017-09-05,213.85723876953125,136.40707397460938,124.51912689208984,50.882198333740234,36.375244140625,100.46562957763672,127.45999908447266
2017-09-06,214.5872802734375,136.8218231201172,124.77864837646484,51.19572067260742,36.61192321777344,99.84920501708984,126.80999755859375
2017-09-07,214.56121826171875,137.14244079589844,124.46548461914062,51.616294860839844,36.881256103515625,100.87134552001953,128.1300048828125
2017-09-08,214.3091583251953,135.95452880859375,124.56392669677734,51.62394332885742,36.63641357421875,100.65287780761719,127.97000122070312
2017-09-11,216.59500122070312,137.5194549560547,125.87020111083984,52.02922439575195,37.126102447509766,99.4512710571289,126.19000244140625
2017-09-12,217.3250274658203,137.84945678710938,126.6396713256836,52.1898078918457,37.08528137207031,98.92848205566406,126.55999755859375
2017-09-13,217.4293212890625,138.03807067871094,127.01542663574219,51.90686798095703,36.8894157409668,98.53836059570312,125.61000061035156
2017-09-14,217.3598175048828,137.22720336914062,126.89912414550781,51.9986457824707,36.98735046386719,98.944091796875,126.16000366210938
2017-09-15,217.6524200439453,137.69863891601562,127.4180679321289,52.04451370239258,37.207706451416016,98.98311614990234,125.52999877929688
2017-09-18,218.11534118652344,137.5181427001953,128.28598022460938,52.11334228515625,37.338294982910156,98.4135513305664,124.36000061035156
2017-09-19,218.3336639404297,137.75437927246094,128.28598022460938,52.3580436706543,37.41990280151367,98.1716537475586,124.62000274658203
2017-09-20,218.41229248046875,137.32920837402344,128.6975555419922,52.24333953857422,37.24851608276367,98.24188995361328,123.62000274658203
2017-09-21,217.82705688476562,136.48831176757812,128.56332397460938,52.13628387451172,37.24851608276367,98.18726348876953,122.68000030517578
2017-09-22,217.87078857421875,136.3560333251953,129.10911560058594,52.296871185302734,37.03632736206055,98.46817016601562,123.23999786376953
2017-09-25,217.42529296875,134.91990661621094,129.28805541992188,51.9986457824707,36.407894134521484,99.08457946777344,124.52999877929688
2017-09-26,217.55636596679688,135.26950073242188,129.69976806640625,51.883934020996094,36.309959411621094,98.90512084960938,123.13999938964844
2017-09-27,218.403564453125,136.48831176757812,132.2379608154297,51.922183990478516,36.17938232421875,97.414794921875,121.9800033569336
2017-09-28,218.66555786132812,136.4410400390625,132.5877227783203,52.059814453125,36.15489959716797,97.12613677978516,122.20999908447266
2017-09-29,219.43418884277344,137.42361450195312,132.901611328125,52.36569595336914,36.571128845214844,97.34463500976562,121.58000183105469
2017-10-02,220.38626098632812,137.54647827148438,134.5339813232422,52.31980895996094,36.57928466796875,97.16633605957031,120.7699966430664
2017-10-03,220.85791015625,137.83944702148438,134.82994079589844,52.49568557739258,37.15874099731445,97.2601547241211,120.83000183105469
2017-10-04,221.11997985839844,137.97164916992188,134.39952087402344,52.396278381347656,37.15058517456055,97.26795959472656,121.16999816894531
2017-10-05,222.43011474609375,139.3227996826172,134.76719665527344,52.36569595336914,37.428070068359375,96.90054321289062,120.5199966430664
2017-10-06,222.17681884765625,139.51173400878906,134.57882690429688,52.32746124267578,37.240360260009766,96.62686157226562,121.08999633789062
2017-10-09,221.8100128173828,139.35108947753906,134.02273559570312,52.34273910522461,37.215877532958984,96.93179321289062,122.08000183105469
2017-10-10,222.3951873779297,139.4550323486328,134.4084014892578,52.839786529541016,37.583133697509766,97.08818054199219,122.4000015258789
2017-10-11,222.7445526123047,139.87075805664062,134.30975341796875,52.96978759765625,37.75452423095703,97.27582550048828,122.79000091552734
2017-10-12,222.41261291503906,139.6156768798828,134.21112060546875,52.92391586303711,37.738197326660156,97.69017028808594,122.88999938964844
2017-10-13,222.68344116210938,140.15420532226562,133.96890258789062,53.19919204711914,38.08097457885742,98.39387512207031,123.81999969482422
2017-10-16,222.9803924560547,140.6360626220703,133.85235595703125,53.16094970703125,38.05649185180664,98.32345581054688,122.97000122070312
2017-10-17,223.13763427734375,140.8155517578125,133.46665954589844,53.0233154296875,37.860626220703125,98.44851684570312,122.12999725341797
2017-10-18,223.35594177246094,140.64547729492188,134.10345458984375,53.17625427246094,37.95039367675781,97.7995834350586,121.66999816894531
2017-10-19,223.41712951660156,140.12582397460938,133.89723205566406,53.09214782714844,37.61576843261719,97.97159576416016,122.38999938964844
2017-10-20,224.57005310058594,140.50376892089844,134.51611328125,53.0233154296875,37.75452423095703,96.93179321289062,121.61000061035156
2017-10-23,223.69656372070312,139.58731079101562,133.5115203857422,52.90862274169922,37.452545166015625,97.10380554199219,121.80000305175781
2017-10-24,224.08961486816406,139.82351684570312,133.78958129882812,52.99273681640625,37.452545166015625,96.50177001953125,121.33000183105469
2017-10-25,222.9803924560547,139.29441833496094,133.143798828125,52.7862548828125,37.37092971801758,96.0405044555664,121.3499984741211
2017-10-26,223.26861572265625,138.85037231445312,133.42184448242188,52.77861785888672,37.1179313659668,95.71995544433594,120.33000183105469
2017-10-27,225.09414672851562,142.89419555664062,134.34567260742188,52.90096664428711,37.656585693359375,96.3532485961914,120.9000015258789
2017-10-30,224.25563049316406,143.2153778076172,132.92855834960938,53.0233154296875,37.41990280151367,97.27582550048828,121.12999725341797
2017-10-31,224.60499572753906,143.75396728515625,133.87022399902344,53.24508285522461,37.770843505859375,97.30703735351562,120.66999816894531
2017-11-01,224.90191650390625,143.70668029785156,132.98231506347656,53.298587799072266,37.96672058105469,97.74031829833984,121.11000061035156
2017-11-02,224.98931884765625,143.4326934814453,133.37701416015625,53.45918273925781,38.01569366455078,98.17124938964844,121.19000244140625
2017-11-03,225.74046325683594,144.81216430664062,133.28729248046875,53.37507247924805,37.81980895996094,98.43763732910156,120.62000274658203
2017-11-06,226.0898895263672,145.30345153808594,133.43978881835938,53.451541900634766,38.24420166015625,98.80590057373047,121.6500015258789
2017-11-07,225.93264770507812,145.38845825195312,131.8433380126953,53.252716064453125,37.99937438964844,99.22113800048828,121.20999908447266
2017-11-08,226.31689453125,145.9742431640625,132.02268981933594,53.42860794067383,38.17891311645508,99.00177764892578,121.62999725341797
2017-11-09,225.49591064453125,145.20899963378906,131.55628967285156,53.12272644042969,37.942230224609375,98.71971130371094,122.12999725341797
2017-11-10,225.426025390625,145.19952392578125,131.45767211914062,52.97743225097656,37.779014587402344,97.23104095458984,121.12999725341797
2017-11-13,225.63563537597656,145.3790283203125,131.49356079101562,52.75566864013672,37.697383880615234,97.43476104736328,121.30999755859375
2017-11-14,225.11158752441406,144.84988403320312,131.13475036621094,52.71744918823242,37.44438934326172,98.09292602539062,121.55999755859375
2017-11-15,223.98486328125,144.16964721679688,130.6145782470703,52.4650993347168,37.24851608276367,99.158447265625,121.41000366210938
2017-11-16,225.88893127441406,146.01205444335938,132.53387451171875,52.88566970825195,38.023841857910156,98.29654693603516,121.4000015258789
2017-11-17,225.22512817382812,145.45462036132812,133.143798828125,52.69449996948242,38.21155548095703,99.02523803710938,122.86000061035156
2017-11-20,225.6094512939453,145.34130859375,134.11245727539062,52.809200286865234,38.40742874145508,98.98606872558594,121.30999755859375
2017-11-21,227.0855712890625,146.91912841796875,135.51161193847656,53.206844329833984,38.921600341796875,99.29945373535156,121.51000213623047
2017-11-22,226.88470458984375,147.0986328125,135.33216857910156,53.35212707519531,39.01953887939453,99.62071990966797,122.62999725341797
2017-11-24,227.40872192382812,147.6371307373047,135.3860626220703,53.78800582885742,38.93791961669922,99.34647369384766,122.31999969482422
2017-11-27,227.295166015625,147.57102966308594,134.9734344482422,53.46683883666992,38.36662673950195,99.20547485351562,122.83000183105469
2017-11-28,229.6010284423828,147.94894409179688,137.09910583496094,53.7727165222168,38.652278900146484,99.33866882324219,122.80999755859375
2017-11-29,229.4613494873047,145.36956787109375,137.5565185546875,53.558589935302734,38.0401725769043,98.35931396484375,122.04000091552734
2017-11-30,231.47024536132812,146.58843994140625,137.8076629638672,53.61212921142578,37.623939514160156,98.03022766113281,121.0999984741211
2017-12-01,230.9898223876953,145.96487426757812,137.24264526367188,53.398014068603516,37.411746978759766,99.35309600830078,121.58999633789062
2017-12-04,230.71031188964844,144.28305053710938,136.7313995361328,53.206844329833984,37.485191345214844,99.40019989013672,121.18000030517578
2017-12-05,229.88058471679688,144.37754821777344,135.36805725097656,53.09214782714844,37.46072006225586,99.8947982788086,120.31999969482422
2017-12-06,229.92430114746094,145.0294647216797,134.7312774658203,52.985084533691406,36.954708099365234,100.24024963378906,120.06999969482422
2017-12-07,230.64920043945312,145.520751953125,135.6730499267578,53.12272644042969,37.06080627441406,99.45514678955078,118.48999786376953
2017-12-08,231.90695190429688,146.16323852539062,135.79861450195312,53.4056510925293,37.49335861206055,99.46302032470703,118.4800033569336
2017-12-11,232.60572814941406,147.29701232910156,135.7448272705078,53.54330825805664,37.68107604980469,99.25887298583984,118.01000213623047
2017-12-12,233.0161895751953,147.0986328125,135.32325744628906,53.61212921142578,37.428070068359375,99.21961975097656,118.1500015258789
2017-12-13,232.989990234375,147.38206481933594,136.1304473876953,53.81859588623047,37.87694549560547,99.96548461914062,119.16999816894531
2017-12-14,232.03797912597656,147.27813720703125,134.62364196777344,53.52036666870117,37.59946060180664,100.38938903808594,118.93000030517578
2017-12-15,233.97027587890625,148.95045471191406,136.5430145263672,53.50507354736328,37.68107604980469,100.76629638671875,119.18000030517578
2017-12-18,235.453857421875,150.19927978515625,138.39059448242188,54.13976287841797,38.10546112060547,99.84768676757812,119.7300033569336
2017-12-19,234.54962158203125,149.30923461914062,137.29640197753906,53.94114685058594,37.904136657714844,98.55226135253906,119.81999969482422
2017-12-20,234.4267578125,149.14833068847656,137.56549072265625,53.848419189453125,37.9538459777832,97.46101379394531,120.13999938964844
2017-12-21,234.90953063964844,149.167236328125,138.1678009033203,54.0416145324707,38.202396392822266,98.029052734375,120.30999755859375
2017-12-22,234.84812927246094,148.99679565429688,137.91567993164062,54.180721282958984,38.5255126953125,98.16282653808594,120.94000244140625
2017-12-26,234.56723022460938,148.1920928955078,137.99673461914062,54.165260314941406,38.492366790771484,98.45393371582031,121.7699966430664
2017-12-27,234.68130493164062,148.21095275878906,137.86166381835938,54.26573181152344,38.591800689697266,99.73632049560547,122.2300033569336
2017-12-28,235.16424560546875,148.39089965820312,138.40184020996094,54.296627044677734,38.85691833496094,99.6498031616211,122.8499984741211
2017-12-29,234.27755737304688,147.47247314453125,137.258544921875,54.33528137207031,39.039180755615234,99.80712890625,123.6500015258789
2018-01-02,235.9542236328125,150.05728149414062,138.55490112304688,54.737125396728516,39.77655029296875,98.72924041748047,125.1500015258789
2018-01-03,237.44667053222656,151.51528930664062,138.6989288330078,54.9998779296875,40.15766906738281,99.20130157470703,124.81999969482422
2018-01-04,238.44752502441406,151.78038024902344,139.06809997558594,55.60266876220703,40.356510162353516,99.18557739257812,125.45999908447266
2018-01-05,240.0365753173828,153.3047637939453,139.35614013671875,55.911773681640625,40.7044792175293,98.9023666381836,125.33000183105469
2018-01-08,240.47549438476562,153.9012451171875,139.5722198486328,55.89631652832031,40.7044792175293,98.83940124511719,125.30999755859375
2018-01-09,241.019775390625,153.9106903076172,139.38316345214844,55.958152770996094,40.63819885253906,97.51771545410156,124.7300033569336
2018-01-10,240.65110778808594,153.55088806152344,139.40121459960938,55.84994888305664,40.381370544433594,97.39967346191406,125.02999877929688
2018-01-11,242.40689086914062,154.6018524169922,141.7959747314453,56.23635482788086,40.62991714477539,97.80091857910156,125.44000244140625
2018-01-12,243.9872283935547,155.73800659179688,142.39015197753906,56.80048751831055,41.019317626953125,97.96610260009766,126.95999908447266
2018-01-16,243.15310668945312,155.29302978515625,140.571533203125,56.746395111083984,40.86189270019531,98.37525939941406,127.16999816894531
2018-01-17,245.47079467773438,156.9688262939453,141.9040069580078,57.0400505065918,41.40042495727539,98.24150085449219,126.13999938964844
2018-01-18,245.05813598632812,156.9972381591797,140.93167114257812,56.97052001953125,41.45013427734375,97.3288345336914,125.86000061035156
2018-01-19,246.17303466796875,157.48956298828125,142.78631591796875,57.287357330322266,41.78982925415039,96.81746673583984,126.41999816894531
2018-01-22,248.1747589111328,159.1748809814453,143.55154418945312,57.58101272583008,42.03009033203125,96.911865234375,126.6500015258789
2018-01-23,248.7015838623047,160.49087524414062,144.0106964111328,57.76648712158203,42.22893142700195,97.3288345336914,127.27999877929688
2018-01-24,248.6049041748047,159.44943237304688,143.119384765625,57.866939544677734,42.58518600463867,96.8017349243164,128.8300018310547
2018-01-25,248.71023559570312,159.3926544189453,143.17340087890625,57.64284133911133,42.56033706665039,97.59635162353516,127.97000122070312
2018-01-26,251.58981323242188,161.83535766601562,143.6865997314453,58.15289306640625,43.1485710144043,97.23446655273438,128.07000732421875
2018-01-29,249.92173767089844,161.04954528808594,142.87628173828125,57.61964797973633,42.494049072265625,96.557861328125,127.3499984741211
2018-01-30,247.35829162597656,159.72398376464844,141.5078582763672,57.140525817871094,41.914100646972656,95.99142456054688,126.80000305175781
2018-01-31,247.48121643066406,160.38670349121094,140.7695770263672,57.06324005126953,42.27863693237305,96.557861328125,127.6500015258789
2018-02-01,247.20022583007812,159.0233612060547,141.21080017089844,57.22554397583008,41.706974029541016,95.15845489501953,128.07000732421875
2018-02-02,241.81866455078125,155.8516082763672,138.4918975830078,56.06634521484375,40.63819885253906,94.27545928955078,126.38999938964844
2018-02-05,231.70526123046875,149.70697021484375,133.17117309570312,53.717037200927734,39.21316909790039,95.16634368896484,126.70999908447266
2018-02-06,236.27037048339844,153.6739959716797,134.76470947265625,54.775760650634766,40.48907470703125,94.57504272460938,125.37999725341797
2018-02-07,234.98858642578125,151.68580627441406,134.89971923828125,54.1961784362793,39.21316909790039,93.67627716064453,124.79000091552734
2018-02-08,226.1744384765625,145.285400390625,130.93844604492188,52.78196334838867,37.85442352294922,93.57374572753906,124.9800033569336
2018-02-09,229.5719451904297,147.79440307617188,132.13587951660156,53.00606918334961,38.459232330322266,92.98250579833984,124.7699966430664
2018-02-12,232.9430389404297,150.41702270507812,133.3872528076172,53.8174934387207,39.064048767089844,93.39247131347656,125.37000274658203
2018-02-13,233.5225067138672,151.19338989257812,133.67530822753906,53.65522384643555,39.362300872802734,93.81033325195312,126.08000183105469
2018-02-14,236.6741485595703,154.02427673339844,136.07908630371094,54.60575866699219,40.34823226928711,92.76962280273438,128.22999572753906
2018-02-15,239.6941375732422,156.88365173339844,137.56459045410156,54.94579315185547,41.176734924316406,93.08502197265625,128.3800048828125
2018-02-16,239.76438903808594,156.18299865722656,138.0507354736328,55.19308853149414,41.04418182373047,93.58959197998047,127.95999908447266
2018-02-20,238.2632293701172,156.49545288085938,136.9163818359375,54.6753044128418,40.48079299926758,93.17961120605469,126.23999786376953
2018-02-21,237.0780029296875,156.05047607421875,137.0604248046875,54.41255569458008,40.4476432800293,92.03643798828125,125.66000366210938
2018-02-22,237.38526916503906,156.0315399169922,136.84439086914062,54.698486328125,40.472496032714844,92.3124008178711,126.30000305175781
2018-02-23,241.16897583007812,159.22222900390625,138.62692260742188,55.13125228881836,41.19330596923828,93.13229370117188,126.13999938964844
2018-02-26,243.96954345703125,161.33348083496094,139.53622436523438,55.64904022216797,41.57441711425781,93.16381072998047,126.44999694824219
2018-02-27,240.92324829101562,159.33583068847656,137.528564453125,54.822139739990234,40.36479187011719,93.02980041503906,125.12999725341797
2018-02-28,238.4827117919922,158.3132781982422,135.35890197753906,54.30435562133789,39.78484344482422,93.62109375,125.0
2018-03-01,235.01495361328125,155.72850036621094,134.9987335205078,53.39246368408203,39.71027755737305,94.26020812988281,124.72000122070312
2018-03-02,236.22647094726562,157.1581573486328,137.15945434570312,53.647483825683594,39.8759765625,93.49393463134766,125.38999938964844
2018-03-05,238.95677185058594,158.90029907226562,138.38381958007812,53.93342971801758,39.93397521972656,93.24112701416016,125.18000030517578
2018-03-06,239.56253051757812,159.5724639892578,139.8783721923828,54.25025939941406,40.30679702758789,93.32806396484375,126.52999877929688
2018-03-07,239.4746856689453,159.9417266845703,141.1117706298828,54.23480987548828,40.34823226928711,93.22532653808594,125.72000122070312
2018-03-08,240.63352966308594,160.8223114013672,140.8236541748047,54.35072708129883,40.356510162353516,93.76245880126953,125.41999816894531
2018-03-09,244.82113647460938,163.94674682617188,143.0743865966797,54.698486328125,41.21815490722656,93.1463394165039,125.54000091552734
2018-03-12,244.51382446289062,164.81777954101562,143.32644653320312,54.760311126708984,41.31758117675781,93.68350982666016,125.54000091552734
2018-03-13,242.9336700439453,162.5738525390625,142.6602325439453,54.397098541259766,40.94474411010742,94.15747833251953,125.77999877929688
2018-03-14,241.68695068359375,162.5454559326172,141.98501586914062,54.528465270996094,41.01103210449219,94.98698425292969,125.69999694824219
2018-03-15,241.42361450195312,162.40341186523438,141.2738037109375,54.49755859375,40.86189270019531,94.98698425292969,124.9000015258789
2018-03-16,241.68551635742188,161.9205780029297,142.06605529785156,54.458927154541016,40.7707633972168,94.64727020263672,124.5999984741211
2018-03-19,238.4153289794922,158.4658203125,140.69760131835938,54.0184326171875,40.3316535949707,94.34709930419922,124.87000274658203
2018-03-20,238.8208770751953,158.98731994628906,140.6615753173828,54.010711669921875,40.77904510498047,93.96788787841797,124.30999755859375
2018-03-21,238.3625030517578,158.29510498046875,141.48086547851562,54.095706939697266,41.019317626953125,94.07059478759766,126.4800033569336
2018-03-22,232.40406799316406,154.38796997070312,138.37850952148438,53.091064453125,39.65227508544922,95.00281524658203,125.9800033569336
2018-03-23,227.45045471191406,150.3196563720703,135.40069580078125,52.50374984741211,38.848628997802734,94.9316635131836,127.61000061035156
2018-03-26,233.6732940673828,155.9053192138672,138.3604736328125,53.446556091308594,40.10795974731445,94.56829071044922,128.27999877929688
2018-03-27,229.6981201171875,150.86024475097656,135.68040466308594,53.05243682861328,39.378875732421875,95.5794448852539,127.48999786376953
2018-03-28,229.01939392089844,149.12474060058594,135.63528442382812,53.36156463623047,39.18003845214844,95.83226776123047,125.7300033569336
2018-03-29,231.9457244873047,151.85595703125,137.00689697265625,53.848419189453125,40.00026321411133,96.29832458496094,125.79000091552734
2018-04-02,226.9392852783203,147.4746551513672,133.6681365966797,53.10654067993164,39.279449462890625,96.48835754394531,127.26000213623047
2018-04-03,229.84793090820312,149.13421630859375,135.5811309814453,53.446556091308594,39.668853759765625,95.74420928955078,126.30000305175781
2018-04-04,232.30712890625,151.486083984375,137.30467224121094,53.63203811645508,39.685420989990234,95.54629516601562,126.44999694824219
2018-04-05,234.1405029296875,152.34906005859375,138.44163513183594,53.987510681152344,39.78484344482422,94.83375549316406,125.80000305175781
2018-04-06,228.9224853515625,148.5367889404297,135.68040466308594,53.63203811645508,39.00605392456055,95.87084197998047,126.38999938964844
2018-04-09,230.0507354736328,149.57994079589844,135.8428497314453,54.07252883911133,39.0474739074707,96.0291519165039,126.81999969482422
2018-04-10,233.70852661132812,152.8801727294922,138.4055633544922,54.65212631225586,39.809696197509766,95.85502624511719,127.12000274658203
2018-04-11,232.48341369628906,151.99818420410156,138.70333862304688,54.44345474243164,39.826263427734375,96.1954116821289,128.11000061035156
2018-04-12,234.39608764648438,153.8284912109375,139.65084838867188,54.65212631225586,39.809696197509766,95.4908447265625,126.62000274658203
2018-04-13,233.70852661132812,153.03189086914062,138.91989135742188,54.70622634887695,39.41201400756836,95.7125015258789,127.44999694824219
2018-04-16,235.6300811767578,154.1983184814453,140.20127868652344,54.791229248046875,39.461734771728516,95.74420928955078,127.62999725341797
2018-04-17,238.1510009765625,157.51748657226562,141.7262725830078,55.03852081298828,39.54457473754883,96.00542449951172,127.75
2018-04-18,238.32723999023438,157.83987426757812,142.10531616210938,55.32444763183594,39.88425827026367,95.23750305175781,127.8499984741211
2018-04-19,237.00509643554688,156.3889617919922,141.1217041015625,55.11580276489258,39.65227508544922,94.46166229248047,127.5999984741211
2018-04-20,234.99539184570312,153.91383361816406,140.3637237548828,54.90713882446289,39.15517807006836,93.78081512451172,126.62999725341797
2018-04-23,234.9601593017578,153.52503967285156,140.15614318847656,54.83759307861328,38.8403434753418,93.80461120605469,125.62000274658203
2018-04-24,231.7958984375,150.27224731445312,139.35308837890625,54.61347579956055,38.6580696105957,93.37709045410156,126.2300033569336
2018-04-25,232.36883544921875,150.452392578125,139.1455078125,54.520748138427734,38.35981369018555,92.75164031982422,125.41000366210938
2018-04-26,234.73104858398438,153.61981201171875,139.7861785888672,54.791229248046875,38.914920806884766,93.40083312988281,124.97000122070312
2018-04-27,234.95140075683594,153.7146759033203,139.58766174316406,54.84532165527344,39.15517807006836,94.12126922607422,125.5
2018-04-30,233.1444549560547,152.62408447265625,138.35145568847656,54.66757583618164,38.87348556518555,94.28749084472656,124.58999633789062
2018-05-01,233.55874633789062,154.36900329589844,139.02821350097656,54.47437286376953,38.682926177978516,93.94792175292969,123.70999908447266
2018-05-02,231.98989868164062,153.45867919921875,139.5515594482422,54.45119094848633,38.376380920410156,93.84478759765625,123.6500015258789
2018-05-03,231.4785614013672,153.4396209716797,138.7936248779297,54.62120819091797,38.29352569580078,94.26531219482422,124.27999877929688
2018-05-04,234.475341796875,156.35105895996094,140.526123046875,54.81441116333008,38.4675178527832,94.40811157226562,124.54000091552734
2018-05-07,235.26866149902344,157.6502227783203,141.71728515625,54.822139739990234,38.24382400512695,94.25736236572266,124.56999969482422
2018-05-08,235.26866149902344,157.48899841308594,142.42111206054688,54.82985305786133,38.459232330322266,94.1700439453125,124.58999633789062
2018-05-09,237.54278564453125,159.2054901123047,143.18809509277344,54.96124267578125,38.53379440307617,93.60675048828125,124.33000183105469
2018-05-10,239.7639617919922,160.85556030273438,143.95516967773438,55.31672668457031,39.33745574951172,94.36051177978516,125.18000030517578
2018-05-11,240.49549865722656,160.70388793945312,144.23487854003906,55.463558197021484,39.27116775512695,94.59851837158203,125.0
2018-05-14,240.61012268066406,160.97891235351562,143.6844024658203,55.56402587890625,39.32087707519531,94.0986557006836,124.48999786376953
2018-05-15,238.95297241210938,159.19602966308594,143.71153259277344,55.162174224853516,38.50894546508789,93.02758026123047,122.4800033569336
2018-05-16,239.9578094482422,160.24864196777344,145.20945739746094,55.239444732666016,39.08889389038086,92.6705322265625,122.29000091552734
2018-05-17,239.755126953125,159.6322479248047,145.87725830078125,55.32444763183594,38.492366790771484,92.2024154663086,122.36000061035156
2018-05-18,239.15574645996094,158.8071746826172,146.06666564941406,55.123531341552734,38.16925811767578,92.9958267211914,122.41000366210938
2018-05-21,240.95387268066406,159.69859313964844,147.03224182128906,55.47127914428711,38.40122985839844,93.04342651367188,122.4800033569336
2018-05-22,240.28402709960938,159.48997497558594,145.96746826171875,55.401737213134766,38.53379440307617,92.90062713623047,122.41000366210938
2018-05-23,240.9450225830078,160.83663940429688,146.15695190429688,54.791229248046875,38.5172233581543,93.57499694824219,122.54000091552734
2018-05-24,240.45138549804688,160.7891387939453,146.21112060546875,54.62120819091797,38.31010055541992,94.3208236694336,123.58999633789062
2018-05-25,239.87855529785156,160.95042419433594,145.9493865966797,54.26573181152344,38.4675178527832,94.90797424316406,123.20999908447266
2018-05-29,237.11962890625,160.2391815185547,145.75082397460938,53.16062545776367,37.57273483276367,96.9866943359375,123.19000244140625
2018-05-30,240.28402709960938,161.38665771484375,148.06089782714844,53.9720573425293,37.87099838256836,96.33607482910156,123.37000274658203
2018-05-31,238.81202697753906,161.28233337402344,146.87884521484375,53.63203811645508,37.85442352294922,96.17741394042969,123.0999984741211
2018-06-01,241.1565399169922,163.8143768310547,147.84439086914062,54.095706939697266,38.38467025756836,95.66922760009766,122.48999786376953
2018-06-04,242.30242919921875,165.29373168945312,148.62939453125,54.257999420166016,38.77406311035156,94.97735595703125,122.37000274658203
2018-06-05,242.47869873046875,165.8058624267578,149.54986572265625,54.17299270629883,38.47580337524414,95.19998931884766,122.8499984741211
2018-06-06,244.5059814453125,166.77316284179688,150.63270568847656,54.65985107421875,39.05575942993164,94.42863464355469,122.91999816894531
2018-06-07,244.47947692871094,165.4170684814453,149.8115234375,54.35072708129883,38.459232330322266,95.34320831298828,122.86000061035156
2018-06-08,245.2022705078125,165.426513671875,150.26272583007812,54.41255569458008,38.38467025756836,95.0569076538086,123.01000213623047
2018-06-11,245.52847290039062,165.87229919433594,150.48834228515625,54.760311126708984,38.38467025756836,94.8819580078125,123.2300033569336
2018-06-12,245.84573364257812,166.74468994140625,151.17410278320312,54.41255569458008,38.28524398803711,94.90577697753906,122.81999969482422
2018-06-13,245.061279296875,166.73526000976562,150.5785675048828,54.48984146118164,38.02841567993164,94.85806274414062,123.19000244140625
2018-06-14,245.6782684326172,168.42324829101562,151.38165283203125,54.373897552490234,37.771568298339844,95.64537811279297,123.37999725341797
2018-06-15,245.3647918701172,167.83526611328125,151.42678833007812,54.095706939697266,37.47331619262695,95.73283386230469,121.33999633789062
2018-06-18,244.8601837158203,167.7383270263672,152.13963317871094,53.709327697753906,37.01763153076172,95.64537811279297,121.11000061035156
2018-06-19,243.92166137695312,167.26315307617188,152.14869689941406,53.21592330932617,36.609012603759766,96.20206451416016,120.80000305175781
2018-06-20,244.3377227783203,168.4511260986328,153.37591552734375,53.255332946777344,36.767452239990234,95.35908508300781,120.26000213623047
2018-06-21,242.80606079101562,166.98757934570312,151.94110107421875,52.87702560424805,36.25042724609375,95.86012268066406,120.05000305175781
2018-06-22,243.248779296875,166.616943359375,151.43577575683594,53.43661880493164,36.62568664550781,95.85215759277344,120.33999633789062
2018-06-25,239.93740844726562,162.8629913330078,148.96334838867188,52.69575500488281,36.1336784362793,96.0668716430664,119.88999938964844
2018-06-26,240.46871948242188,163.52828979492188,149.82960510253906,52.79034423828125,35.991912841796875,96.20206451416016,119.26000213623047
2018-06-27,238.47662353515625,161.30442810058594,147.42929077148438,52.293800354003906,35.29976272583008,97.10865020751953,118.58000183105469
2018-06-28,239.84007263183594,162.6919403076172,147.8804473876953,52.49082946777344,35.599979400634766,97.13253784179688,118.22000122070312
2018-06-29,240.18533325195312,163.12913513183594,147.7811737060547,52.78244400024414,36.1336784362793,96.79850769042969,118.6500015258789
2018-07-02,240.69894409179688,164.22201538085938,148.80087280273438,52.301673889160156,35.77509307861328,96.7228012084961,117.45999908447266
2018-07-03,239.84893798828125,162.3212890625,149.3940887451172,52.45930480957031,35.800113677978516,97.24083709716797,118.6500015258789
2018-07-05,241.80560302734375,164.3360595703125,151.09664916992188,52.97948455810547,35.70838165283203,97.51982879638672,119.05000305175781
2018-07-06,243.85079956054688,166.8925323486328,152.37362670898438,53.26321792602539,36.20039367675781,97.83867645263672,118.86000061035156
2018-07-09,246.0465087890625,168.39407348632812,153.33360290527344,53.775516510009766,36.850852966308594,97.20899963378906,119.1500015258789
2018-07-10,246.93194580078125,168.51763916015625,152.63623046875,53.751869201660156,36.767452239990234,97.2010269165039,118.93000030517578
2018-07-11,245.125732421875,167.66232299804688,151.34117126464844,52.85337829589844,36.05028533935547,97.57563018798828,117.63999938964844
2018-07-12,247.34805297851562,170.55140686035156,152.07476806640625,53.26321792602539,36.54229736328125,97.56767272949219,118.12999725341797
2018-07-13,247.5428924560547,170.6939697265625,151.6219482421875,53.42872619628906,36.56731414794922,97.81473541259766,117.61000061035156
2018-07-16,247.32147216796875,170.28530883789062,151.03330993652344,53.40508270263672,36.36717987060547,97.40826416015625,117.55000305175781
2018-07-17,248.32205200195312,171.32119750976562,151.70347595214844,53.49966049194336,36.634029388427734,97.22493743896484,116.27999877929688
2018-07-18,248.8443603515625,170.99803161621094,152.12911987304688,53.50753402709961,36.59233856201172,96.83438110351562,116.30999755859375
2018-07-19,247.90582275390625,170.1427459716797,153.20681762695312,53.3972053527832,36.14202117919922,97.44813537597656,115.80999755859375
2018-07-20,247.6225128173828,170.10475158691406,152.5819091796875,53.6494140625,36.65904998779297,96.25250244140625,116.55999755859375
2018-07-23,248.0828857421875,170.6464385986328,152.7721405029297,53.6494140625,36.41720962524414,95.06486511230469,116.0
2018-07-24,249.33132934570312,171.34970092773438,151.1419677734375,53.96467590332031,36.9509162902832,95.39167022705078,116.04000091552734
2018-07-25,251.45626831054688,173.74462890625,151.69439697265625,54.36663055419922,37.55133819580078,95.24024963378906,116.68000030517578
2018-07-26,250.86297607421875,171.1121063232422,152.5094757080078,54.12229919433594,37.13438415527344,95.05693054199219,115.7699966430664
2018-07-27,249.16314697265625,168.80271911621094,149.66574096679688,54.224761962890625,37.26780319213867,95.21634674072266,115.83000183105469
2018-07-30,247.861572265625,166.41737365722656,148.705810546875,54.21687698364258,37.20943069458008,94.8895492553711,115.6500015258789
2018-07-31,249.0833740234375,167.69082641601562,150.21817016601562,54.28780746459961,37.409568786621094,95.40764617919922,115.98999786376953
2018-08-01,248.66726684570312,168.3275604248047,150.11862182617188,54.011959075927734,37.07600784301758,94.63035583496094,115.13999938964844
2018-08-02,250.0218963623047,170.61798095703125,151.2144012451172,53.65730285644531,36.5839958190918,94.76616668701172,114.5199966430664
2018-08-03,251.09323120117188,171.14060974121094,150.68914794921875,53.688812255859375,36.86751937866211,95.23744201660156,114.91999816894531
2018-08-06,252.0141143798828,172.14805603027344,151.53138732910156,53.46025085449219,36.5839958190918,95.29344177246094,114.33000183105469
2018-08-07,252.84634399414062,172.7752685546875,151.8936309814453,53.87797546386719,36.959259033203125,94.79808044433594,114.58999633789062
2018-08-08,252.7400665283203,172.9842987060547,151.75779724121094,53.8306884765625,36.90922164916992,94.89397430419922,114.91000366210938
2018-08-09,252.39466857910156,172.87977600097656,152.14720153808594,53.673057556152344,36.800819396972656,95.6928482055664,114.73999786376953
2018-08-10,250.70372009277344,171.55880737304688,151.72154235839844,52.60116958618164,36.01691818237305,96.3878173828125,114.69000244140625
2018-08-13,249.76513671875,171.36874389648438,150.83404541015625,52.41202163696289,35.42485427856445,96.18810272216797,112.95999908447266
2018-08-14,251.35879516601562,172.44268798828125,152.328369140625,52.404136657714844,35.641666412353516,95.97245025634766,113.06999969482422
2018-08-15,249.48187255859375,170.33279418945312,150.41748046875,51.647499084472656,34.61594772338867,96.5316162109375,111.19000244140625
2018-08-16,251.5004425048828,170.8935546875,151.8121337890625,52.01005935668945,34.832767486572266,96.52359771728516,111.0999984741211
2018-08-17,252.3858642578125,170.93154907226562,152.46417236328125,52.31743240356445,35.19969177246094,96.6434555053711,112.12999725341797
2018-08-20,252.926025390625,170.77952575683594,152.88986206054688,52.60116958618164,35.35813522338867,97.29051208496094,112.69000244140625
2018-08-21,253.51918029785156,171.40672302246094,154.6468048095703,52.92431640625,35.808441162109375,96.96295166015625,113.0199966430664
2018-08-22,253.36868286132812,172.07199096679688,155.02716064453125,53.129234313964844,36.091976165771484,97.346435546875,113.2699966430664
2018-08-23,253.03213500976562,171.82485961914062,154.55621337890625,52.75092315673828,35.508243560791016,97.4981918334961,112.19999694824219
2018-08-24,254.55508422851562,173.4215087890625,155.3984832763672,53.058292388916016,36.16703414916992,97.68991088867188,114.16000366210938
2018-08-27,256.5649108886719,175.18919372558594,155.6248779296875,53.76763153076172,36.68406295776367,97.1307601928711,114.58999633789062
2018-08-28,256.6888732910156,175.44577026367188,155.76976013183594,53.72035598754883,36.55064010620117,96.54757690429688,113.68000030517578
2018-08-29,258.0699768066406,177.47003173828125,156.2226104736328,54.011959075927734,36.77579116821289,96.67538452148438,114.19999694824219
2018-08-30,257.0251770019531,177.15640258789062,156.09576416015625,53.49966049194336,35.81679153442383,96.8830795288086,113.63999938964844
2018-08-31,257.03411865234375,177.38446044921875,156.69357299804688,53.074066162109375,36.000247955322266,96.65941619873047,113.51000213623047
2018-09-04,256.5914306640625,176.62417602539062,155.9961700439453,52.62481689453125,35.29976272583008,96.1005859375,112.93000030517578
2018-09-05,255.9009246826172,174.34336853027344,155.57958984375,52.1440544128418,34.79107666015625,95.84435272216797,113.31999969482422
2018-09-06,255.13055419921875,172.78472900390625,154.529052734375,51.986419677734375,34.824424743652344,96.19664001464844,113.54000091552734
2018-09-07,254.634765625,172.11949157714844,154.44752502441406,51.56869125366211,34.64930725097656,95.3799819946289,113.2300033569336
2018-09-10,255.07748413085938,172.69921875,154.63775634765625,51.88396072387695,34.307395935058594,95.73230743408203,113.1500015258789
2018-09-11,255.9185791015625,174.02972412109375,154.89129638671875,51.93124008178711,34.382442474365234,95.00371551513672,113.22000122070312
2018-09-12,255.9804229736328,173.51658630371094,154.51995849609375,52.15192794799805,34.55757522583008,95.22789001464844,114.16999816894531
2018-09-13,257.4945373535156,175.36973571777344,154.55621337890625,52.53812789916992,35.024574279785156,95.37197875976562,113.76000213623047
2018-09-14,257.5387878417969,174.85653686523438,155.20828247070312,52.61693572998047,34.991207122802734,94.9156265258789,113.0199966430664
2018-09-17,256.17523193359375,172.33807373046875,153.55999755859375,52.664222717285156,34.674320220947266,94.9156265258789,113.61000061035156
2018-09-18,257.5653076171875,173.7635955810547,154.20298767089844,53.21592330932617,35.00788116455078,93.92282104492188,113.44000244140625
2018-09-19,257.83990478515625,173.63055419921875,153.6414794921875,53.40508270263672,35.4915657043457,93.36237335205078,113.87999725341797
2018-09-20,259.9292907714844,175.55029296875,155.0633544921875,54.06713104248047,35.88350296020508,93.79473114013672,114.2699966430664
2018-09-21,259.69189453125,174.5904541015625,154.32073974609375,54.09077072143555,36.05028533935547,93.75470733642578,113.48999786376953
2018-09-24,258.82916259765625,175.07598876953125,153.75022888183594,53.8464469909668,35.641666412353516,93.5145034790039,113.47000122070312
2018-09-25,258.58905029296875,175.31402587890625,153.98568725585938,54.11442184448242,35.78343200683594,93.41841888427734,113.6500015258789
2018-09-26,257.8152770996094,175.43775939941406,152.57815551757812,54.13806915283203,35.858482360839844,94.07495880126953,113.05000305175781
2018-09-27,258.53558349609375,176.9230194091797,152.58724975585938,54.02773666381836,36.033607482910156,94.13903045654297,112.05000305175781
2018-09-28,258.5622863769531,176.8849334716797,153.0504150390625,53.58636474609375,35.79176330566406,93.89080047607422,112.76000213623047
2018-10-01,259.4605407714844,177.2467498779297,151.03451538085938,53.6494140625,35.800113677978516,93.2015151977539,112.56999969482422
2018-10-02,259.30938720703125,176.8468017578125,149.40005493164062,53.373565673828125,35.34979248046875,93.77124786376953,113.87000274658203
2018-10-03,259.45172119140625,177.03724670410156,150.70762634277344,53.27897644042969,35.057918548583984,92.14228820800781,113.41999816894531
2018-10-04,257.42388916015625,173.63839721679688,148.59188842773438,52.65633773803711,34.18231201171875,91.49232482910156,113.4800033569336
2018-10-05,255.98324584960938,171.5152587890625,147.24801635742188,52.3410758972168,34.057212829589844,90.70599365234375,113.80000305175781
2018-10-08,255.98324584960938,170.46798706054688,146.9392547607422,52.0888786315918,34.107261657714844,90.401123046875,112.54000091552734
2018-10-09,255.6095428466797,171.02017211914062,146.36724853515625,51.95488739013672,33.98217010498047,91.31584930419922,112.5999984741211
2018-10-10,247.51614379882812,163.49880981445312,142.16299438476562,50.851470947265625,32.97312927246094,91.06710815429688,112.87999725341797
2018-10-11,242.06422424316406,161.470947265625,139.44789123535156,50.14214324951172,32.63956069946289,92.17440032958984,115.77999877929688
2018-10-12,245.4260711669922,165.96473693847656,139.47520446777344,50.32342529296875,33.59856414794922,91.85344696044922,115.2300033569336
2018-10-15,244.04750061035156,163.9558563232422,139.99273681640625,50.2051887512207,33.23998260498047,91.8133316040039,116.0
2018-10-16,249.38381958007812,168.72573852539062,144.05169677734375,51.06427764892578,34.07390594482422,92.0219955444336,115.80000305175781
2018-10-17,249.4283447265625,168.79237365722656,143.43423461914062,50.772666931152344,33.65694046020508,91.47633361816406,115.79000091552734
2018-10-18,245.8262939453125,164.8793487548828,140.7464599609375,49.95298767089844,32.77299499511719,91.44422912597656,115.91999816894531
2018-10-19,245.69290161132812,164.7270050048828,139.2572021484375,50.236724853515625,33.0815315246582,91.24361419677734,116.01000213623047
2018-10-22,244.59005737304688,165.5743408203125,138.95758056640625,50.01603317260742,33.44011688232422,91.12322235107422,115.70999908447266
2018-10-23,243.34490966796875,164.96505737304688,137.71356201171875,49.54314422607422,33.07320785522461,91.4121322631836,116.38999938964844
2018-10-24,235.971923828125,157.4150848388672,132.52862548828125,48.14025115966797,32.00577926635742,92.10221862792969,116.66000366210938
2018-10-25,240.2053680419922,162.86097717285156,135.39808654785156,48.74711227416992,32.62288284301758,91.71701049804688,116.4000015258789
2018-10-26,235.98077392578125,158.6718292236328,133.9179229736328,48.41609191894531,32.247623443603516,92.27070617675781,116.7699966430664
2018-10-29,234.67343139648438,155.40625,133.1824493408203,48.2821044921875,31.688901901245117,92.06208038330078,116.30999755859375
2018-10-30,238.15084838867188,157.96730041503906,135.9610137939453,48.865333557128906,32.305999755859375,91.60470581054688,115.80000305175781
2018-10-31,240.6945343017578,161.680419921875,136.2334442138672,49.227882385253906,32.65623092651367,91.1393051147461,115.1500015258789
2018-11-01,243.2560272216797,163.8130340576172,139.3752899169922,49.858402252197266,33.823734283447266,91.22378540039062,116.62999725341797
2018-11-02,241.81521606445312,161.26145935058594,139.83837890625,49.92933654785156,34.04054260253906,90.08956909179688,116.6500015258789
2018-11-05,243.14932250976562,160.861572265625,139.7294464111328,49.92933654785156,34.13227844238281,90.44351196289062,116.37000274658203
2018-11-06,244.68788146972656,162.0802459716797,140.4195098876953,50.13425827026367,34.07390594482422,90.38722229003906,116.04000091552734
2018-11-07,249.92636108398438,167.1642608642578,142.934814453125,50.8041877746582,34.71601486206055,90.50785827636719,116.02999877929688
2018-11-08,249.47279357910156,166.09799194335938,142.553466796875,50.30765151977539,33.81538009643555,90.49986267089844,115.77999877929688
2018-11-09,247.03591918945312,163.2989044189453,139.9110565185547,49.976627349853516,33.18994903564453,91.17547607421875,114.4800033569336
2018-11-12,242.41989135742188,158.35765075683594,137.14151000976562,49.15695571899414,32.72295379638672,91.77072143554688,113.66000366210938
2018-11-13,241.96636962890625,158.490966796875,136.7056427001953,49.36975860595703,33.09821319580078,91.71440124511719,113.69999694824219
2018-11-14,240.3120880126953,157.2818145751953,135.70680236816406,49.40915298461914,33.29835891723633,91.77072143554688,114.63999938964844
2018-11-15,242.8201446533203,160.03326416015625,137.6409454345703,49.566795349121094,34.04054260253906,91.73052215576172,114.7699966430664
2018-11-16,243.45164489746094,159.47157287597656,137.96780395507812,49.62196350097656,34.107261657714844,92.26139068603516,115.62000274658203
2018-11-19,239.3337860107422,154.29234313964844,135.17105102539062,49.18846893310547,33.64860534667969,92.518798828125,115.66999816894531
2018-11-20,234.90469360351562,151.53131103515625,132.5649871826172,48.33728790283203,32.923095703125,92.55098724365234,115.66999816894531
2018-11-21,235.70509338378906,152.68333435058594,134.41737365722656,49.01509094238281,33.5318489074707,92.518798828125,115.86000061035156
2018-11-23,234.130859375,151.5789337158203,134.2902069091797,48.69194793701172,33.13991165161133,92.61529541015625,115.7699966430664
2018-11-26,237.9107666015625,155.08250427246094,136.03369140625,49.424930572509766,33.54853439331055,92.40618896484375,115.63999938964844
2018-11-27,238.71119689941406,155.60618591308594,134.90769958496094,49.23577117919922,33.78202438354492,92.5107650756836,114.94999694824219
2018-11-28,244.20762634277344,160.6140899658203,138.24020385742188,49.937232971191406,34.59093475341797,92.060302734375,115.37999725341797
2018-11-29,243.67393493652344,160.09039306640625,137.86790466308594,49.685020446777344,34.29071807861328,92.4222640991211,115.73999786376953
2018-11-30,245.15927124023438,161.251953125,138.5852813720703,49.47221374511719,34.25735855102539,92.76818084716797,115.54000091552734
2018-12-03,248.40553283691406,164.07008361816406,139.9110565185547,50.126380920410156,34.94951248168945,93.42682647705078,116.41000366210938
2018-12-04,240.35662841796875,157.77688598632812,133.9542694091797,48.825927734375,34.20732498168945,94.99095153808594,117.12000274658203
2018-12-06,239.9918975830078,158.8908233642578,133.6636505126953,48.36880111694336,33.890438079833984,95.2892837524414,117.13999938964844
2018-12-07,234.41549682617188,153.64491271972656,130.77610778808594,47.880149841308594,33.25666427612305,95.46662139892578,118.08999633789062
2018-12-10,234.86021423339844,155.25392150878906,130.39476013183594,47.50971603393555,32.90641403198242,95.8616714477539,117.68000030517578
2018-12-11,234.9135284423828,155.76800537109375,130.25848388671875,47.65946960449219,33.15658187866211,95.8455581665039,117.54000091552734
2018-12-12,236.096435546875,157.1390380859375,131.50254821777344,48.36091232299805,33.69863510131836,95.41822814941406,117.79000091552734
2018-12-13,236.0163116455078,157.18663024902344,129.64109802246094,48.27423095703125,33.690303802490234,95.1925277709961,117.52999877929688
2018-12-14,231.65834045410156,153.3592987060547,127.67972564697266,47.651580810546875,33.2149658203125,95.52304077148438,117.05999755859375
2018-12-17,227.1136474609375,149.8842010498047,124.83623504638672,47.27326965332031,32.90641403198242,96.07936096191406,117.87000274658203
2018-12-18,226.86459350585938,150.82676696777344,124.68133544921875,47.31150817871094,33.12987518310547,96.65476989746094,118.1500015258789
2018-12-19,223.46717834472656,147.12319946289062,122.0847396850586,46.8574333190918,32.57968521118164,97.93167114257812,117.43000030517578
2018-12-20,219.82955932617188,144.99057006835938,120.07125854492188,46.66624450683594,32.8336181640625,97.57604217529297,119.23999786376953
2018-12-21,215.32534790039062,140.4968719482422,116.95536804199219,45.85368728637695,32.605079650878906,97.55989074707031,118.72000122070312
2018-12-24,209.6358184814453,137.01280212402344,114.68678283691406,45.31995391845703,32.300357818603516,98.0447998046875,120.0199966430664
2018-12-26,220.2276611328125,145.5677032470703,120.19879913330078,46.371498107910156,32.94365310668945,96.99417877197266,119.66000366210938
2018-12-27,221.9183807373047,146.13111877441406,120.69988250732422,46.50692367553711,32.90133285522461,97.01034545898438,120.56999969482422
2018-12-28,221.6321563720703,146.0547332763672,121.04612731933594,46.753875732421875,33.21451950073242,97.82659149169922,121.05999755859375
2018-12-31,223.57334899902344,147.28636169433594,121.99366760253906,46.825565338134766,33.062156677246094,98.19834899902344,121.25
2019-01-02,223.8059539794922,147.87831115722656,122.68608856201172,46.729976654052734,33.14680862426758,98.71556854248047,121.33000183105469
2019-01-03,218.46531677246094,143.04708862304688,120.49037170410156,46.30776596069336,32.54582977294922,99.83891296386719,122.43000030517578
2019-01-04,225.78297424316406,149.1673126220703,124.99109649658203,47.72575759887695,33.59541702270508,98.68324279785156,121.44000244140625
2019-01-07,227.56317138671875,150.94320678710938,127.1777114868164,47.90898132324219,33.671600341796875,98.39229583740234,121.86000061035156
2019-01-08,229.7012481689453,152.3085479736328,129.12741088867188,48.21965789794922,33.79856491088867,98.13370513916016,121.52999877929688
2019-01-09,230.7747802734375,153.5498504638672,130.19334411621094,48.76136779785156,34.39954376220703,97.9801254272461,122.30999755859375
2019-01-10,231.5888214111328,153.98895263671875,130.86756896972656,48.95256042480469,34.6450080871582,97.34977722167969,121.58999633789062
2019-01-11,231.67828369140625,153.42567443847656,130.90394592285156,48.61797332763672,34.47572326660156,97.72959899902344,121.80000305175781
2019-01-14,230.26480102539062,152.0698699951172,129.6011962890625,48.394920349121094,34.18793487548828,97.36595916748047,122.08999633789062
2019-01-15,232.90382385253906,155.03933715820312,130.69444274902344,48.649837493896484,34.42494201660156,97.01034545898438,121.87999725341797
2019-01-16,233.46739196777344,155.01065063476562,131.66929626464844,48.7852668762207,34.8481559753418,97.10735321044922,122.2699966430664
2019-01-17,235.2386474609375,156.2327880859375,132.8628387451172,48.96052551269531,35.000526428222656,97.13158416748047,122.11000061035156
2019-01-18,238.3697052001953,157.7795867919922,134.22947692871094,49.454429626464844,35.16980743408203,96.6224365234375,121.0199966430664
2019-01-22,235.1492156982422,154.61920166015625,132.10662841796875,48.689674377441406,34.56037139892578,97.27705383300781,121.44999694824219
2019-01-23,235.6412353515625,154.8197021484375,131.74220275878906,48.9127197265625,34.91587448120117,97.23664855957031,121.27999877929688
2019-01-24,235.76644897460938,155.82220458984375,132.53485107421875,48.9684944152832,35.25444793701172,97.87504577636719,121.08999633789062
2019-01-25,237.7613983154297,157.68408203125,134.23855590820312,49.526123046875,35.720001220703125,97.40631866455078,122.86000061035156
2019-01-28,235.95436096191406,155.73629760742188,133.51882934570312,49.25527572631836,35.34756088256836,97.30936431884766,123.29000091552734
2019-01-29,235.6412353515625,154.26589965820312,133.19992065429688,49.366798400878906,35.40681838989258,97.80231475830078,123.9800033569336
2019-01-30,239.3716278076172,158.19015502929688,134.65765380859375,49.90850067138672,36.177085876464844,97.72959899902344,124.69000244140625
2019-01-31,241.4739227294922,160.55804443359375,135.80567932128906,49.93240737915039,36.4818000793457,98.57008361816406,124.75
2019-02-01,241.59019470214844,159.8800506591797,135.9149169921875,49.916473388671875,36.194007873535156,97.9747543334961,124.5
2019-02-04,243.2899169921875,161.86605834960938,137.5366973876953,50.09969711303711,36.253257751464844,97.53739166259766,123.95999908447266
2019-02-05,244.30970764160156,163.29823303222656,137.68240356445312,50.49004364013672,36.75265884399414,97.98284149169922,124.27999877929688
2019-02-06,243.98765563964844,162.81134033203125,137.5093231201172,50.2351188659668,36.253257751464844,98.0314712524414,123.44000244140625
2019-02-07,241.66177368164062,160.6248321533203,136.37960815429688,49.56596374511719,35.88928985595703,98.6794204711914,123.73999786376953
2019-02-08,241.9569091796875,160.93991088867188,136.52537536621094,49.40663146972656,35.68613815307617,99.10064697265625,124.20999908447266
2019-02-11,242.0911865234375,160.787109375,137.6642608642578,49.35884094238281,35.56763458251953,98.71183013916016,123.5999984741211
2019-02-12,245.2042999267578,163.16455078125,139.38619995117188,49.93240737915039,35.863895416259766,98.46074676513672,123.86000061035156
2019-02-13,246.00045776367188,163.27914428710938,139.77792358398438,49.940364837646484,35.609954833984375,98.08815002441406,123.37000274658203
2019-02-14,245.45477294921875,163.47962951660156,140.09681701660156,49.95630645751953,35.67767333984375,98.64703369140625,124.05999755859375
2019-02-15,248.12960815429688,164.16709899902344,142.32899475097656,50.68122863769531,35.62688446044922,98.80095672607422,124.80000305175781
2019-02-19,248.5588836669922,164.49171447753906,142.72073364257812,50.8724250793457,35.906219482421875,99.05199432373047,126.69999694824219
2019-02-20,249.0599365234375,164.4630889892578,143.39492797851562,51.01581573486328,36.1093635559082,98.76856994628906,126.4800033569336
2019-02-21,248.17437744140625,163.86158752441406,142.84823608398438,50.91225051879883,36.03318405151367,97.88566589355469,125.05000305175781
2019-02-22,249.7130126953125,165.0741424560547,144.0873565673828,51.07954788208008,36.4310188293457,98.46886444091797,125.5
2019-02-25,250.05282592773438,165.67568969726562,144.12376403808594,51.23090362548828,36.837310791015625,98.17728424072266,125.37000274658203
2019-02-26,249.87391662597656,165.84751892089844,143.13070678710938,51.47785186767578,36.71033477783203,98.66321563720703,125.58000183105469
2019-02-27,249.76669311523438,165.7425079345703,143.33114624023438,51.270729064941406,36.39715576171875,97.54545593261719,124.69000244140625
2019-02-28,249.30145263671875,165.36061096191406,142.8391571044922,51.19903564453125,35.92314529418945,97.21336364746094,123.98999786376953
2019-03-01,250.8581085205078,166.50634765625,144.1693572998047,51.47785186767578,35.96546936035156,96.31482696533203,121.87999725341797
2019-03-04,249.94561767578125,166.5349884033203,142.86648559570312,51.28666687011719,36.01625061035156,97.06969451904297,121.55999755859375
2019-03-05,249.60562133789062,166.65914916992188,142.201416015625,51.33445739746094,36.37176513671875,97.27267456054688,121.72000122070312
2019-03-06,248.09375,165.7138671875,139.4134979248047,51.20699691772461,36.168617248535156,97.6297836303711,121.61000061035156
2019-03-07,246.01837158203125,163.68016052246094,138.1926727294922,50.553768157958984,35.49991989135742,98.26287841796875,121.51000213623047
2019-03-08,245.52633666992188,163.4319305419922,138.15625,50.56174087524414,35.2459831237793,98.6768798828125,122.83999633789062
2019-03-11,249.08680725097656,166.83096313476562,140.570556640625,50.9998779296875,35.906219482421875,98.38467407226562,122.23999786376953
2019-03-12,250.0260772705078,167.74754333496094,140.64346313476562,50.96800994873047,36.09242630004883,99.0745620727539,122.9800033569336
2019-03-13,251.68104553222656,169.00791931152344,141.19923400878906,51.40615463256836,36.13475799560547,98.88787841796875,123.83999633789062
2019-03-14,251.51998901367188,168.72146606445312,140.625244140625,51.39818572998047,35.9400749206543,98.17363739013672,122.41000366210938
2019-03-15,252.76280212402344,170.287353515625,140.99876403808594,51.95583724975586,36.46487045288086,98.82295989990234,122.97000122070312
2019-03-18,253.67926025390625,170.6929168701172,141.9007568359375,52.1390495300293,36.87117385864258,98.76615142822266,123.04000091552734
2019-03-19,253.74203491210938,171.26683044433594,141.18099975585938,52.242610931396484,36.888099670410156,98.54698181152344,123.37999725341797
2019-03-20,252.978271484375,171.94593811035156,140.00437927246094,52.26651382446289,36.947349548339844,99.57781982421875,124.18000030517578
2019-03-21,255.8355712890625,174.63380432128906,141.8405303955078,52.234649658203125,36.998130798339844,99.79698181152344,123.68000030517578
2019-03-22,250.9117431640625,170.79806518554688,136.67921447753906,51.23090362548828,35.914676666259766,101.34727478027344,123.97000122070312
2019-03-25,250.72305297851562,170.4728546142578,137.28211975097656,51.30259704589844,35.99932861328125,101.50970458984375,124.91999816894531
2019-03-26,252.5919647216797,171.26683044433594,138.72547912597656,51.557518005371094,36.1093635559082,101.43661499023438,124.30000305175781
2019-03-27,251.27117919921875,170.16680908203125,138.18650817871094,51.5814208984375,35.720001220703125,102.3699951171875,123.6500015258789
2019-03-28,252.22361755371094,170.5590057373047,139.4197540283203,51.453956604003906,35.95700454711914,102.72720336914062,121.9000015258789
2019-03-29,253.81394958496094,171.85028076171875,139.84912109375,51.669044494628906,36.329437255859375,102.6297836303711,122.01000213623047
2019-04-01,256.8239440917969,174.12680053710938,141.37461853027344,52.33024978637695,36.930419921875,101.17203521728516,121.52999877929688
2019-04-02,256.9497375488281,174.786865234375,141.0092010498047,52.3461799621582,36.81191635131836,101.359130859375,121.9800033569336
2019-04-03,257.3540954589844,175.79122924804688,141.74005126953125,52.7524528503418,37.06584930419922,100.4805679321289,121.80000305175781
2019-04-04,258.0369873046875,175.72421264648438,142.43434143066406,52.64093017578125,37.29439163208008,100.7652816772461,122.11000061035156
2019-04-05,259.2860107421875,176.6329803466797,143.76805114746094,52.776344299316406,37.582176208496094,100.89545440673828,121.9800033569336
2019-04-08,259.483642578125,177.08253479003906,143.5305633544922,52.80821990966797,37.582176208496094,100.53752136230469,122.51000213623047
2019-04-09,258.1537780761719,176.46078491210938,141.77662658691406,52.47364807128906,37.50600051879883,100.85478973388672,123.1500015258789
2019-04-10,259.0343933105469,177.40774536132812,143.70408630371094,52.672794342041016,37.683746337890625,101.09879302978516,123.52999877929688
2019-04-11,258.96240234375,176.98681640625,143.52137756347656,52.56127166748047,37.2774658203125,100.50502014160156,121.94999694824219
2019-04-12,260.714599609375,177.7521209716797,144.04208374023438,52.92770767211914,37.54832077026367,99.78912353515625,121.83000183105469
2019-04-15,260.5439453125,177.78079223632812,143.5762176513672,52.951602935791016,37.35364532470703,100.0412826538086,121.5999984741211
2019-04-16,260.714599609375,178.39297485351562,143.9142303466797,52.991432189941406,37.63296127319336,99.4149169921875,120.51000213623047
2019-04-17,260.0766906738281,179.01470947265625,142.5987548828125,53.14279556274414,37.743003845214844,99.45555877685547,120.27999877929688
2019-04-18,260.5887756347656,179.24427795410156,142.1785430908203,53.110931396484375,37.71760940551758,99.97622680664062,120.37000274658203
2019-04-22,260.8133850097656,179.75120544433594,141.80401611328125,53.0233039855957,37.472137451171875,99.49626922607422,120.37000274658203
2019-04-23,263.1585693359375,182.03741455078125,143.94163513183594,53.12687301635742,37.556785583496094,99.70777893066406,120.12000274658203
2019-04-24,262.5744934082031,181.4634246826172,144.3892364501953,52.760414123535156,37.04892349243164,100.52127075195312,120.47000122070312
2019-04-25,262.41278076171875,182.19996643066406,143.19253540039062,52.720584869384766,36.998130798339844,100.37481689453125,120.56999969482422
2019-04-26,263.6347351074219,182.362548828125,144.5811004638672,52.93568420410156,37.14202880859375,100.71649169921875,121.37000274658203
2019-04-29,264.048095703125,182.7164764404297,145.2753143310547,53.15076446533203,37.21821594238281,100.07384490966797,120.83000183105469
2019-04-30,264.1828918457031,181.30081176757812,144.59930419921875,53.18263244628906,37.18435287475586,100.58631896972656,121.19999694824219
2019-05-01,262.19708251953125,180.7173309326172,143.2290496826172,52.879913330078125,36.905025482177734,101.0012435913086,120.4000015258789
2019-05-02,261.631103515625,179.9330291748047,143.89596557617188,52.80025863647461,36.98966979980469,100.52031707763672,119.94000244140625
2019-05-03,264.1918640136719,182.8026123046875,146.64561462402344,53.36585235595703,37.4298210144043,100.80563354492188,120.6500015258789
2019-05-06,263.1047668457031,181.6834259033203,146.81005859375,52.760414123535156,36.65955352783203,101.08275604248047,120.80999755859375
2019-05-07,258.71087646484375,178.14427185058594,143.9050750732422,51.83633804321289,35.9400749206543,101.8572006225586,121.20999908447266
2019-05-08,258.3514404296875,177.6946563720703,143.20169067382812,51.90006637573242,35.88928985595703,101.41698455810547,120.91000366210938
2019-05-09,257.56982421875,176.7381591796875,142.68099975585938,51.661075592041016,35.322166442871094,101.83271026611328,121.19999694824219
2019-05-10,258.8636474609375,176.95816040039062,143.0737762451172,52.04345703125,35.533782958984375,101.69412231445312,121.43000030517578
2019-05-13,252.3583526611328,170.8172149658203,138.51539611816406,50.83259582519531,34.348758697509766,102.49303436279297,122.66999816894531
2019-05-14,254.64060974121094,172.6920623779297,140.26019287109375,51.34242630004883,34.83123016357422,102.1914291381836,122.45999908447266
2019-05-15,256.1321105957031,175.1312255859375,140.7169189453125,51.52565383911133,34.89895248413086,102.81910705566406,122.38999938964844
2019-05-16,258.50421142578125,176.89120483398438,141.5939483642578,51.93988800048828,34.72966003417969,102.47672271728516,121.51000213623047
2019-05-17,256.8329772949219,175.0833740234375,139.62069702148438,51.597347259521484,34.103294372558594,102.70498657226562,120.6500015258789
2019-05-20,255.1348419189453,172.12770080566406,138.6523895263672,51.390228271484375,33.959388732910156,102.49303436279297,120.63999938964844
2019-05-21,257.4350280761719,173.9259796142578,140.51596069335938,51.7327766418457,34.391075134277344,102.33000946044922,120.36000061035156
2019-05-22,256.644287109375,173.15115356445312,139.33755493164062,51.52565383911133,34.22178649902344,102.91693115234375,120.23999786376953
2019-05-23,253.5084228515625,170.5015869140625,136.46913146972656,51.05564880371094,33.78163528442383,104.07450103759766,121.16999816894531
2019-05-24,254.08358764648438,170.41552734375,137.7479705810547,51.60531234741211,33.81550598144531,104.16414642333984,121.30000305175781
2019-05-28,251.72042846679688,169.77462768554688,136.6518096923828,51.10343933105469,33.933998107910156,104.91412353515625,120.83000183105469
2019-05-29,250.03115844726562,168.3780975341797,135.5099334716797,50.77682876586914,34.15407180786133,105.23204803466797,120.87000274658203
2019-05-30,250.7140655517578,169.08590698242188,135.13540649414062,50.96800994873047,34.34029006958008,106.13690948486328,121.69000244140625
2019-05-31,247.3356170654297,166.3885040283203,133.2444305419922,50.505977630615234,34.45878601074219,107.46563720703125,123.33000183105469
2019-06-03,246.7066650390625,162.72499084472656,133.7103271484375,50.80072784423828,34.77198028564453,108.18449401855469,125.11000061035156
2019-06-04,252.06187438964844,167.3067626953125,137.17251586914062,51.382266998291016,34.8481559753418,106.95098876953125,125.1500015258789
2019-06-05,254.24526977539062,168.55032348632812,137.19996643066406,51.366336822509766,34.56883239746094,106.34654998779297,125.47000122070312
2019-06-06,255.89854431152344,169.88937377929688,136.84365844726562,51.57345199584961,34.58576202392578,106.68963623046875,125.87999725341797
2019-06-07,258.4593200683594,173.17031860351562,137.81199645996094,52.2266845703125,34.856632232666016,107.61270904541016,126.58999633789062
2019-06-10,259.6452941894531,175.18858337402344,138.625,52.37007141113281,35.2205924987793,106.59976959228516,125.33000183105469
2019-06-11,259.5824890136719,175.42771911621094,138.21395874023438,52.632957458496094,35.6184196472168,106.6651382446289,125.18000030517578
2019-06-12,259.1241760253906,174.41380310058594,138.3691864013672,52.242610931396484,35.237525939941406,106.746826171875,125.83000183105469
2019-06-13,260.1934509277344,175.4468536376953,139.83084106445312,52.29041290283203,35.17827606201172,107.11443328857422,126.5999984741211
2019-06-14,259.9059143066406,174.7007598876953,138.6067352294922,51.90803909301758,34.788909912109375,107.38397979736328,126.55999755859375
2019-06-17,260.00469970703125,175.7529754638672,139.56289672851562,51.945465087890625,34.92622756958008,107.57186889648438,126.4800033569336
2019-06-18,262.7272033691406,178.30685424804688,141.1854705810547,52.63720703125,35.770599365234375,108.1109848022461,127.12000274658203
2019-06-19,263.32037353515625,178.9764862060547,141.68968200683594,52.96273422241211,36.0691032409668,108.26616668701172,127.88999938964844
2019-06-20,265.8360900878906,180.6408233642578,142.35890197753906,53.42660140991211,36.597904205322266,108.55205535888672,131.11000061035156
2019-06-21,265.4497375488281,180.3730010986328,141.13046264648438,53.19874572753906,36.47849655151367,107.35942840576172,131.97999572753906
2019-06-24,265.1246337890625,180.37875366210938,139.41616821289062,53.31267166137695,36.42733383178711,108.15997314453125,133.94000244140625
2019-06-25,262.5243225097656,177.28233337402344,138.56361389160156,52.99528121948242,36.05205154418945,108.49488830566406,134.1999969482422
2019-06-26,262.26251220703125,178.10675048828125,138.2427978515625,53.06038284301758,36.39321517944336,107.80058288574219,132.97000122070312
2019-06-27,263.1925048828125,178.78738403320312,140.8371124267578,53.19059753417969,36.64908218383789,108.56024932861328,132.83999633789062
2019-06-28,264.54681396484375,179.01747131347656,142.55137634277344,53.491703033447266,36.597904205322266,108.48672485351562,133.1999969482422
2019-07-01,266.948486328125,181.43321228027344,143.10147094726562,53.74399185180664,37.03288650512695,108.23301696777344,130.6199951171875
2019-07-02,267.6437072753906,182.15223693847656,142.2305908203125,53.89860534667969,36.93907165527344,109.06782531738281,133.41000366210938
2019-07-03,269.7835388183594,183.52313232421875,143.24810791015625,54.26482009887695,36.87083435058594,109.8453369140625,133.6300048828125
2019-07-05,269.4766540527344,183.14920043945312,143.6331329345703,53.84978485107422,36.61497116088867,108.38851928710938,132.13999938964844
2019-07-08,267.9958801269531,181.86463928222656,142.2672119140625,53.5405387878418,36.39321517944336,108.5358657836914,131.2899932861328
2019-07-09,268.329833984375,182.775390625,142.45973205566406,53.31267166137695,36.28234100341797,108.49492645263672,131.75
2019-07-10,269.6120300292969,184.5967254638672,142.70724487304688,53.49984359741211,36.589385986328125,107.89741516113281,133.8300018310547
2019-07-11,270.2440490722656,184.46258544921875,142.0105438232422,53.48357391357422,36.52115249633789,106.4569320678711,132.6999969482422
2019-07-12,271.4539489746094,185.52667236328125,143.1106414794922,53.54867172241211,36.54673385620117,106.57970428466797,133.52999877929688
2019-07-15,271.5442199707031,186.12100219726562,142.35890197753906,53.59749984741211,36.683204650878906,107.19355773925781,133.52999877929688
2019-07-16,270.66845703125,185.16236877441406,142.31307983398438,53.37777328491211,36.63203048706055,106.8743667602539,132.39999389648438
2019-07-17,268.8265686035156,184.2516326904297,141.29547119140625,53.30453109741211,36.52115249633789,108.02838134765625,134.5800018310547
2019-07-18,269.8107604980469,184.46258544921875,141.82717895507812,53.46728515625,36.74290084838867,108.03659057617188,136.47999572753906
2019-07-19,268.3118591308594,183.1108856201172,141.0112762451172,53.31267166137695,36.555267333984375,107.78286743164062,134.47000122070312
2019-07-22,268.9710388183594,184.5680694580078,140.88294982910156,53.369632720947266,36.56379699707031,107.98745727539062,134.4499969482422
2019-07-23,270.8941345214844,185.77590942382812,141.8180389404297,53.70329284667969,36.6064338684082,107.39817810058594,133.69000244140625
2019-07-24,272.167236328125,187.07968139648438,144.16482543945312,53.74399185180664,36.666141510009766,107.86470794677734,134.3699951171875
2019-07-25,270.8670959472656,185.30615234375,142.42306518554688,53.19874572753906,36.342041015625,107.34903717041016,133.4199981689453
2019-07-26,272.68182373046875,187.21389770507812,144.10989379882812,53.30453109741211,36.41880416870117,107.60281372070312,133.63999938964844
2019-07-29,272.185302734375,186.57159423828125,143.14724731445312,53.41845703125,36.35057067871094,107.63554382324219,134.52999877929688
2019-07-30,271.51702880859375,185.76637268066406,144.69656372070312,52.799957275390625,36.0691032409668,107.89741516113281,134.97999572753906
2019-07-31,268.5466003417969,183.1971893310547,143.52313232421875,52.45002746582031,35.62560272216797,108.76499938964844,133.2100067138672
2019-08-01,266.2080993652344,182.28640747070312,141.44216918945312,52.30354309082031,34.92622756958008,110.92512512207031,136.41000366210938
2019-08-02,264.20367431640625,179.60226440429688,139.87452697753906,51.83967208862305,34.58506774902344,111.9502182006836,135.88999938964844
2019-08-05,256.2583312988281,173.2559814453125,135.6759796142578,50.545711517333984,33.30571746826172,113.8856430053711,137.7899932861328
2019-08-06,259.8517761230469,175.68138122558594,136.9226837158203,50.887508392333984,33.78334045410156,114.79595184326172,138.91000366210938
2019-08-07,260.00531005859375,176.63040161132812,136.88601684570312,51.082828521728516,33.936866760253906,114.83692932128906,141.02000427246094
2019-08-08,265.1065673828125,180.47459411621094,139.83786010742188,51.57925033569336,34.35478973388672,115.0829849243164,141.72999572753906
2019-08-09,263.30078125,178.77781677246094,138.0777587890625,51.22117233276367,34.005096435546875,114.85335540771484,141.25999450683594
2019-08-12,260.09552001953125,176.72633361816406,136.29017639160156,50.81427001953125,33.595706939697266,117.24800109863281,142.6300048828125
2019-08-13,264.14056396484375,180.59927368164062,137.7569122314453,51.29442596435547,34.02215576171875,116.84612274169922,141.77999877929688
2019-08-14,256.33056640625,175.20204162597656,133.90667724609375,49.88653564453125,33.041324615478516,119.47862243652344,142.75
2019-08-15,257.0077209472656,175.00074768066406,133.37496948242188,50.057430267333984,33.26306915283203,120.80715942382812,143.6999969482422
2019-08-16,260.7998046875,177.80955505371094,136.2534942626953,50.65964126586914,33.72364044189453,119.83946228027344,142.77999877929688
2019-08-19,263.94183349609375,180.63758850097656,137.6285858154297,50.96889877319336,33.8600959777832,118.12550354003906,141.11000061035156
2019-08-20,261.9194030761719,179.2379608154297,136.73016357421875,50.79799270629883,33.92832946777344,119.34741973876953,142.2100067138672
2019-08-21,264.0502624511719,180.82933044433594,137.85777282714844,51.15606689453125,34.2524299621582,118.55191040039062,141.75999450683594
2019-08-22,263.9689636230469,180.24453735351562,137.53692626953125,51.05841827392578,33.80893325805664,117.76467895507812,141.39999389648438
2019-08-23,257.188232421875,174.5406036376953,133.3199462890625,50.42364501953125,33.30571746826172,119.70008850097656,144.1699981689453
2019-08-26,260.032470703125,177.17684936523438,134.78671264648438,50.83869171142578,33.48481750488281,119.21619415283203,144.19000244140625
2019-08-27,259.0121154785156,176.80294799804688,132.7882080078125,50.79799270629883,33.54452896118164,121.05321502685547,145.57000732421875
2019-08-28,260.8359680175781,177.4357147216797,134.33753967285156,50.79799270629883,33.63834762573242,121.20897674560547,145.16000366210938
2019-08-29,264.1676330566406,180.1486358642578,136.69354248046875,51.237449645996094,34.01362991333008,120.74976348876953,144.1199951171875
2019-08-30,264.0502624511719,179.71728515625,136.44598388671875,51.4409065246582,34.27801513671875,120.78260040283203,143.75
2019-09-03,262.50634765625,177.9725341796875,134.447509765625,51.3432502746582,34.06479263305664,120.93872833251953,145.75
2019-09-04,265.48590087890625,180.54173278808594,135.5292510986328,52.067535400390625,34.63623809814453,121.119384765625,146.66000366210938
2019-09-05,268.8987731933594,183.8489990234375,138.0502471923828,52.3442268371582,35.0285758972168,118.92583465576172,143.13999938964844
2019-09-06,269.1064453125,183.66690063476562,137.41775512695312,52.515132904052734,35.18209457397461,119.77207946777344,141.9199981689453
2019-09-09,269.2419738769531,183.28346252441406,139.2603302001953,52.66976547241211,35.292972564697266,117.64429473876953,141.38999938964844
2019-09-10,269.17864990234375,182.7561798095703,141.03884887695312,52.75927734375,35.31856155395508,115.58226776123047,140.17999267578125
2019-09-11,271.0928039550781,184.47218322753906,143.92649841308594,53.05225372314453,35.56589889526367,115.37687683105469,141.02999877929688
2019-09-12,272.0318298339844,185.2390594482422,143.96316528320312,53.36150360107422,35.8217658996582,114.62103271484375,141.32000732421875
2019-09-13,271.8512878417969,184.57763671875,144.21063232421875,53.6626091003418,36.026466369628906,112.17285919189453,140.14999389648438
2019-09-16,271.0115966796875,183.75320434570312,144.75152587890625,53.182456970214844,35.74501419067383,113.6023178100586,141.32000732421875
2019-09-17,271.69775390625,184.6351318359375,144.3756866455078,53.36150360107422,35.74501419067383,114.218505859375,141.60000610351562
2019-09-18,271.8602294921875,184.55845642089844,143.48651123046875,53.296390533447266,35.60002136230469,114.70315551757812,140.7100067138672
2019-09-19,271.8421936035156,184.8651885986328,142.7897491455078,53.47543716430664,35.45502471923828,115.04827117919922,141.27999877929688
2019-09-20,270.5577697753906,182.90960693359375,142.48724365234375,53.35335922241211,35.4891357421875,116.56807708740234,142.9499969482422
2019-09-23,270.4942932128906,182.99026489257812,142.377197265625,53.21500778198242,35.52325439453125,116.5434341430664,143.75
2019-09-24,268.371826171875,180.55999755859375,140.22825622558594,53.01156234741211,35.14797592163086,117.9482650756836,144.50999450683594
2019-09-25,269.95916748046875,182.58680725097656,141.7645721435547,52.85693359375,35.12239456176758,116.2230224609375,141.8300018310547
2019-09-26,269.3966979980469,181.9143829345703,140.1822509765625,53.05225372314453,35.113853454589844,116.97063446044922,141.7899932861328
2019-09-27,267.94549560546875,179.65708923339844,139.05990600585938,52.87320327758789,34.661827087402344,117.25814819335938,141.05999755859375
2019-09-30,269.1881103515625,181.36683654785156,139.22549438476562,53.06853103637695,34.857994079589844,117.54573822021484,138.8699951171875
2019-10-01,265.9862060546875,179.88755798339844,136.4932098388672,52.54768371582031,34.61064910888672,117.89958953857422,139.6300048828125
2019-10-02,261.2877197265625,176.79454040527344,135.46287536621094,51.47346115112305,34.34625244140625,118.1875991821289,141.25999450683594
2019-10-03,263.4283752441406,178.73484802246094,135.91363525390625,51.81525802612305,34.789764404296875,119.26575469970703,141.89999389648438
2019-10-04,266.9930114746094,181.36683654785156,137.20159912109375,52.2221565246582,34.94328689575195,120.14631652832031,141.89999389648438
2019-10-07,265.8410949707031,180.81936645507812,136.96243286132812,52.15706253051758,34.65329360961914,119.15052032470703,140.69000244140625
2019-10-08,261.71405029296875,178.11048889160156,134.7361297607422,51.66877365112305,34.40596008300781,119.47147369384766,141.9199981689453
2019-10-09,264.19927978515625,179.84913635253906,135.3524932861328,52.04312515258789,34.67034912109375,118.796630859375,142.0500030517578
2019-10-10,265.9862060546875,181.24197387695312,135.8952178955078,52.40933609008789,35.0285758972168,117.02727508544922,140.80999755859375
2019-10-11,268.74371337890625,183.57618713378906,138.1951446533203,53.34522247314453,35.591495513916016,115.57878875732422,140.02999877929688
2019-10-14,268.4443664550781,183.5570068359375,137.6891326904297,53.12548828125,35.437965393066406,116.41824340820312,140.58999633789062
2019-10-15,271.1019592285156,185.89120483398438,139.27149963378906,53.74399185180664,35.7535400390625,115.01087188720703,139.61000061035156
2019-10-16,270.6666564941406,185.43014526367188,139.4186553955078,53.82536697387695,35.85588073730469,115.15082550048828,140.41000366210938
2019-10-17,271.46484375,185.92002868652344,141.0653839111328,53.95558166503906,35.99235534667969,114.87104797363281,140.61000061035156
2019-10-18,270.276611328125,184.1333770751953,140.39382934570312,53.9311637878418,35.804710388183594,114.87104797363281,140.4600067138672
2019-10-21,272.10888671875,185.766357421875,141.70933532714844,54.2241325378418,36.128814697265625,114.00692749023438,139.7899932861328
2019-10-22,271.219970703125,184.2869873046875,141.86572265625,54.09391403198242,36.15439987182617,114.67352294921875,140.1999969482422
2019-10-23,272.00921630859375,184.6424560546875,142.04052734375,54.38689422607422,36.162933349609375,114.78871154785156,140.52999877929688
2019-10-24,272.4535827636719,186.4386749267578,141.83816528320312,54.48455810546875,36.162933349609375,114.55828857421875,141.52999877929688
2019-10-25,273.5691223144531,187.92759704589844,142.59249877929688,54.54152297973633,36.41880416870117,113.9986801147461,141.86000061035156
2019-10-28,275.11126708984375,189.78150939941406,143.82525634765625,54.78565979003906,36.63203048706055,112.96172332763672,140.63999938964844
2019-10-29,275.029541015625,188.31187438964844,144.29441833496094,54.769386291503906,36.44438552856445,113.03584289550781,140.25
2019-10-30,275.8731384277344,189.2244110107422,143.81607055664062,54.99726104736328,36.6064338684082,114.68997192382812,141.02000427246094
2019-10-31,275.138427734375,189.3108673095703,143.00648498535156,54.86704635620117,36.31644821166992,116.23721313476562,142.42999267578125
2019-11-01,277.687255859375,191.0303192138672,145.4444122314453,55.35531997680664,36.8623046875,115.8794174194336,142.55999755859375
2019-11-04,278.80291748046875,192.21182250976562,146.22633361816406,55.640167236328125,37.22904586791992,114.35421752929688,142.14999389648438
2019-11-05,278.4945068359375,192.31744384765625,146.41030883789062,55.53436279296875,37.44227600097656,113.06814575195312,139.85000610351562
2019-11-06,278.55804443359375,191.8851776123047,145.56398010253906,55.50996017456055,37.3228759765625,113.75240325927734,140.4499969482422
2019-11-07,279.53765869140625,192.52877807617188,145.95033264160156,55.68085861206055,37.59579849243164,111.69140625,138.27000427246094
2019-11-08,280.22705078125,193.2972412109375,146.34591674804688,55.648292541503906,37.25464630126953,111.22145080566406,137.38999938964844
2019-11-11,279.69183349609375,193.03793334960938,146.06988525390625,55.57506561279297,36.990238189697266,111.29568481445312,137.05999755859375
2019-11-12,280.28143310546875,193.59503173828125,146.11590576171875,55.59947204589844,36.75143814086914,111.80674743652344,137.42999267578125
2019-11-13,280.3721923828125,193.64306640625,145.49029541015625,55.4041633605957,36.46997833251953,112.53226470947266,137.97999572753906
2019-11-14,280.7803955078125,193.48931884765625,145.4444122314453,55.24952697753906,36.495567321777344,113.69464111328125,138.55999755859375
2019-11-15,282.8121643066406,194.91104125976562,146.19866943359375,55.59947204589844,36.78554916381836,113.57103729248047,138.2100067138672
2019-11-18,283.0207214355469,195.06472778320312,145.83071899414062,55.664588928222656,36.72583770751953,113.77709197998047,138.6199951171875
2019-11-19,282.93914794921875,195.35292053222656,146.37355041503906,55.59133529663086,36.802608489990234,114.72518920898438,138.69000244140625
2019-11-20,281.88702392578125,194.1809539794922,145.82151794433594,55.241390228271484,36.640541076660156,115.91238403320312,138.75999450683594
2019-11-21,281.43341064453125,193.74868774414062,145.10397338867188,55.16815185546875,36.56379699707031,115.18684387207031,138.0
2019-11-22,282.0593566894531,193.87362670898438,145.55474853515625,55.32278060913086,36.56379699707031,115.33523559570312,137.74000549316406
2019-11-25,284.24530029296875,196.1693878173828,148.64578247070312,55.76224136352539,36.930538177490234,115.67323303222656,137.0800018310547
2019-11-26,284.8893127441406,196.5440216064453,148.74697875976562,55.72968673706055,36.81966018676758,116.34928131103516,137.74000549316406
2019-11-27,286.1592712402344,197.91761779785156,149.7957305908203,55.87617492675781,36.8623046875,116.01129150390625,137.00999450683594
2019-11-29,285.09796142578125,197.01466369628906,148.82057189941406,55.48554611206055,36.28234100341797,115.76395416259766,137.86000061035156
2019-12-02,282.6761779785156,194.9974822998047,147.3670654296875,55.200706481933594,36.273807525634766,114.22052764892578,137.7899932861328
2019-12-03,280.7803955078125,193.47019958496094,146.8979034423828,54.99726104736328,36.08616638183594,116.61539459228516,139.11000061035156
2019-12-04,282.5128479003906,194.44996643066406,147.90977478027344,55.50181198120117,36.359092712402344,115.45094299316406,138.9199981689453
2019-12-05,283.0207214355469,194.83421325683594,148.05703735351562,55.396026611328125,36.52115249633789,114.889404296875,139.0
2019-12-06,285.6058654785156,196.91864013671875,149.78656005859375,55.90058517456055,36.73436737060547,114.25350189208984,137.6199951171875
2019-12-09,284.70794677734375,196.02529907226562,149.5013427734375,55.60760498046875,36.589385986328125,114.50126647949219,137.5800018310547
2019-12-10,284.39031982421875,195.8619842529297,149.59335327148438,55.63203048706055,36.71731185913086,114.50948333740234,137.97000122070312
2019-12-11,285.1977844238281,196.89942932128906,149.54736328125,55.92500686645508,37.25464630126953,115.40962982177734,138.9199981689453
2019-12-12,287.6559143066406,198.36912536621094,150.8352508544922,56.29935836791992,37.9028434753418,113.5102767944336,138.42999267578125
2019-12-13,287.8282775878906,199.02230834960938,150.25570678710938,56.68998718261719,37.88578414916992,114.82333374023438,139.0500030517578
2019-12-16,289.8056640625,201.0203399658203,151.3147430419922,57.29568862915039,38.20722579956055,113.79106903076172,139.0399932861328
2019-12-17,289.8691101074219,201.1355743408203,152.07192993164062,56.96650314331055,38.55567169189453,113.63420104980469,139.00999450683594
2019-12-18,289.88726806640625,201.289306640625,152.3673553466797,56.892417907714844,38.76475143432617,112.70101928710938,139.02000427246094
2019-12-19,291.0754089355469,202.5476837158203,153.0228729248047,56.892417907714844,38.78216552734375,112.88130187988281,139.3800048828125
2019-12-20,292.3516540527344,203.3641815185547,153.24449157714844,56.93358612060547,38.860572814941406,113.03014373779297,139.52000427246094
2019-12-23,292.79827880859375,203.90127563476562,153.54917907714844,57.02410125732422,38.91283416748047,112.86473083496094,139.9499969482422
2019-12-24,292.8073425292969,204.0072021484375,153.9000701904297,56.96650314331055,38.825721740722656,113.18730163574219,141.27000427246094
2019-12-26,294.3660583496094,205.80734252929688,153.9000701904297,57.21338653564453,39.10447311401367,113.46026611328125,142.3800048828125
2019-12-27,294.2931213378906,205.63412475585938,153.1428985595703,57.31214141845703,39.26128005981445,113.58436584472656,142.3300018310547
2019-12-30,292.6705322265625,204.286376953125,152.75514221191406,56.88420867919922,38.99994659423828,113.17081451416016,142.6300048828125
2019-12-31,293.38165283203125,204.67141723632812,152.9674835205078,57.14755630493164,39.08705520629883,112.06244659423828,142.89999389648438
2020-01-02,296.1252746582031,208.08883666992188,153.06912231445312,57.723628997802734,39.87977600097656,113.3279037475586,143.9499969482422
2020-01-03,293.88299560546875,206.1827850341797,152.46888732910156,57.00764846801758,39.13932418823242,115.0732192993164,145.86000061035156
2020-01-06,295.0040588378906,207.5112762451172,152.67205810546875,57.22984313964844,39.04350280761719,114.41979217529297,147.38999938964844
2020-01-07,294.1746826171875,207.48240661621094,152.16421508789062,57.073482513427734,39.017364501953125,113.8572998046875,147.97000122070312
2020-01-08,295.7424621582031,209.04190063476562,152.63510131835938,57.23808670043945,39.243858337402344,113.10462951660156,146.86000061035156
2020-01-09,297.74774169921875,210.81321716308594,152.8197784423828,57.3697624206543,39.50519943237305,113.50167083740234,146.02999877929688
2020-01-10,296.8908996582031,210.27413940429688,152.24734497070312,57.15577697753906,39.714263916015625,114.5107650756836,146.91000366210938
2020-01-13,298.9327392578125,212.70005798339844,153.23524475097656,57.452056884765625,40.33275604248047,114.16340637207031,145.82000732421875
2020-01-14,298.4769592285156,211.8625030517578,153.79847717285156,57.50965881347656,40.106266021728516,114.75064086914062,145.69000244140625
2020-01-15,299.1514892578125,211.94912719726562,154.53717041015625,57.50965881347656,39.79266357421875,115.51165008544922,146.5399932861328
2020-01-16,301.6400146484375,213.98033142089844,156.53155517578125,57.74831771850586,40.04529571533203,115.14765930175781,146.30999755859375
2020-01-17,302.5788879394531,215.03924560546875,156.10682678222656,57.921146392822266,40.27178192138672,114.16340637207031,146.5800018310547
2020-01-21,301.98638916015625,214.94305419921875,154.8141632080078,57.46028518676758,39.252567291259766,115.36271667480469,146.74000549316406
2020-01-22,302.0228271484375,215.51101684570312,154.71258544921875,57.575496673583984,39.57489013671875,115.76803588867188,146.7899932861328
2020-01-23,302.3691711425781,216.20408630371094,154.61102294921875,57.43559265136719,39.16545867919922,116.57861328125,147.1199951171875
2020-01-24,299.68023681640625,214.38467407226562,152.708984375,57.18869400024414,38.85185623168945,117.52156066894531,147.97999572753906
2020-01-27,294.87646484375,209.95643615722656,150.97312927246094,56.00361633300781,37.51033020019531,119.34960174560547,148.99000549316406
2020-01-28,297.9666442871094,213.18136596679688,152.22886657714844,56.53032302856445,37.823936462402344,118.4149169921875,147.66000366210938
2020-01-29,297.7204284667969,213.52793884277344,151.36093139648438,56.538551330566406,38.00687026977539,119.5728988647461,148.4600067138672
2020-01-30,298.6865539550781,214.28842163085938,151.36093139648438,56.48917007446289,37.44063949584961,119.58953094482422,148.47000122070312
2020-01-31,293.26312255859375,210.89024353027344,148.22161865234375,55.534523010253906,36.68277359008789,120.68134307861328,149.3300018310547
2020-02-03,295.4415588378906,214.07662963867188,149.87435913085938,55.66619873046875,37.09219741821289,120.58357238769531,148.36000061035156
2020-02-04,299.9446105957031,218.97659301757812,152.1365509033203,56.596153259277344,38.05043029785156,118.95965576171875,146.42999267578125
2020-02-05,303.4082336425781,219.69857788085938,154.48175048828125,57.13933181762695,38.2681999206543,117.65885925292969,146.61000061035156
2020-02-06,304.4292907714844,221.59500122070312,154.13095092773438,57.29568862915039,38.30305099487305,118.18909454345703,147.39999389648438
2020-02-07,302.80670166015625,220.64198303222656,152.238037109375,56.75252151489258,37.77167510986328,119.66388702392578,147.7899932861328
2020-02-10,305.06732177734375,223.30856323242188,153.09678649902344,56.86774444580078,37.980735778808594,119.99534606933594,148.1699981689453
2020-02-11,305.5960693359375,223.3470458984375,154.15858459472656,57.25453567504883,38.4772834777832,119.3904800415039,147.66000366210938
2020-02-12,307.56488037109375,225.52267456054688,155.220458984375,57.452056884765625,38.99994659423828,118.78562927246094,147.5399932861328
2020-02-13,307.23675537109375,225.2338409423828,155.62667846679688,57.048797607421875,38.485984802246094,119.24129486083984,148.3800048828125
2020-02-14,307.72900390625,225.8788604736328,155.02655029296875,56.95003890991211,38.5034065246582,119.76331329345703,149.0
2020-02-18,306.9358825683594,225.9654998779297,154.69412231445312,56.587928771972656,38.25078201293945,120.58357238769531,150.91000366210938
2020-02-19,308.40338134765625,228.13148498535156,155.48818969726562,56.77721405029297,38.529544830322266,120.57522583007812,151.7899932861328
2020-02-20,307.1364440917969,226.01361083984375,155.86680603027344,56.439796447753906,37.9284782409668,121.51970672607422,152.41000366210938
2020-02-21,303.9735107421875,221.67201232910156,154.28785705566406,56.17644500732422,37.710697174072266,122.65485382080078,154.6999969482422
2020-02-24,293.8920593261719,213.12356567382812,149.6435546875,53.929710388183594,36.29948043823242,124.48589324951172,156.08999633789062
2020-02-25,284.9866027832031,207.32835388183594,144.3251495361328,53.0408935546875,36.01201248168945,125.14874267578125,153.3000030517578
2020-02-26,283.9382629394531,208.39694213867188,142.65396118164062,53.10674285888672,36.29948043823242,124.48589324951172,153.97000122070312
2020-02-27,271.1861572265625,197.9616241455078,137.6310272216797,51.534847259521484,35.428367614746094,125.83638000488281,154.0
2020-02-28,270.04669189453125,198.11569213867188,135.1103973388672,51.22212219238281,35.297698974609375,128.67816162109375,148.3800048828125
2020-03-02,281.741455078125,208.3391571044922,139.44998168945312,51.880496978759766,36.06428146362305,127.73150634765625,149.1999969482422
2020-03-03,273.6745910644531,201.65834045410156,136.60610961914062,51.46077346801758,35.82036209106445,129.7146759033203,153.88999938964844
2020-03-04,285.17791748046875,210.0719451904297,140.493408203125,52.99974822998047,36.45628356933594,128.3372344970703,154.16000366210938
2020-03-05,275.6980895996094,203.6894989013672,136.02450561523438,51.59245300292969,35.689701080322266,131.5316925048828,157.49000549316406
2020-03-06,271.1405944824219,200.25283813476562,133.32835388183594,50.818851470947266,34.95797348022461,138.37710571289062,157.5500030517578
2020-03-09,249.9659881591797,186.34237670898438,120.36483001708984,46.87678909301758,32.57109451293945,142.12762451171875,157.80999755859375
2020-03-10,262.9003601074219,196.48878479003906,124.12281799316406,48.60504913330078,34.22622299194336,134.8424530029297,154.47999572753906
2020-03-11,250.08441162109375,187.9307403564453,116.22834777832031,46.12788009643555,32.632076263427734,129.88055419921875,153.92999267578125
2020-03-12,226.1570587158203,170.69908142089844,103.38487243652344,41.0583381652832,29.365381240844727,130.6853485107422,147.7899932861328
2020-03-13,245.49038696289062,185.1582489013672,110.30982208251953,43.54373550415039,31.482196807861328,127.73150634765625,143.27999877929688
2020-03-16,218.6279296875,162.9785919189453,95.67510986328125,39.05027770996094,27.553455352783203,136.00408935546875,141.63999938964844
2020-03-17,230.43203735351562,175.33912658691406,100.06089782714844,40.951351165771484,29.452499389648438,126.9349594116211,143.55999755859375
2020-03-18,218.7646484375,170.0059814453125,92.30494689941406,38.60587692260742,26.908828735351562,119.77420043945312,140.6999969482422
2020-03-19,219.22950744628906,171.02639770507812,95.90594482421875,39.206642150878906,27.117897033691406,123.03507232666016,138.0399932861328
2020-03-20,209.78196716308594,164.32630920410156,93.62530517578125,38.7210807800293,27.31825828552246,132.286865234375,140.11000061035156
2020-03-23,204.4182586669922,164.44493103027344,92.24031829833984,38.26845169067383,26.664920806884766,137.7382354736328,146.3000030517578
2020-03-24,222.93922424316406,177.17913818359375,100.67952728271484,41.510986328125,28.668493270874023,135.17428588867188,153.39999389648438
2020-03-25,226.27659606933594,175.8671417236328,101.93083953857422,42.86066818237305,29.67898178100586,134.86737060546875,151.3000030517578
2020-03-26,239.4889373779297,185.12840270996094,108.27081298828125,44.778202056884766,30.802734375,135.5311279296875,153.24000549316406
2020-03-27,232.35556030273438,178.7612762451172,104.33152770996094,43.50259017944336,29.051776885986328,139.14883422851562,152.25
2020-03-30,239.9014892578125,185.26341247558594,106.63018798828125,44.3831787109375,29.530895233154297,138.00384521484375,152.9199981689453
2020-03-31,236.3256378173828,183.68133544921875,106.09259796142578,43.996376037597656,29.731252670288086,136.88365173339844,148.0500030517578
2020-04-01,225.6898956298828,175.8767852783203,98.86280822753906,42.04591751098633,28.45941925048828,138.8014678955078,149.4499969482422
2020-04-02,230.897705078125,179.4462432861328,99.7989730834961,42.868900299072266,29.417646408081055,139.6822052001953,151.89999389648438
2020-04-03,227.560302734375,176.89935302734375,96.97195434570312,41.88956069946289,28.86013412475586,140.01461791992188,152.64999389648438
2020-04-06,242.84469604492188,189.5468292236328,104.39637756347656,44.11159133911133,30.436857223510742,139.64898681640625,156.8800048828125
2020-04-07,243.09222412109375,189.4695587158203,104.66519165039062,44.358482360839844,30.593658447265625,138.18653869628906,156.0399932861328
2020-04-08,251.2524871826172,193.49246215820312,109.4386978149414,44.72058868408203,30.907257080078125,137.18112182617188,154.64999389648438
2020-04-09,255.07583618164062,193.772216796875,114.67566680908203,45.73285675048828,30.794017791748047,137.4303436279297,158.69000244140625
2020-04-13,252.74700927734375,195.86563110351562,111.57057189941406,45.29667663574219,30.837570190429688,136.1756591796875,161.41000366210938
2020-04-14,260.2012023925781,204.38406372070312,113.83219146728516,46.10319519042969,31.543170928955078,136.14242553710938,162.67999267578125
2020-04-15,254.67245483398438,202.03976440429688,109.18843841552734,44.66299057006836,30.733034133911133,139.74871826171875,161.85000610351562
2020-04-16,255.90106201171875,205.72500610351562,108.36349487304688,44.68767166137695,30.8985595703125,141.33578491210938,161.7100067138672
2020-04-17,262.8143615722656,207.69300842285156,113.13700866699219,45.872772216796875,31.58673667907715,139.4412841796875,158.57000732421875
2020-04-20,258.18402099609375,205.23304748535156,111.80228424072266,45.18968963623047,31.186017990112305,140.56301879882812,159.6999969482422
2020-04-21,250.34471130371094,197.66000366210938,109.13282012939453,44.309104919433594,30.3236141204834,142.3329620361328,158.61000061035156
2020-04-22,255.90106201171875,203.5254669189453,110.45828247070312,45.058013916015625,31.151174545288086,140.87876892089844,161.72999572753906
2020-04-23,255.8826446533203,203.09130859375,111.54275512695312,44.91810989379883,31.037925720214844,141.62664794921875,163.33999633789062
2020-04-24,259.4494323730469,206.29415893554688,113.46142578125,45.43658447265625,30.994373321533203,141.9590301513672,162.63999938964844
2020-04-27,263.1901550292969,207.95350646972656,117.9568862915039,46.037357330322266,31.621572494506836,139.31666564941406,161.55999755859375
2020-04-28,261.9798889160156,204.03677368164062,119.6716537475586,46.38301086425781,31.682559967041016,140.92031860351562,160.83999633789062
2020-04-29,268.83819580078125,211.27207946777344,125.55744934082031,47.54340744018555,32.60593795776367,140.1891326904297,161.72999572753906
2020-04-30,266.3351135253906,211.18527221679688,120.78392791748047,46.55582809448242,31.917749404907227,138.5521697998047,158.8000030517578
2020-05-01,259.2842712402344,205.23304748535156,115.9918441772461,45.54356384277344,30.767887115478516,139.7386016845703,159.77999877929688
2020-05-04,259.9993896484375,207.62548828125,116.49238586425781,45.5271110534668,31.098907470703125,139.0813446044922,160.33999633789062
2020-05-05,262.4017639160156,209.9793701171875,117.39148712158203,45.609413146972656,31.273136138916016,138.1910858154297,161.02000427246094
2020-05-06,260.62298583984375,211.27207946777344,116.52946472167969,45.31313705444336,31.177309036254883,135.96119689941406,158.9499969482422
2020-05-07,263.7679138183594,213.9926300048828,118.12371826171875,45.99620819091797,31.429933547973633,138.23268127441406,161.38999938964844
2020-05-08,268.1321105957031,216.92529296875,122.68403625488281,46.778045654296875,32.091976165771484,136.4354248046875,160.4199981689453
2020-05-11,268.1871337890625,218.8643798828125,122.07229614257812,46.73688888549805,31.882909774780273,135.37049865722656,159.4199981689453
2020-05-12,262.841796875,214.28201293945312,117.68807220458984,46.144344329833984,31.760953903198242,136.7599639892578,160.0399932861328
2020-05-13,258.19329833984375,211.60008239746094,113.748779296875,45.790462493896484,31.699983596801758,137.716796875,161.5800018310547
2020-05-14,261.283203125,214.00222778320312,114.1195297241211,45.35428237915039,31.82193374633789,139.064697265625,163.00999450683594
2020-05-15,262.48419189453125,215.39144897460938,115.93624114990234,45.39543533325195,31.386371612548828,138.70689392089844,163.92999267578125
2020-05-18,270.47943115234375,219.40457153320312,122.98065948486328,47.230682373046875,32.61465072631836,135.66177368164062,162.69000244140625
2020-05-19,267.7012634277344,218.85475158691406,120.55220031738281,46.58052062988281,32.35331726074219,136.16928100585938,164.25999450683594
2020-05-20,272.2490234375,223.22491455078125,124.20414733886719,47.5516357421875,32.78016662597656,136.5769500732422,164.64999389648438
2020-05-21,270.3694763183594,220.79383850097656,124.42662811279297,47.000244140625,32.40559005737305,136.91810607910156,162.25
2020-05-22,270.8827819824219,221.5559539794922,125.02909851074219,46.86857223510742,31.73483657836914,137.7417755126953,163.2100067138672
2020-05-26,274.2202453613281,220.95782470703125,128.63475036621094,48.210018157958984,32.43171310424805,135.89468383789062,160.88999938964844
2020-05-27,278.30035400390625,222.16372680664062,132.62962341308594,48.79432678222656,32.536251068115234,135.64501953125,161.17999267578125
2020-05-28,277.7869567871094,221.87429809570312,129.48745727539062,49.25519561767578,32.30976104736328,135.1457977294922,161.72000122070312
2020-05-29,279.0247802734375,225.12539672851562,128.74595642089844,49.08237838745117,32.867279052734375,136.1110382080078,162.91000366210938
2020-06-01,280.1524353027344,225.80067443847656,129.97869873046875,50.176937103271484,33.625144958496094,135.19461059570312,163.66000366210938
2020-06-02,282.47216796875,227.3152618408203,131.05392456054688,50.64603042602539,34.42658233642578,134.70306396484375,162.60000610351562
2020-06-03,286.2314453125,228.33787536621094,134.21463012695312,51.85580062866211,35.22800064086914,132.91192626953125,159.60000610351562
2020-06-04,285.4795227050781,226.7364501953125,134.02000427246094,51.63360595703125,34.73147201538086,130.9875030517578,161.27999877929688
2020-06-05,292.7962341308594,231.23199462890625,139.20132446289062,52.52241516113281,35.646141052246094,130.054443359375,158.00999450683594
2020-06-08,296.3354187011719,233.02638244628906,141.89862060546875,53.20549011230469,35.86391067504883,130.5542449951172,159.72000122070312
2020-06-09,294.1258239746094,234.7146453857422,139.27549743652344,52.514198303222656,35.62001037597656,132.0371551513672,161.25999450683594
2020-06-10,292.48455810546875,237.5316162109375,135.49375915527344,52.39896774291992,35.881343841552734,133.9949493408203,163.57000732421875
2020-06-11,275.62310791015625,225.7621307373047,125.15884399414062,49.592620849609375,34.008445739746094,136.527587890625,162.38999938964844
2020-06-12,278.92376708984375,227.5564727783203,128.16204833984375,50.44851303100586,34.73147201538086,135.21127319335938,162.6199951171875
2020-06-15,281.5277099609375,230.3251953125,131.12509155273438,50.65550994873047,34.416038513183594,135.28619384765625,162.3300018310547
2020-06-16,286.9465637207031,234.28048706054688,134.2779083251953,51.2815055847168,34.63508224487305,133.2118682861328,162.25
2020-06-17,285.754638671875,235.02328491210938,131.85049438476562,51.47347640991211,34.968040466308594,133.76168823242188,162.55999755859375
2020-06-18,285.86468505859375,235.66004943847656,131.8040008544922,51.19804763793945,34.985557556152344,135.17794799804688,162.24000549316406
2020-06-19,284.2309875488281,235.62144470214844,131.12509155273438,50.9476432800293,34.97679901123047,135.28619384765625,164.02999877929688
2020-06-22,286.0543212890625,238.44720458984375,132.4364471435547,51.556949615478516,35.40612030029297,135.3029022216797,165.08999633789062
2020-06-23,287.3712463378906,240.47657775878906,132.99444580078125,51.840728759765625,35.747833251953125,134.37820434570312,166.47999572753906
2020-06-24,280.0408020019531,235.51901245117188,128.67913818359375,50.51362609863281,35.27469253540039,135.81939697265625,165.89999389648438
2020-06-25,283.04296875,237.7610626220703,130.622802734375,51.2314338684082,35.423641204833984,136.21104431152344,165.8000030517578
2020-06-26,276.32037353515625,232.1463165283203,127.10735321044922,50.488582611083984,34.994319915771484,137.6689453125,166.5399932861328
2020-06-29,280.3814697265625,234.6782684326172,131.2645721435547,50.89756393432617,35.15203857421875,137.23573303222656,166.6300048828125
2020-06-30,283.9731140136719,239.27828979492188,133.16184997558594,50.805755615234375,35.03813171386719,136.56919860839844,167.3699951171875
2020-07-01,285.96234130859375,242.07118225097656,131.8970489501953,50.997718811035156,35.432403564453125,136.30398559570312,166.6199951171875
2020-07-02,287.537109375,243.71400451660156,132.4364471435547,51.556949615478516,36.23848342895508,136.44577026367188,166.97999572753906
2020-07-06,291.97589111328125,249.70567321777344,133.39437866210938,52.39994812011719,37.79806900024414,135.88687133789062,167.97999572753906
2020-07-07,288.96453857421875,247.98544311523438,131.03208923339844,51.63206481933594,37.167236328125,137.7969512939453,169.0399932861328
2020-07-08,291.17462158203125,251.25177001953125,132.0086212158203,52.06608963012695,38.13102340698242,137.2465362548828,170.08999633789062
2020-07-09,289.5169982910156,253.36827087402344,129.3394012451172,51.47347640991211,38.13102340698242,139.43185424804688,169.6300048828125
2020-07-10,292.4731140136719,255.0980682373047,131.4227294921875,52.02435302734375,37.88568878173828,138.7311248779297,169.19000244140625
2020-07-13,289.9405822753906,249.85057067871094,129.75794982910156,51.69049072265625,37.6316032409668,139.18991088867188,169.39999389648438
2020-07-14,293.69793701171875,251.6190948486328,131.90635681152344,52.45003128051758,37.684173583984375,139.3900604248047,170.19000244140625
2020-07-15,296.39617919921875,252.1312713623047,136.7425079345703,53.042640686035156,37.79806900024414,138.7394561767578,170.33999633789062
2020-07-16,295.42010498046875,250.41107177734375,135.93338012695312,52.70043182373047,37.263607025146484,139.3983917236328,168.72999572753906
2020-07-17,296.27655029296875,250.70101928710938,136.3332977294922,53.00925064086914,37.47388458251953,139.10643005371094,170.1199951171875
2020-07-20,298.6707763671875,257.8135986328125,135.74734497070312,53.26800537109375,37.95578384399414,139.4483642578125,170.94000244140625
2020-07-21,299.3063659667969,255.12713623046875,137.67251586914062,53.376495361328125,38.30625534057617,139.5318145751953,173.0
2020-07-22,301.0099182128906,256.0257873535156,137.74693298339844,53.518394470214844,38.1397819519043,139.94886779785156,175.6300048828125
2020-07-23,297.4184265136719,249.33840942382812,137.88645935058594,53.092716217041016,37.8331184387207,141.58355712890625,177.17999267578125
2020-07-24,295.5029602050781,246.97068786621094,135.8589324951172,52.80058670043945,37.79806900024414,141.57530212402344,178.6999969482422
2020-07-27,297.65789794921875,251.37744140625,137.27261352539062,53.49335861206055,38.38511657714844,141.0498046875,182.22999572753906
2020-07-28,295.76995849609375,248.1787109375,135.9054412841797,53.151153564453125,38.06968307495117,142.0256805419922,183.75
2020-07-29,299.40765380859375,251.0392303466797,138.90013122558594,53.71036911010742,38.68301010131836,141.78384399414062,185.1300048828125
2020-07-30,298.3393859863281,252.35353088378906,138.35140991210938,52.91743850708008,38.192352294921875,142.71795654296875,183.75999450683594
2020-07-31,300.6968078613281,256.8569641113281,137.04942321777344,51.7906494140625,37.92950439453125,142.62612915039062,185.42999267578125
2020-08-03,302.7873840332031,260.3262939453125,139.28147888183594,52.80058670043945,38.192352294921875,141.90814208984375,185.63999938964844
2020-08-04,303.9569091796875,261.2926330566406,140.2393798828125,53.092716217041016,38.700538635253906,143.26087951660156,189.58999633789062
2020-08-05,305.8448181152344,261.9400939941406,143.02951049804688,53.26800537109375,39.121097564697266,142.00831604003906,191.35000610351562
2020-08-06,307.88922119140625,265.40960693359375,142.97369384765625,53.3264274597168,39.243751525878906,142.80162048339844,193.88999938964844
2020-08-07,308.1102600097656,262.3460693359375,145.24295043945312,53.109413146972656,38.43767166137695,141.8496856689453,190.80999755859375
2020-08-10,309.0312194824219,261.2249755859375,146.74961853027344,53.28469467163086,38.534053802490234,141.21514892578125,190.14999389648438
2020-08-11,306.4801940917969,256.2771301269531,145.9032745361328,53.476661682128906,38.42890930175781,139.53672790527344,179.94000244140625
2020-08-12,310.7532958984375,262.7229309082031,146.49853515625,54.6618766784668,38.945858001708984,138.267578125,179.10000610351562
2020-08-13,310.1915283203125,263.322021484375,146.1916046142578,54.41981887817383,38.83195877075195,136.7896270751953,183.3300018310547
2020-08-14,310.2007751464844,263.0127868652344,146.09857177734375,54.08597183227539,38.761863708496094,136.25514221191406,182.5399932861328
2020-08-17,311.18609619140625,266.0666809082031,146.85189819335938,54.49495315551758,39.25251770019531,136.5975341796875,186.5
2020-08-18,311.8583984375,268.6274719238281,145.4475860595703,54.4615592956543,39.20871353149414,137.5744171142578,188.17999267578125
2020-08-19,310.5599365234375,266.8204040527344,145.45684814453125,54.219512939453125,38.72681427001953,136.71444702148438,182.24000549316406
2020-08-20,311.5268249511719,270.5216369628906,144.86167907714844,54.04423904418945,38.604148864746094,137.9502410888672,183.5
2020-08-21,312.6318664550781,272.3965148925781,143.79212951660156,53.768795013427734,38.79690933227539,138.77684020996094,182.02999877929688
2020-08-24,315.7998962402344,274.0973205566406,145.29876708984375,54.47824478149414,39.22623062133789,138.5513916015625,181.0
2020-08-25,316.9049987792969,276.2522888183594,145.45684814453125,54.511627197265625,39.62051010131836,137.4910125732422,181.22000122070312
2020-08-26,320.08209228515625,282.1473693847656,144.54544067382812,54.82881546020508,39.72565460205078,136.96493530273438,183.36000061035156
2020-08-27,320.781982421875,281.2679443359375,144.89883422851562,54.26958084106445,39.39270782470703,134.63525390625,181.24000549316406
2020-08-28,322.85400390625,282.6982727050781,146.12646484375,54.653541564941406,39.90964889526367,134.53506469726562,184.38999938964844
2020-08-31,321.6844482421875,284.9692077636719,144.5546875,54.2362060546875,39.02471160888672,135.42849731445312,184.8300018310547
2020-09-01,324.71429443359375,289.8398742675781,146.21022033691406,54.294639587402344,39.690608978271484,136.9774932861328,185.0500030517578
2020-09-02,329.4110107421875,292.5843811035156,147.3727569580078,55.020790100097656,39.58546829223633,138.28163146972656,182.6199951171875
2020-09-03,318.0745544433594,277.7502746582031,143.0201873779297,53.77714157104492,38.83195877075195,138.67454528808594,181.13999938964844
2020-09-04,315.4775390625,274.0489807128906,142.10877990722656,53.852256774902344,38.84947967529297,136.0413360595703,181.63999938964844
2020-09-08,306.8577575683594,260.8770446777344,139.3744659423828,53.192874908447266,38.17482376098633,136.8772430419922,181.2899932861328
2020-09-09,312.9173583984375,268.54052734375,141.48565673828125,54.186119079589844,38.74433898925781,136.50941467285156,183.0500030517578
2020-09-10,307.4841003417969,263.1867370605469,139.6441650390625,53.55178451538086,38.12225341796875,137.2032928466797,182.4600067138672
2020-09-11,307.64056396484375,261.3602294921875,138.71412658691406,54.08597183227539,38.49024200439453,137.49581909179688,182.4499969482422
2020-09-14,311.6925964355469,265.9119567871094,142.369140625,54.37809753417969,39.11233139038086,137.48753356933594,183.88999938964844
2020-09-15,313.267333984375,269.680908203125,142.6388702392578,54.7286491394043,39.524131774902344,137.15313720703125,183.4499969482422
2020-09-16,312.0241394042969,265.3804626464844,143.9874267578125,54.7286491394043,39.471561431884766,136.74343872070312,183.97000122070312
2020-09-17,309.27984619140625,261.234619140625,142.93649291992188,54.80378341674805,39.313846588134766,137.16143798828125,182.9600067138672
2020-09-18,305.71917724609375,257.900634765625,142.56446838378906,54.36139678955078,39.0071907043457,136.73512268066406,183.1999969482422
2020-09-21,302.316650390625,258.5190734863281,137.57022094726562,52.98421096801758,38.6479606628418,137.42897033691406,179.52000427246094
2020-09-22,305.39544677734375,263.322021484375,138.63040161132812,52.96752166748047,38.35882568359375,137.3202362060547,178.64999389648438
2020-09-23,298.3132019042969,255.28172302246094,134.50035095214844,52.5251579284668,37.76302719116211,137.50421142578125,174.7899932861328
2020-09-24,299.1082458496094,256.4703674316406,134.50035095214844,52.47507095336914,37.587799072265625,138.03082275390625,175.44000244140625
2020-09-25,303.9439697265625,262.43304443359375,136.68487548828125,52.65034866333008,37.622833251953125,138.03082275390625,174.94000244140625
2020-09-28,308.9921875,267.8833923339844,140.05508422851562,53.44327163696289,38.043399810791016,137.63787841796875,176.6999969482422
2020-09-29,307.3094787597656,266.67547607421875,139.4202880859375,53.384849548339844,38.01711654663086,137.7968292236328,178.19000244140625
2020-09-30,309.6394348144531,268.50189208984375,139.84033203125,53.12610626220703,38.63043212890625,136.47601318359375,177.1199951171875
2020-10-01,311.6273193359375,272.76373291015625,142.07159423828125,53.4349250793457,38.98967361450195,136.70108032226562,178.6999969482422
2020-10-02,308.6686706542969,265.090576171875,142.69712829589844,53.3264274597168,38.54281997680664,136.19070434570312,178.5399932861328
2020-10-05,314.1422119140625,270.74395751953125,146.63681030273438,54.13603973388672,39.05976104736328,133.52957153320312,179.41000366210938
2020-10-06,309.6763916015625,265.9119567871094,146.21664428710938,53.56013107299805,39.129859924316406,134.24928283691406,177.3000030517578
2020-10-07,315.0669250488281,270.5120849609375,149.40953063964844,54.01919937133789,39.559181213378906,133.27011108398438,177.22000122070312
2020-10-08,317.85906982421875,271.9519348144531,151.108642578125,54.3947868347168,39.883365631103516,133.9898223876953,177.85000610351562
2020-10-09,320.69769287109375,276.107421875,151.89283752441406,54.82046127319336,40.15497970581055,133.96473693847656,181.0800018310547
2020-10-12,325.8569030761719,284.63104248046875,152.91043090820312,55.13763427734375,40.50544738769531,134.39154052734375,180.55999755859375
2020-10-13,323.7303771972656,284.6212463378906,151.89283752441406,54.519989013671875,40.33897399902344,135.35385131835938,177.72000122070312
2020-10-14,321.6963195800781,282.2439880371094,150.3897705078125,54.42817687988281,40.06735610961914,135.6634063720703,178.27000427246094
2020-10-15,321.2987060546875,280.349853515625,151.9395294189453,53.785491943359375,39.77822494506836,135.42913818359375,178.9199981689453
2020-10-16,321.1046142578125,278.8133239746094,151.56610107421875,54.03588104248047,39.91841506958008,135.05255126953125,178.3000030517578
2020-10-19,316.22271728515625,274.2615966796875,149.75491333007812,53.835575103759766,39.80451202392578,134.54217529296875,178.38999938964844
2020-10-20,317.4893493652344,274.85107421875,150.08168029785156,54.102657318115234,40.242584228515625,133.26182556152344,179.25
2020-10-21,316.8882751464844,274.63848876953125,148.79335021972656,53.84391784667969,40.35649871826172,132.80154418945312,180.60000610351562
2020-10-22,318.6265563964844,274.6288146972656,151.36068725585938,53.88563537597656,40.34773254394531,131.42083740234375,178.8300018310547
2020-10-23,319.70843505859375,275.1700439453125,152.23825073242188,54.2362060546875,40.58430480957031,132.22415161132812,178.63999938964844
2020-10-26,313.8001708984375,271.04351806640625,148.95205688476562,53.2596549987793,40.05859375,133.45420837402344,178.5500030517578
2020-10-27,312.7183532714844,273.15997314453125,147.67308044433594,52.842323303222656,40.23382568359375,134.3496551513672,179.02000427246094
2020-10-28,302.0300598144531,262.5103759765625,143.12649536132812,51.26481628417969,39.22623062133789,134.4751739501953,176.1300048828125
2020-10-29,305.0996398925781,267.1005859375,144.83499145507812,51.506866455078125,39.62051010131836,133.16978454589844,175.39999389648438
2020-10-30,301.9190979003906,260.3262939453125,142.92117309570312,51.23977279663086,39.17366409301758,131.85598754882812,176.1999969482422
2020-11-02,305.3031311035156,260.9061584472656,145.46981811523438,51.90749740600586,39.67307662963867,132.8435821533203,177.91000366210938
2020-11-03,310.69354248046875,265.4190979003906,149.5962371826172,53.26800537109375,39.84831619262695,132.07290649414062,178.9199981689453
2020-11-04,317.6372985839844,277.2671203613281,149.76425170898438,53.852256774902344,41.10123825073242,134.93785095214844,178.82000732421875
2020-11-05,323.8321228027344,284.49566650390625,153.9560546875,55.1459846496582,41.802181243896484,135.1724395751953,182.92999267578125
2020-11-06,323.7580871582031,284.7082824707031,152.751708984375,55.262840270996094,41.99494171142578,133.5389404296875,183.19000244140625
2020-11-09,327.8263854980469,278.890625,158.287841796875,56.87372970581055,42.28407287597656,130.7326202392578,175.0800018310547
2020-11-10,327.3456115722656,273.8943786621094,161.22857666015625,57.38287353515625,41.802181243896484,129.97865295410156,175.66000366210938
2020-11-11,329.7773132324219,280.0212707519531,161.16323852539062,57.86697006225586,42.07379913330078,130.4477996826172,174.89999389648438
2020-11-12,326.578125,278.70697021484375,158.6892547607422,57.02397537231445,41.75837707519531,132.6676788330078,175.9600067138672
2020-11-13,331.0993957519531,281.1519470214844,161.9754638671875,57.900352478027344,42.34541702270508,132.4917449951172,177.16000366210938
2020-11-16,335.2324523925781,283.345703125,165.83111572265625,58.50131607055664,42.87110900878906,132.17352294921875,177.14999389648438
2020-11-17,333.4294738769531,282.44683837890625,166.60595703125,58.442893981933594,42.827308654785156,133.03627014160156,176.5
2020-11-18,329.4166564941406,280.3595275878906,164.27206420898438,58.13406753540039,42.678348541259766,133.42166137695312,175.49000549316406
2020-11-19,330.8035583496094,282.5532531738281,165.5323944091797,58.543052673339844,42.748451232910156,134.10855102539062,175.16000366210938
2020-11-20,328.53826904296875,280.62042236328125,165.7097625732422,58.71833038330078,42.985023498535156,135.29806518554688,175.69000244140625
2020-11-23,330.5076904296875,280.6300964355469,168.80923461914062,58.64321517944336,43.09891128540039,134.67813110351562,172.22999572753906
2020-11-24,335.8334045410156,284.5730285644531,171.98338317871094,59.51959991455078,43.677188873291016,133.3378448486328,169.58999633789062
2020-11-25,335.3157043457031,286.3221130371094,171.39524841308594,59.44449996948242,43.43186950683594,132.92733764648438,169.50999450683594
2020-11-27,336.24945068359375,288.9604187011719,172.12338256835938,59.85346221923828,43.84366226196289,134.21743774414062,167.7899932861328
2020-11-30,334.7608642578125,289.5498352050781,168.99594116210938,58.551395416259766,42.69587707519531,134.0498504638672,166.6699981689453
2020-12-01,338.4221496582031,293.2608337402344,170.56434631347656,59.92859649658203,43.536991119384766,132.07337951660156,170.17999267578125
2020-12-02,339.1341552734375,293.63775634765625,170.74171447753906,59.936927795410156,43.598331451416016,131.02520751953125,171.4600067138672
2020-12-03,339.0417785644531,294.05328369140625,171.7032928466797,60.037078857421875,44.09775161743164,132.08184814453125,172.80999755859375
2020-12-04,341.963623046875,295.2516174316406,175.6990203857422,60.54623794555664,44.5533561706543,130.1447296142578,172.32000732421875
2020-12-07,341.2608337402344,296.9234924316406,175.86708068847656,60.05377960205078,44.5533561706543,131.3187255859375,174.88999938964844
2020-12-08,342.2593688964844,297.9285583496094,178.12631225585938,60.262447357177734,44.570884704589844,131.93923950195312,175.5
2020-12-09,339.1897277832031,291.18304443359375,176.8286590576172,60.34591293334961,44.185367584228516,131.5032196044922,172.5
2020-12-10,339.0787658691406,292.3523254394531,178.53709411621094,60.42937469482422,44.7548828125,132.66885375976562,172.1699981689453
2020-12-11,338.6811218261719,291.7049560546875,177.6595458984375,60.245758056640625,44.4394645690918,133.1383819580078,172.49000549316406
2020-12-14,337.1648254394531,293.8214416503906,177.86741638183594,60.2828369140625,44.208412170410156,132.76939392089844,171.5399932861328
2020-12-15,341.72308349609375,296.9620666503906,182.31573486328125,60.89805221557617,44.68643569946289,132.3250274658203,173.94000244140625
2020-12-16,342.2593688964844,298.5953063964844,181.6602020263672,61.134029388427734,44.898895263671875,131.97280883789062,174.89999389648438
2020-12-17,344.1733093261719,300.5473937988281,183.823486328125,61.56385040283203,45.191017150878906,131.62359619140625,176.74000549316406
2020-12-18,342.7990417480469,299.6390380859375,182.93382263183594,61.24357986450195,45.137908935546875,131.2290802001953,176.44000244140625
2020-12-21,341.5733337402344,299.0784912109375,182.8402099609375,60.459815979003906,44.47398376464844,131.74949645996094,175.8800048828125
2020-12-22,340.9977722167969,299.89166259765625,184.91921997070312,60.30811309814453,44.11988830566406,132.42938232421875,174.49000549316406
2020-12-23,341.30413818359375,298.3813171386719,186.4924774169922,60.9570426940918,44.57135772705078,131.5144500732422,175.64999389648438
2020-12-24,342.6318664550781,299.69805908203125,186.37075805664062,60.98233413696289,44.376609802246094,132.03494262695312,176.35000610351562
2020-12-28,345.57537841796875,302.71868896484375,185.677734375,61.479557037353516,44.50053787231445,132.09368896484375,175.7100067138672
2020-12-29,344.91607666015625,302.9897155761719,182.0816192626953,61.87565994262695,45.16447067260742,131.9257354736328,176.35000610351562
2020-12-30,345.40826416015625,302.99945068359375,183.9359130859375,61.95992660522461,45.766414642333984,132.2111358642578,177.6999969482422
2020-12-31,347.1632080078125,303.7449035644531,183.60809326171875,61.48797607421875,45.7398567199707,132.40423583984375,178.36000061035156
2021-01-04,342.4369201660156,299.4559020996094,181.210693359375,61.8082275390625,46.031986236572266,132.2447052001953,182.3300018310547
2021-01-05,344.79541015625,301.9247741699219,184.01080322265625,62.448734283447266,47.13853073120117,131.2626495361328,182.8699951171875
2021-01-06,346.8567199707031,297.742431640625,191.5401611328125,63.16508483886719,46.740169525146484,128.56808471679688,179.89999389648438
2021-01-07,352.0101318359375,304.9454650878906,194.94900512695312,63.23250198364258,47.18278884887695,127.43482971191406,179.47999572753906
2021-01-08,354.01580810546875,308.86639404296875,194.52757263183594,63.82244110107422,48.430965423583984,127.02352905273438,173.33999633789062
2021-01-11,351.6294860839844,304.4032287597656,194.3590087890625,62.988094329833984,47.77589416503906,126.81363677978516,173.0
2021-01-12,351.7037658691406,303.9191589355469,197.84271240234375,63.27463912963867,48.24506759643555,126.712890625,174.1199951171875
2021-01-13,352.65087890625,305.9716491699219,196.4286346435547,63.19037628173828,48.35129165649414,128.13990783691406,173.3699951171875
2021-01-14,351.41595458984375,304.3354797363281,200.3525390625,63.69602966308594,48.80276107788086,126.93952178955078,173.27999877929688
2021-01-15,348.8530578613281,301.9247741699219,197.36508178710938,62.701568603515625,48.112274169921875,127.44315338134766,171.1300048828125
2021-01-19,351.59234619140625,306.3298034667969,199.89366149902344,63.15666198730469,48.908992767333984,127.8545150756836,172.5800018310547
2021-01-20,356.4578857421875,313.455322265625,200.77394104003906,63.586463928222656,49.767662048339844,127.98048400878906,175.38999938964844
2021-01-21,356.7829284667969,315.962890625,199.03208923339844,63.637027740478516,49.85618209838867,127.08223724365234,175.27999877929688
2021-01-22,355.5201110839844,315.0527648925781,201.34519958496094,63.333641052246094,49.42242431640625,127.49354553222656,173.89999389648438
2021-01-25,356.9222106933594,317.6570739746094,201.1485595703125,63.257774353027344,49.794219970703125,128.9961700439453,174.0500030517578
2021-01-26,356.3650207519531,318.121826171875,199.75315856933594,63.35048294067383,49.431270599365234,128.75270080566406,173.6199951171875
2021-01-27,347.65533447265625,309.25360107421875,196.0915069580078,61.90094757080078,48.059165954589844,129.0801239013672,172.52000427246094
2021-01-28,350.6452941894531,311.0833435058594,195.4640350341797,62.29704284667969,48.39555740356445,128.3665313720703,172.67999267578125
2021-01-29,343.62548828125,304.53875732421875,192.50473022460938,61.00760269165039,47.19164276123047,127.59429931640625,172.61000061035156
2021-02-01,349.3453063964844,312.14837646484375,197.23406982421875,61.732383728027344,48.46636962890625,127.74222564697266,174.22999572753906
2021-02-02,354.28509521484375,317.2408142089844,200.04345703125,62.356021881103516,49.09488296508789,126.9186019897461,172.11000061035156
2021-02-03,354.56365966796875,315.9822692871094,200.642822265625,62.507713317871094,49.34275436401367,125.79249572753906,171.85000610351562
2021-02-04,358.593505859375,319.7192687988281,204.7353057861328,62.57514190673828,49.36045837402344,125.45630645751953,168.14999389648438
2021-02-05,360.0049743652344,320.8035583496094,207.57286071777344,62.96282196044922,49.785362243652344,124.40574645996094,169.80999755859375
2021-02-08,362.60491943359375,322.9527893066406,212.87338256835938,63.40106964111328,49.87388610839844,124.95205688476562,171.52000427246094
2021-02-09,362.3634338378906,322.8850402832031,213.8754425048828,63.74658966064453,50.405025482177734,125.04448699951172,172.0800018310547
2021-02-10,362.2055358886719,322.1492919921875,212.47068786621094,63.52744674682617,50.58208084106445,125.87649536132812,172.7100067138672
2021-02-11,362.7905578613281,323.9208984375,212.2272491455078,63.957275390625,51.12206268310547,125.18739318847656,171.2100067138672
2021-02-12,364.5826416015625,325.7314147949219,212.82659912109375,64.31124114990234,51.16632843017578,123.63261413574219,170.69000244140625
2021-02-16,364.26690673828125,324.8504333496094,211.4874267578125,64.7747573852539,51.29025650024414,121.75006866455078,168.24000549316406
2021-02-17,364.3505554199219,323.2915954589844,209.82981872558594,64.39552307128906,51.30796813964844,122.52330017089844,166.3300018310547
2021-02-18,362.7998352050781,321.878173828125,206.58021545410156,64.07526397705078,50.59977722167969,122.02738952636719,166.32000732421875
2021-02-19,362.15911865234375,320.4743347167969,210.88804626464844,64.26067352294922,50.92731857299805,120.40538024902344,167.00999450683594
2021-02-22,359.37353515625,312.1677551269531,209.52081298828125,64.10055541992188,49.431270599365234,119.48936462402344,169.50999450683594
2021-02-23,359.8099060058594,311.23834228515625,207.67587280273438,64.1595458984375,49.65258026123047,119.14480590820312,169.1199951171875
2021-02-24,363.7748718261719,313.803955078125,212.58306884765625,64.36182403564453,49.333900451660156,118.36322784423828,169.0
2021-02-25,355.00933837890625,302.8638916015625,204.7259063720703,63.26620864868164,48.20965576171875,116.43024444580078,165.82000732421875
2021-02-26,353.1801452636719,304.1321716308594,204.44500732421875,62.37288284301758,47.563438415527344,120.27934265136719,161.80999755859375
2021-03-01,361.7413330078125,313.2811279296875,211.712158203125,63.544334411621094,48.838165283203125,118.69075012207031,161.52999877929688
2021-03-02,358.9186096191406,308.2565002441406,207.63841247558594,63.476905822753906,48.360137939453125,118.69916534423828,162.41000366210938
2021-03-03,354.1644592285156,299.310791015625,205.3908233642578,63.089229583740234,48.26277542114258,117.41183471679688,160.6199951171875
2021-03-04,349.78173828125,294.4119873046875,199.65017700195312,62.49087905883789,47.13853073120117,116.65455627441406,159.0399932861328
2021-03-05,356.21649169921875,298.8460693359375,203.88308715820312,62.89540481567383,47.65195846557617,116.8816909790039,159.13999938964844
2021-03-08,354.4430236816406,290.384521484375,204.84765625,62.67628479003906,46.368377685546875,115.97300720214844,157.49000549316406
2021-03-09,359.5035400390625,301.8376770019531,209.155517578125,63.5190544128418,47.386390686035156,117.58010864257812,160.83999633789062
2021-03-10,361.7413330078125,300.9759826660156,212.78912353515625,63.788719177246094,47.17393493652344,117.815673828125,161.66000366210938
2021-03-11,365.4090270996094,307.90789794921875,217.47154235839844,64.12582397460938,48.66112518310547,116.96586608886719,161.52000427246094
2021-03-12,365.9011535644531,305.4100341796875,218.75454711914062,64.28595733642578,47.793601989746094,114.48369598388672,161.49000549316406
2021-03-15,368.08331298828125,308.67266845703125,219.53182983398438,64.33651733398438,47.9086799621582,115.1568374633789,162.1999969482422
2021-03-16,367.6189880371094,310.3670349121094,215.8607940673828,64.44608306884766,48.112274169921875,114.69403076171875,162.35000610351562
2021-03-17,368.8725280761719,311.64495849609375,217.55587768554688,64.82532501220703,48.17424011230469,113.83575439453125,163.50999450683594
2021-03-18,363.50555419921875,302.0990295410156,210.93484497070312,64.23538970947266,47.28901672363281,112.68299102783203,162.55999755859375
2021-03-19,362.8329772949219,303.1640930175781,212.52688598632812,64.41236877441406,47.873268127441406,113.38142395019531,163.24000549316406
2021-03-22,365.73016357421875,308.8493347167969,210.9254913330078,64.47136688232422,47.731632232666016,114.65194702148438,163.0
2021-03-23,362.8515625,307.5019836425781,203.27438354492188,63.578033447265625,46.81983947753906,115.68689727783203,161.80999755859375
2021-03-24,361.00701904296875,302.3158264160156,198.57321166992188,63.257774353027344,45.748714447021484,116.3095474243164,162.3699951171875
2021-03-25,363.0378723144531,301.7923278808594,203.28135681152344,63.72974395751953,45.96116638183594,115.39242553710938,161.77999877929688
2021-03-26,368.8882751464844,306.3193359375,206.9874267578125,64.55564880371094,47.156227111816406,114.98853302001953,162.24000549316406
2021-03-29,368.7018737792969,306.23199462890625,201.16090393066406,64.30281066894531,46.828697204589844,114.01248168945312,160.30999755859375
2021-03-30,367.7237243652344,304.6907653808594,204.54800415039062,64.21853637695312,46.97918701171875,114.60990905761719,157.57000732421875
2021-03-31,369.2142639160156,309.35345458984375,207.29705810546875,63.940433502197266,47.21820068359375,113.97040557861328,159.9600067138672
2021-04-01,373.2014465332031,314.626708984375,209.9241485595703,64.7747573852539,47.67851257324219,115.86198425292969,161.97999572753906
2021-04-05,378.5580749511719,320.9082336425781,211.07818603515625,65.71865844726562,47.864418029785156,115.35645294189453,161.9199981689453
2021-04-06,378.3345031738281,320.6852722167969,210.45896911621094,65.0191650390625,48.12998962402344,116.14004516601562,163.22000122070312
2021-04-07,378.77227783203125,321.460693359375,207.06248474121094,65.15399932861328,47.42180252075195,115.33113861083984,162.75999450683594
2021-04-08,380.57025146484375,324.8147277832031,208.81704711914062,65.52482604980469,47.81129455566406,116.2832260131836,164.50999450683594
2021-04-09,383.337158203125,326.7825927734375,208.8451385498047,65.72708892822266,47.40409469604492,115.86198425292969,163.27000427246094
2021-04-12,383.4768371582031,326.3560485839844,208.02886962890625,65.36468505859375,47.120826721191406,115.81143188476562,162.27999877929688
2021-04-13,384.6133728027344,330.16571044921875,207.48471069335938,65.74393463134766,47.31557846069336,116.67924499511719,163.42999267578125
2021-04-14,383.2998352050781,326.2008972167969,209.5300750732422,65.79450988769531,47.55458450317383,116.30856323242188,162.72000122070312
2021-04-15,387.41748046875,331.144775390625,210.44017028808594,66.3423080444336,47.98834228515625,118.25489807128906,165.35000610351562
2021-04-16,388.7122802734375,331.5324401855469,210.77793884277344,66.82266998291016,48.112274169921875,117.33647918701172,166.35000610351562
2021-04-19,386.8025817871094,328.4983825683594,208.0382537841797,66.7046890258789,47.93523025512695,116.99940490722656,165.88999938964844
2021-04-20,383.9705505371094,326.10406494140625,203.77865600585938,65.50796508789062,47.54573059082031,117.53868103027344,166.47999572753906
2021-04-21,387.6037902832031,328.89581298828125,208.76071166992188,66.18217468261719,47.83786392211914,117.7746353149414,168.1300048828125
2021-04-22,384.0636901855469,324.93115234375,207.89755249023438,65.96305084228516,47.66966247558594,118.28857421875,167.0399932861328
2021-04-23,388.22784423828125,329.0218200683594,211.81942749023438,66.63727569580078,48.360137939453125,118.0105209350586,166.39999389648438
2021-04-26,389.03826904296875,331.1642150878906,214.02432250976562,66.68783569335938,48.4221076965332,117.84202575683594,166.83999633789062
2021-04-27,388.9544677734375,329.72943115234375,214.34332275390625,66.46871185302734,48.39555740356445,116.81410217285156,166.4199981689453
2021-04-28,388.8427429199219,328.61468505859375,214.70924377441406,66.63727569580078,48.75849533081055,116.88992309570312,166.91000366210938
2021-04-29,391.32080078125,329.79730224609375,213.9116973876953,66.66255187988281,48.6434211730957,116.54448699951172,166.22000122070312
2021-04-30,388.7494201660156,327.6356506347656,211.00314331054688,65.8282241821289,47.78474426269531,116.81410217285156,165.66000366210938
2021-05-03,389.58807373046875,325.8907470703125,212.03521728515625,66.5530014038086,47.78474426269531,116.88414001464844,167.80999755859375
2021-05-04,387.1845397949219,320.026123046875,209.50193786621094,65.56695556640625,47.244754791259766,117.67731475830078,166.5800018310547
2021-05-05,387.3055725097656,318.95001220703125,208.6669158935547,66.46028137207031,47.466068267822266,117.87141418457031,167.27000427246094
2021-05-06,390.3984375,321.3541564941406,208.8451385498047,67.00807189941406,47.91752624511719,118.0654525756836,170.05999755859375
2021-05-07,393.2397766113281,323.9617614746094,211.47227478027344,67.76657104492188,48.41326141357422,117.48320007324219,171.58999633789062
2021-05-10,389.34588623046875,315.7803039550781,206.0960693359375,67.4041748046875,47.54573059082031,116.2934341430664,172.11000061035156
2021-05-11,385.87103271484375,315.3440246582031,205.4393310546875,66.519287109375,47.41294479370117,115.63529205322266,172.13999938964844
2021-05-12,377.6730651855469,307.1820373535156,198.76840209960938,65.4573974609375,46.102806091308594,114.42023468017578,170.42999267578125
2021-05-13,382.2098388671875,309.556884765625,202.4275360107422,65.94620513916016,46.04084014892578,114.59736633300781,171.1300048828125
2021-05-14,388.0788879394531,316.3909912109375,207.37213134765625,67.05021667480469,46.872962951660156,115.66899871826172,172.69000244140625
2021-05-17,387.0913391113281,314.4716796875,207.65359497070312,66.9238052368164,46.828697204589844,115.42433166503906,174.6999969482422
2021-05-18,383.7563171386719,312.3487854003906,206.07733154296875,67.06707763671875,47.45720672607422,115.12902069091797,175.0399932861328
2021-05-19,382.7501525878906,312.70745849609375,204.49168395996094,66.47714233398438,47.31557846069336,114.85054016113281,175.16000366210938
2021-05-20,386.8677978515625,318.7562255859375,205.8521270751953,67.35360717773438,47.589988708496094,115.79560089111328,175.9600067138672
2021-05-21,386.5510559082031,316.9920349121094,206.386962890625,67.44631958007812,47.04115295410156,116.16690826416016,176.0399932861328
2021-05-24,390.49163818359375,322.3235168457031,207.72860717773438,67.8592758178711,47.43065643310547,116.59718322753906,176.35000610351562
2021-05-25,389.6252746582031,322.7693786621094,205.72079467773438,67.87612915039062,47.89982604980469,117.67731475830078,177.9499969482422
2021-05-26,390.3984375,323.893798828125,209.55825805664062,67.833984375,48.2539176940918,117.47476959228516,177.63999938964844
2021-05-27,390.60345458984375,322.68212890625,211.71621704101562,67.96041107177734,48.26277542114258,117.00222778320312,177.7100067138672
2021-05-28,391.3021545410156,323.6999206542969,211.57546997070312,68.12054443359375,48.572601318359375,116.81660461425781,178.3800048828125
2021-06-01,390.95745849609375,322.6239929199219,213.97740173339844,68.36492156982422,49.57291030883789,116.7903823852539,177.89999389648438
2021-06-02,391.5722961425781,323.2541198730469,214.23074340820312,68.59248352050781,49.65258026123047,117.0608139038086,178.77000427246094
2021-06-03,390.1189880371094,319.8903503417969,212.43865966796875,68.25537872314453,49.121437072753906,116.62139129638672,175.27000427246094
2021-06-04,393.68701171875,325.31884765625,213.35818481445312,68.83687591552734,49.564056396484375,118.21849822998047,177.16000366210938
2021-06-07,393.3050231933594,326.2882385253906,216.2198486328125,69.06441497802734,49.316192626953125,117.85517120361328,177.8699951171875
2021-06-08,393.3888244628906,326.4433288574219,218.5091552734375,69.03072357177734,49.077178955078125,118.68324279785156,177.32000732421875
2021-06-09,392.8019714355469,326.52081298828125,217.0548553466797,68.84529113769531,48.935543060302734,119.7311019897461,176.97999572753906
2021-06-10,394.6278991699219,329.92333984375,215.44522094726562,69.03495788574219,49.32763671875,120.44940185546875,177.74000549316406
2021-06-11,395.2799987792969,330.7860412597656,217.7191925048828,69.197265625,49.15871047973633,120.25495147705078,175.74000549316406
2021-06-14,396.1650085449219,333.9559020996094,217.08021545410156,69.31687927246094,49.29207992553711,119.33393859863281,174.7100067138672
2021-06-15,395.4383239746094,331.77484130859375,216.46006774902344,69.40230560302734,48.954219818115234,119.19027709960938,174.0500030517578
2021-06-16,393.2303466796875,330.5632019042969,215.99960327148438,68.97515106201172,48.287384033203125,119.0888900756836,171.11000061035156
2021-06-17,393.10003662109375,334.7604675292969,213.57528686523438,68.49674987792969,48.55411911010742,120.87184143066406,165.85000610351562
2021-06-18,387.7969665527344,332.1335144042969,208.7266387939453,67.07864379882812,48.21626281738281,123.14501190185547,164.92999267578125
2021-06-21,393.3487243652344,334.19769287109375,213.1900177001953,67.95855712890625,48.420753479003906,121.08311462402344,166.9499969482422
2021-06-22,395.4516296386719,337.3129577636719,214.1579132080078,67.96707916259766,48.19847106933594,121.37892150878906,166.25
2021-06-23,394.9750061035156,337.47796630859375,214.8626708984375,67.53141784667969,48.49187469482422,121.06621551513672,166.13999938964844
2021-06-24,397.3115234375,339.56451416015625,217.89776611328125,68.18067169189453,48.93642807006836,121.26058197021484,166.0399932861328
2021-06-25,398.7227783203125,339.1471862792969,218.26419067382812,68.32589721679688,49.34542465209961,120.00148010253906,166.58999633789062
2021-06-28,399.5266418457031,343.2717590332031,216.53526306152344,67.89021301269531,49.38987350463867,121.23523712158203,166.5800018310547
2021-06-29,399.7415771484375,344.5140075683594,215.50157165527344,67.90730285644531,49.354312896728516,121.43798828125,164.8300018310547
2021-06-30,400.0779724121094,343.97039794921875,215.52980041503906,67.38618469238281,49.03423309326172,121.9788818359375,165.6300048828125
2021-07-01,402.29315185546875,344.10638427734375,217.4279022216797,67.54850006103516,48.758609771728516,121.98560333251953,166.1999969482422
2021-07-02,405.3680114746094,348.0563049316406,215.3606719970703,67.7791519165039,48.70526885986328,122.72175598144531,167.2899932861328
2021-07-06,404.62969970703125,349.560546875,212.2316131591797,67.33491516113281,47.851722717285156,124.16018676757812,168.1199951171875
2021-07-07,406.0596618652344,350.2981872558594,210.25830078125,67.70228576660156,47.79837417602539,125.26009368896484,168.75999450683594
2021-07-08,402.7510681152344,348.1824951171875,208.32261657714844,66.83090209960938,46.80257797241211,125.75084686279297,168.64999389648438
2021-07-09,407.0503234863281,350.3563537597656,212.72021484375,67.96707916259766,47.611663818359375,123.98248291015625,169.2100067138672
2021-07-12,408.5084533691406,351.72479248046875,212.8987274169922,68.25755310058594,47.65612030029297,123.82173919677734,169.0
2021-07-13,407.1158142089844,351.72479248046875,208.8863983154297,67.89875030517578,47.70058059692383,122.87408447265625,169.22000122070312
2021-07-14,407.72332763671875,352.3555603027344,205.66334533691406,68.05252838134766,47.905067443847656,124.27017211914062,171.0399932861328
2021-07-15,406.3307189941406,349.8808288574219,204.4981689453125,67.40325927734375,48.02064895629883,125.64086151123047,171.07000732421875
2021-07-16,403.1435241699219,347.04705810546875,201.97988891601562,66.90778350830078,47.6472282409668,125.40397644042969,169.41000366210938
2021-07-19,397.1900329589844,344.2034912109375,198.95419311523438,65.6947021484375,46.84702682495117,128.1538848876953,169.61000061035156
2021-07-20,402.8819274902344,348.2018737792969,205.12774658203125,66.173095703125,46.99818420410156,126.91854858398438,169.38999938964844
2021-07-21,406.143798828125,350.89013671875,208.660888671875,67.18116760253906,47.30047607421875,125.3108901977539,168.75999450683594
2021-07-22,406.9942626953125,353.2096252441406,205.34385681152344,67.206787109375,47.38938522338867,126.49543762207031,169.08999633789062
2021-07-23,411.181396484375,357.3341979980469,206.30233764648438,67.67664337158203,46.68699264526367,125.64932250976562,168.55999755859375
2021-07-26,412.1907958984375,357.6155700683594,206.90370178222656,67.77062225341797,45.79788589477539,125.27698516845703,168.16000366210938
2021-07-27,410.31219482421875,353.6755065917969,204.48880004882812,67.49724578857422,44.87321853637695,126.61388397216797,168.44000244140625
2021-07-28,410.14398193359375,355.0340881347656,207.4957275390625,67.78768920898438,46.09129333496094,126.62234497070312,169.2899932861328
2021-07-29,411.8450927734375,355.6649475097656,209.09310913085938,68.25755310058594,46.32246398925781,125.92007446289062,171.1699981689453
2021-07-30,409.8449401855469,353.81121826171875,207.71180725097656,67.90730285644531,45.877906799316406,126.51237487792969,169.82000732421875
2021-08-02,408.98504638671875,353.8404541015625,206.67816162109375,68.24901580810547,46.206878662109375,127.64080047607422,169.61000061035156
2021-08-03,412.3123474121094,355.9851379394531,207.5332794189453,68.7359619140625,46.4024772644043,127.70857238769531,169.49000549316406
2021-08-04,410.2841796875,356.4994201660156,204.94921875,68.53091430664062,46.64253234863281,127.97119903564453,169.52999877929688
2021-08-05,412.8824157714844,358.7607727050781,208.6326904296875,68.86409759521484,46.571407318115234,127.31884002685547,168.86000061035156
2021-08-06,413.564697265625,357.1885986328125,209.91062927246094,68.6078109741211,46.18020248413086,125.19252014160156,164.63999938964844
2021-08-09,413.2283020019531,357.8485412597656,208.75486755371094,68.57364654541016,46.33134841918945,124.74346923828125,161.72000122070312
2021-08-10,413.7423400878906,356.0142822265625,209.1682891845703,68.72740936279297,46.393592834472656,124.16741943359375,161.77000427246094
2021-08-11,414.7705078125,355.40289306640625,210.19248962402344,69.197265625,46.51806640625,124.09115600585938,164.0
2021-08-12,416.0134582519531,356.6839294433594,209.69451904296875,69.13746643066406,46.109073638916016,123.88788604736328,164.0399932861328
2021-08-13,416.7705993652344,357.9358825683594,207.7870330810547,69.55607604980469,45.993492126464844,125.8448486328125,166.38999938964844
2021-08-16,417.75189208984375,358.0911865234375,205.85130310058594,69.197265625,45.57560729980469,126.1498031616211,167.22000122070312
2021-08-17,415.013427734375,354.9371032714844,203.3424072265625,68.54801940917969,44.739845275878906,126.09896087646484,166.97000122070312
2021-08-18,410.4710998535156,351.52099609375,201.56646728515625,68.28317260742188,44.810970306396484,126.5225601196289,167.10000610351562
2021-08-19,411.1066589355469,353.2193298339844,199.1515350341797,67.6082992553711,44.04634475708008,127.45439147949219,166.61000061035156
2021-08-20,414.37786865234375,356.8780517578125,202.51547241210938,67.87312316894531,44.010780334472656,127.53919219970703,166.6999969482422
2021-08-23,418.0229797363281,362.2156982421875,206.3681182861328,68.50529479980469,44.677616119384766,127.45439147949219,168.72999572753906
2021-08-24,418.6865539550781,363.3221130371094,208.39779663085938,68.6505355834961,45.69118881225586,126.46322631835938,168.64999389648438
2021-08-25,419.5650329589844,363.73944091796875,209.1307373046875,68.67615509033203,45.744537353515625,125.4127426147461,167.47999572753906
2021-08-26,417.08831787109375,361.4295959472656,206.91305541992188,68.31735229492188,45.30887222290039,125.76007843017578,167.6699981689453
2021-08-27,420.8174743652344,364.94281005859375,212.74839782714844,68.94098663330078,45.86901092529297,126.61569213867188,170.19000244140625
2021-08-30,422.6680603027344,369.03826904296875,211.87449645996094,68.92390441894531,45.96681213378906,126.94609069824219,169.35000610351562
2021-08-31,422.0419921875,368.73748779296875,212.28794860839844,68.88972473144531,46.59808349609375,126.08199310302734,169.69000244140625
2021-09-01,422.2661437988281,369.3487854003906,213.71624755859375,69.51335144042969,47.193782806396484,126.29326629638672,169.6999969482422
2021-09-02,423.5652160644531,369.1741027832031,215.20091247558594,69.79527282714844,46.980403900146484,126.8445816040039,169.25
2021-09-03,423.46246337890625,370.3096008300781,214.2048797607422,70.11136627197266,47.22934341430664,125.6910171508789,171.05999755859375
2021-09-07,421.9483947753906,370.83367919921875,212.72959899902344,70.1626205444336,47.50497055053711,124.63068389892578,167.7100067138672
2021-09-08,421.4343566894531,369.5429382324219,210.40867614746094,69.60733032226562,46.81147003173828,125.47893524169922,167.2899932861328
2021-09-09,419.6304931640625,368.2715759277344,210.30532836914062,69.48772430419922,46.722557067871094,126.99724578857422,168.02999877929688
2021-09-10,416.3219299316406,365.4764709472656,208.24742126464844,69.33395385742188,46.66920852661133,125.8775634765625,167.17999267578125
2021-09-13,417.38739013671875,365.22418212890625,209.43141174316406,69.8807144165039,46.7936897277832,126.64098358154297,167.74000549316406
2021-09-14,415.1348571777344,364.1858825683594,206.76278686523438,69.59026336669922,46.4024772644043,128.1763153076172,168.82000732421875
2021-09-15,418.6024475097656,366.8934326171875,208.6326904296875,69.79527282714844,46.393592834472656,127.72677612304688,167.8300018310547
2021-09-16,417.9388427734375,367.14581298828125,208.78305053710938,69.68421936035156,45.86901092529297,127.14143371582031,164.02999877929688
2021-09-17,413.86767578125,362.7979431152344,209.05555725097656,68.77013397216797,45.67340850830078,126.53076171875,163.77000427246094
2021-09-20,406.966796875,355.3014221191406,204.08477783203125,67.49724578857422,44.44644546508789,128.09999084472656,164.94000244140625
2021-09-21,406.58233642578125,355.73870849609375,204.3948211669922,68.16358184814453,44.775413513183594,127.9897232055664,166.0399932861328
2021-09-22,410.54852294921875,359.06134033203125,207.57086181640625,68.50529479980469,45.33555221557617,128.75311279296875,165.4199981689453
2021-09-23,415.5367126464844,362.3744812011719,211.24493408203125,69.2485122680664,45.69118881225586,125.84365844726562,163.50999450683594
2021-09-24,416.22113037109375,362.7144775390625,210.22607421875,68.59927368164062,45.148834228515625,124.61376190185547,163.3000030517578
2021-09-27,415.0303649902344,359.8192443847656,213.4212188720703,68.55655670166016,45.44224548339844,124.15567016601562,163.63999938964844
2021-09-28,406.66668701171875,349.63720703125,208.56729125976562,67.0615463256836,44.855430603027344,122.22173309326172,162.0500030517578
2021-09-29,407.3512268066406,349.06396484375,208.1243438720703,66.90778350830078,44.43754577636719,122.4337158203125,161.32000732421875
2021-09-30,402.3724060058594,347.78155517578125,206.17330932617188,66.64295959472656,44.79319763183594,122.4168472290039,164.22000122070312
2021-10-01,407.1542663574219,349.9383544921875,209.5003662109375,66.8052749633789,44.748741149902344,123.4470443725586,164.58999633789062
2021-10-04,401.9036865234375,342.5933837890625,207.59652709960938,66.10474395751953,44.09080123901367,123.13282012939453,165.36000061035156
2021-10-05,406.08538818359375,347.218017578125,208.3128204345703,66.55752563476562,44.4019889831543,121.94376373291016,164.58999633789062
2021-10-06,407.7730407714844,349.44293212890625,207.2289276123047,66.11329650878906,44.153038024902344,122.63172149658203,165.02999877929688
2021-10-07,411.2985534667969,352.6490783691406,210.4239959716797,66.6258773803711,45.01546859741211,121.34927368164062,164.16000366210938
2021-10-08,410.54852294921875,350.89056396484375,208.84063720703125,66.6173324584961,45.18440628051758,120.49990844726562,164.22999572753906
2021-10-11,407.57623291015625,348.1993103027344,207.6436004638672,66.40376281738281,45.09549331665039,120.19416809082031,163.9199981689453
2021-10-12,406.5729064941406,346.98486328125,208.7840576171875,66.43792724609375,44.864322662353516,122.24954223632812,164.66000366210938
2021-10-13,408.0356140136719,349.7635192871094,209.773681640625,67.0957260131836,45.48670196533203,123.43855285644531,167.58999633789062
2021-10-14,414.8990478515625,356.20501708984375,212.88397216796875,67.76206970214844,45.628963470458984,123.89720916748047,168.0
2021-10-15,418.058837890625,358.4492492675781,212.2147674560547,68.32589721679688,46.18020248413086,123.17525482177734,165.3300018310547
2021-10-18,419.2965393066406,362.0538330078125,212.09226989746094,68.03543853759766,46.06461715698242,123.75276947021484,164.9199981689453
2021-10-19,422.53125,364.7936096191406,212.88397216796875,68.44550323486328,46.678104400634766,122.04572296142578,165.4499969482422
2021-10-20,424.19091796875,364.317626953125,214.2977294921875,68.68470001220703,46.66920852661133,121.22186279296875,166.89999389648438
2021-10-21,425.2972412109375,366.5424499511719,214.8444061279297,68.36007690429688,46.36691665649414,121.07743835449219,166.75
2021-10-22,424.85662841796875,363.4625549316406,214.33543395996094,68.77013397216797,46.26911926269531,122.41088104248047,167.77000427246094
2021-10-25,427.1350402832031,367.1837158203125,216.37124633789062,68.63343811035156,46.50917053222656,122.22399139404297,168.92999267578125
2021-10-26,427.5194396972656,368.3398742675781,214.74070739746094,68.77013397216797,46.26911926269531,123.23468017578125,167.67999267578125
2021-10-27,425.6255187988281,369.1947937011719,210.79161071777344,68.49674987792969,45.89568328857422,125.47683715820312,168.1199951171875
2021-10-28,429.7322692871094,373.2948303222656,214.9951934814453,69.16309356689453,45.94013977050781,125.05221557617188,168.0800018310547
2021-10-29,430.6043395996094,375.1310729980469,214.93861389160156,68.76158905029297,45.2733154296875,125.4344253540039,166.64999389648438
2021-11-01,431.3450012207031,376.4134826660156,220.5088348388672,69.42793273925781,45.628963470458984,124.53128051757812,167.52000427246094
2021-11-02,433.0889892578125,377.98748779296875,220.97067260742188,69.28269958496094,45.219966888427734,125.08399963378906,167.16000366210938
2021-11-03,435.7331237792969,382.00006103515625,224.9197540283203,69.8465347290039,45.433353424072266,123.79144287109375,165.77000427246094
2021-11-04,437.7864074707031,386.896728515625,224.8349609375,69.80382537841797,45.326656341552734,125.092529296875,167.64999389648438
2021-11-05,439.305419921875,387.2659606933594,227.9075164794922,69.90632629394531,45.2733154296875,126.96336364746094,169.83999633789062
2021-11-08,439.6805114746094,386.7412414550781,228.6143798828125,69.89777374267578,45.69118881225586,126.72528839111328,170.4499969482422
2021-11-09,438.2271728515625,384.0791320800781,227.28543090820312,69.74401092529297,45.51336669921875,128.3750457763672,171.2899932861328
2021-11-10,434.70172119140625,378.4343566894531,223.70394897460938,68.89827728271484,45.326656341552734,126.0279541015625,173.14999389648438
2021-11-11,434.84228515625,379.48370361328125,225.50411987304688,69.1460189819336,46.109073638916016,125.84087371826172,174.1199951171875
2021-11-12,438.12396240234375,383.4768371582031,225.73031616210938,69.52189636230469,46.233551025390625,125.28815460205078,174.4499969482422
2021-11-15,438.2740173339844,383.3893737792969,224.8349609375,69.39376068115234,46.0823974609375,123.7149429321289,174.17999267578125
2021-11-16,440.0086669921875,386.1194763183594,225.24966430664062,69.239990234375,46.1446418762207,123.4002914428711,172.9199981689453
2021-11-17,438.9397888183594,386.3235168457031,222.2996063232422,69.15455627441406,45.90458297729492,124.37820434570312,174.5
2021-11-18,440.4306335449219,390.32635498046875,221.35711669921875,69.22289276123047,45.34444046020508,124.84588623046875,173.94000244140625
2021-11-19,439.6429748535156,392.502685546875,219.34011840820312,68.63343811035156,45.2733154296875,126.16403198242188,172.61000061035156
2021-11-22,438.4052734375,387.9460144042969,218.4070587158203,68.23192596435547,44.90877151489258,124.684326171875,168.74000549316406
2021-11-23,438.98663330078125,386.1778259277344,218.0300750732422,68.16358184814453,44.864322662353516,122.8815689086914,167.27999877929688
2021-11-24,440.1587219238281,387.42144775390625,218.26571655273438,67.71080780029297,44.80208969116211,124.85445404052734,167.1199951171875
2021-11-26,430.34173583984375,380.0763244628906,210.03761291503906,65.89118194580078,43.29949188232422,128.0093994140625,166.85000610351562
2021-11-29,435.6205749511719,388.324951171875,209.90565490722656,66.2243423461914,43.46842575073242,126.98041534423828,166.6199951171875
2021-11-30,427.1444396972656,382.6217956542969,205.6266326904297,65.64342498779297,43.42397689819336,128.91073608398438,165.5
2021-12-01,422.4000244140625,376.1123352050781,200.9989471435547,65.26753997802734,43.584014892578125,129.70608520507812,166.16000366210938
2021-12-02,428.86968994140625,378.82305908203125,206.60687255859375,66.07913208007812,44.11747360229492,129.86782836914062,165.24000549316406
2021-12-03,425.1379089355469,372.23583984375,202.36563110351562,65.80574035644531,43.49509811401367,131.41738891601562,166.6300048828125
2021-12-06,430.1729736328125,375.21856689453125,206.42779541015625,66.43792724609375,43.83295822143555,129.6123809814453,166.22000122070312
2021-12-07,439.07098388671875,386.517822265625,211.2157440185547,67.83897399902344,44.52647018432617,128.56515502929688,166.80999755859375
2021-12-08,440.23370361328125,388.2472229003906,212.6577606201172,67.96707916259766,44.704280853271484,126.3429183959961,166.89999389648438
2021-12-09,437.261474609375,382.5344543457031,207.841552734375,67.40325927734375,44.49089813232422,127.04961395263672,165.8800048828125
2021-12-10,441.3775939941406,386.6927185058594,207.2666015625,67.54850006103516,44.52647018432617,126.74303436279297,166.5800018310547
2021-12-13,437.4676818847656,381.106201171875,204.23770141601562,66.9157485961914,43.8203239440918,128.6161346435547,167.0
2021-12-14,434.4578857421875,377.16168212890625,202.4792938232422,66.55941009521484,43.72112274169922,128.30972290039062,165.44000244140625
2021-12-15,441.24627685546875,385.7599792480469,205.69354248046875,67.46332550048828,43.5948600769043,127.07513427734375,166.14999389648438
2021-12-16,437.355224609375,375.8402404785156,201.53392028808594,67.47200775146484,43.64897537231445,127.12455749511719,168.16000366210938
2021-12-17,432.70050048828125,373.9652404785156,203.3867950439453,66.62025451660156,43.43253707885742,128.5651397705078,167.8000030517578
2021-12-20,428.0993957519531,370.33758544921875,200.53182983398438,66.47250366210938,42.783206939697266,127.6019058227539,167.08999633789062
2021-12-21,435.7019958496094,378.6259460449219,206.2607879638672,67.21127319335938,43.50468063354492,127.11602783203125,167.02000427246094
2021-12-22,440.0584411621094,383.2370300292969,208.2460174560547,67.8370590209961,43.71210479736328,127.70423126220703,168.58999633789062
2021-12-23,442.7964782714844,386.126220703125,209.90989685058594,68.23686981201172,43.937564849853516,126.5960922241211,168.97000122070312
2021-12-27,449.0631408691406,392.50787353515625,211.8762664794922,68.76704406738281,44.13596725463867,126.9029769897461,169.3699951171875
2021-12-28,448.6960754394531,390.6886291503906,210.58108520507812,68.7931137084961,43.991668701171875,126.40003204345703,168.63999938964844
2021-12-29,449.2700500488281,390.63037109375,210.80799865722656,68.76704406738281,43.793270111083984,125.01920318603516,168.58999633789062
2021-12-30,448.028076171875,389.46295166015625,210.75125122070312,68.58676147460938,44.294960021972656,126.06761169433594,169.8000030517578
2021-12-31,446.89892578125,387.03094482421875,210.2974853515625,68.52578735351562,44.078399658203125,126.31485748291016,170.9600067138672
2022-01-03,449.4864807128906,390.7567443847656,213.01071166992188,68.96997833251953,44.39421463012695,122.99901580810547,168.3300018310547
2022-01-04,449.3359069824219,385.6884765625,212.6892547607422,69.36190032958984,44.24081802368164,122.48759460449219,169.57000732421875
2022-01-05,440.7077331542969,373.8397216796875,205.48558044433594,68.75224304199219,43.51896667480469,121.82275390625,169.05999755859375
2022-01-06,440.293701171875,373.5770263671875,206.65780639648438,68.40386199951172,43.71747970581055,122.13809967041016,166.99000549316406
2022-01-07,438.5530090332031,369.5301513671875,204.26602172851562,68.60417938232422,44.114498138427734,121.2601547241211,167.75
2022-01-10,438.0072937011719,369.7734069824219,203.55697631835938,67.96839904785156,44.114498138427734,121.55850982666016,168.25999450683594
2022-01-11,441.99676513671875,375.328125,205.72189331054688,68.70868682861328,45.13412094116211,122.36820983886719,170.2899932861328
2022-01-12,443.19171142578125,376.8164978027344,204.19041442871094,69.37931060791016,45.8830451965332,121.89947509765625,170.74000549316406
2022-01-13,437.08514404296875,367.38995361328125,202.3185577392578,68.87417602539062,45.233375549316406,122.98200225830078,170.16000366210938
2022-01-14,437.2639465332031,369.6761169433594,202.60215759277344,68.80449676513672,45.21533203125,121.12376403808594,169.6699981689453
2022-01-18,429.5201416015625,360.47332763671875,196.4761505126953,67.79420471191406,44.412261962890625,119.41899871826172,169.38999938964844
2022-01-19,425.06024169921875,356.5140380859375,193.2808380126953,67.73323059082031,44.601749420166016,120.24584197998047,172.0800018310547
2022-01-20,420.3556213378906,351.8834533691406,189.782958984375,67.40229034423828,44.863426208496094,120.98741912841797,171.64999389648438
2022-01-21,412.103759765625,342.126220703125,186.2283477783203,66.48779296875,44.2137451171875,122.42796325683594,171.08999633789062
2022-01-24,413.8538818359375,343.69244384765625,190.52032470703125,65.82586669921875,43.59114456176758,121.422119140625,172.02999877929688
2022-01-25,408.80108642578125,335.72509765625,187.977294921875,65.42523193359375,43.509944915771484,121.22607421875,172.5800018310547
2022-01-26,407.7755126953125,335.1997985839844,185.26409912109375,65.17265319824219,42.95952224731445,119.75997161865234,169.7899932861328
2022-01-27,405.7618713378906,331.82421875,181.05718994140625,64.86784362792969,42.463253021240234,121.95914459228516,167.60000610351562
2022-01-28,415.83917236328125,342.233154296875,184.58343505859375,65.0855712890625,42.670780181884766,122.00170135498047,167.10000610351562
2022-01-31,423.3289794921875,353.1772766113281,190.2461700439453,66.03490447998047,44.06938171386719,121.3709716796875,168.08999633789062
2022-02-01,426.18927001953125,355.5801086425781,192.2504119873047,66.66197967529297,44.3400764465332,120.96809387207031,168.22999572753906
2022-02-02,430.329345703125,358.4693298339844,190.3407440185547,67.15843200683594,44.267887115478516,121.3777847290039,168.83999633789062
2022-02-03,420.2144775390625,343.9356384277344,186.7388458251953,66.09586334228516,43.798683166503906,120.43035888671875,168.60000610351562
2022-02-04,422.1903381347656,348.27435302734375,187.54244995117188,66.25262451171875,43.90696334838867,118.65486907958984,168.86000061035156
2022-02-07,420.83551025390625,345.4726257324219,188.46890258789062,66.36585235595703,43.81673049926758,118.73175048828125,170.11000061035156
2022-02-08,424.29803466796875,349.3540954589844,191.68313598632812,66.70552062988281,44.24081802368164,117.93793487548828,170.6300048828125
2022-02-09,430.50811767578125,356.7572326660156,195.32281494140625,67.7854995727539,44.93560791015625,118.15978240966797,171.2100067138672
2022-02-10,422.7737121582031,348.6829833984375,192.32598876953125,66.9232406616211,44.63784408569336,116.281982421875,170.55999755859375
2022-02-11,414.4371643066406,337.6220703125,190.37857055664062,65.9129638671875,43.96110534667969,118.0062255859375,173.80999755859375
2022-02-14,413.082275390625,338.0404357910156,189.71678161621094,65.48621368408203,43.65431213378906,116.53802490234375,174.74000549316406
2022-02-15,419.7440490722656,346.44549560546875,194.80288696289062,66.6881103515625,44.601749420166016,115.21501159667969,173.0800018310547
2022-02-16,420.2144775390625,346.35797119140625,195.20941162109375,66.94068145751953,44.92658615112305,115.89787292480469,174.86000061035156
2022-02-17,411.2381286621094,336.0559387207031,190.20838928222656,65.86071014404297,44.403236389160156,116.75996398925781,177.25
2022-02-18,408.57525634765625,332.2230529785156,188.5728759765625,65.58200073242188,43.96110534667969,117.9891586303711,177.1199951171875
2022-02-22,404.19061279296875,328.8862609863281,185.91639709472656,64.81558227539062,43.3385009765625,118.29639434814453,177.49000549316406
2022-02-23,397.02081298828125,320.4618225097656,182.43743896484375,64.2843017578125,42.833194732666016,116.66609191894531,178.2899932861328
2022-02-24,402.9956359863281,331.230712890625,187.22100830078125,63.42206954956055,41.94892501831055,116.74291229248047,177.13999938964844
2022-02-25,411.8873291015625,336.3672180175781,191.43736267089844,65.0071792602539,42.72492218017578,116.82823944091797,176.5500030517578
2022-02-28,410.8334655761719,337.3691711425781,192.2126007080078,63.770442962646484,42.16548156738281,119.38898468017578,178.3800048828125
2022-03-01,404.576416015625,332.20355224609375,188.59181213378906,62.3769416809082,41.60604476928711,120.76937103271484,181.6199951171875
2022-03-02,412.01904296875,337.77783203125,193.0823211669922,63.160789489746094,41.67823028564453,116.64104461669922,179.72999572753906
2022-03-03,409.96783447265625,332.9526062011719,190.79454040527344,61.915340423583984,41.09171676635742,117.82914733886719,180.8000030517578
2022-03-04,406.63702392578125,328.1275634765625,187.80712890625,60.12120056152344,40.26158905029297,119.86333465576172,183.67999267578125
2022-03-07,394.6496887207031,316.0257873535156,183.13705444335938,58.213829040527344,38.75471496582031,118.94881439208984,186.41000366210938
2022-03-08,391.6575012207031,314.556884765625,184.1485595703125,58.71897506713867,38.88103485107422,117.75222778320312,191.50999450683594
2022-03-09,402.1582336425781,325.8802795410156,189.33860778808594,61.17502975463867,39.98186111450195,116.59837341308594,185.82000732421875
2022-03-10,400.3423156738281,322.2615051269531,188.99830627441406,60.443450927734375,39.23293685913086,114.92316436767578,186.39999389648438
2022-03-11,395.2519226074219,315.57830810546875,185.98255920410156,59.79023742675781,38.41182327270508,115.30778503417969,185.08999633789062
2022-03-14,392.3632507324219,309.5177917480469,182.1821746826172,60.33892059326172,37.48242950439453,112.61544799804688,182.3000030517578
2022-03-15,400.9915466308594,319.226318359375,185.08447265625,60.91374969482422,37.53657531738281,112.41885375976562,178.88999938964844
2022-03-16,409.8831481933594,331.0654296875,190.90794372558594,63.09981918334961,40.55935287475586,113.52147674560547,180.00999450683594
2022-03-17,415.0111999511719,335.0733337402344,193.90480041503906,63.63109588623047,40.3518180847168,112.67533111572266,180.88999938964844
2022-03-18,419.5567626953125,341.931640625,195.94679260253906,64.24945831298828,40.92929458618164,114.05140686035156,179.3000030517578
2022-03-21,419.43402099609375,340.98095703125,194.2167205810547,63.84883117675781,40.29767608642578,111.41032409667969,180.6699981689453
2022-03-22,424.3420104980469,347.6822204589844,196.1642303466797,64.44978332519531,41.0285530090332,109.98302459716797,179.36000061035156
2022-03-23,418.87713623046875,342.685546875,192.76083374023438,63.613677978515625,40.75785446166992,112.39327239990234,181.80999755859375
2022-03-24,425.1914367675781,350.3022766113281,194.97738647460938,64.20591735839844,40.97441864013672,111.51292419433594,183.1300048828125
2022-03-25,427.26788330078125,350.01007080078125,195.24258422851562,64.24076080322266,40.64957809448242,109.96589660644531,182.3800048828125
2022-03-28,430.3070373535156,355.42559814453125,195.30892944335938,64.03172302246094,40.784934997558594,110.90606689453125,179.05999755859375
2022-03-29,435.6304016113281,361.5423278808594,200.5376434326172,65.45136260986328,41.47972106933594,111.74368286132812,179.13999938964844
2022-03-30,432.9404602050781,357.54888916015625,196.51190185546875,65.1813735961914,41.3624153137207,112.61544799804688,180.5800018310547
2022-03-31,426.27685546875,353.1172180175781,194.43748474121094,64.10140991210938,40.73981857299805,112.88896942138672,180.64999389648438
2022-04-01,427.4849853515625,352.4450988769531,196.61610412597656,64.70236206054688,41.41655731201172,113.31871032714844,179.5
2022-04-04,431.1470947265625,359.70147705078125,196.93817138671875,64.96363830566406,42.14743423461914,112.53121185302734,180.3699951171875
2022-04-05,425.701171875,351.7146301269531,192.27783203125,64.08397674560547,41.37144088745117,109.98883819580078,179.24000549316406
2022-04-06,421.44439697265625,344.078369140625,189.54981994628906,63.31755065917969,40.830047607421875,109.09854888916016,179.66000366210938
2022-04-07,423.5680847167969,344.89654541015625,188.93408203125,63.4569091796875,40.50520706176758,108.27677154541016,180.33999633789062
2022-04-08,422.4353942871094,340.0751647949219,187.42794799804688,63.48303985595703,40.54130554199219,107.10408782958984,181.47000122070312
2022-04-11,415.215087890625,332.0299377441406,186.16815185546875,62.812416076660156,40.03600311279297,105.40914916992188,182.3699951171875
2022-04-12,413.6766357421875,330.62725830078125,186.75546264648438,62.342105865478516,39.9096794128418,105.2636489868164,183.77000427246094
2022-04-13,418.41461181640625,337.34796142578125,190.3075714111328,63.01272964477539,40.43302917480469,105.47765350341797,184.64999389648438
2022-04-14,413.2046813964844,329.6337890625,188.46044921875,62.725311279296875,39.9096794128418,103.36328887939453,184.0399932861328
2022-04-18,413.3746032714844,329.8871154785156,187.19114685058594,62.35951232910156,39.774330139160156,102.84967041015625,184.61000061035156
2022-04-19,420.0475769042969,337.2603759765625,190.92323303222656,62.6556396484375,39.57582092285156,102.07926177978516,181.82000732421875
2022-04-20,419.73602294921875,332.341552734375,191.65261840820312,63.073692321777344,39.341217041015625,104.13370513916016,182.7100067138672
2022-04-21,413.4595031738281,325.4649963378906,187.3616943359375,62.39435958862305,38.5832633972168,103.36328887939453,182.05999755859375
2022-04-22,402.114501953125,316.9424743652344,182.51187133789062,61.37535858154297,38.240379333496094,102.71270751953125,180.2899932861328
2022-04-25,404.44580078125,321.0138244628906,183.62013244628906,61.079219818115234,37.96065902709961,103.73995208740234,177.0500030517578
2022-04-26,392.7326965332031,308.897216796875,177.83258056640625,59.3721809387207,37.130523681640625,104.78428649902344,177.32000732421875
2022-04-27,393.83697509765625,308.5270690917969,177.09375,59.64217758178711,37.56364059448242,103.44033813476562,175.97999572753906
2022-04-28,403.78515625,319.484619140625,180.39955139160156,60.48698806762695,38.10503387451172,103.59440612792969,176.92999267578125
2022-04-29,388.8629455566406,305.10833740234375,175.18978881835938,59.78152847290039,38.240379333496094,102.25049591064453,176.91000366210938
2022-05-02,391.2037048339844,310.2023620605469,177.02740478515625,59.63346481323242,38.18624496459961,100.47811126708984,173.6300048828125
2022-05-03,392.9969787597656,310.53350830078125,178.54299926757812,60.07765197753906,38.46595764160156,101.15550231933594,174.08999633789062
2022-05-04,404.9648742675781,321.0333251953125,183.30755615234375,61.13149642944336,38.88103485107422,101.71287536621094,175.8000030517578
2022-05-05,390.5713806152344,304.8647766113281,175.871826171875,59.16315460205078,37.44633865356445,98.92607879638672,175.1300048828125
2022-05-06,388.2400817871094,301.21221923828125,172.9449005126953,58.58833312988281,36.93202209472656,97.46837615966797,175.4199981689453
2022-05-09,375.8096923828125,289.4267272949219,165.67013549804688,56.8203239440918,35.867279052734375,98.32586669921875,172.8800048828125
2022-05-10,376.67791748046875,292.9429016113281,165.717529296875,57.24708557128906,36.038719177246094,99.21759796142578,171.4199981689453
2022-05-11,370.6940612792969,284.2546691894531,161.5970916748047,56.90740966796875,35.78607177734375,101.12975311279297,172.82000732421875
2022-05-12,370.3069763183594,283.5826721191406,163.49154663085938,56.76805877685547,35.55147171020508,100.94111633300781,170.1699981689453
2022-05-13,379.1603088378906,294.09222412109375,168.67288208007812,58.34447479248047,36.534996032714844,99.44913482666016,168.7899932861328
2022-05-16,377.621826171875,290.68328857421875,167.8677215576172,58.396732330322266,36.390625,99.34620666503906,170.39999389648438
2022-05-17,385.38970947265625,298.21240234375,173.001708984375,59.485408782958984,37.28392791748047,98.14579772949219,169.3300018310547
2022-05-18,369.8540344238281,283.57293701171875,166.939453125,58.065765380859375,36.390625,100.23798370361328,169.4199981689453
2022-05-19,367.5887756347656,282.05340576171875,167.21412658691406,58.623165130615234,36.968109130859375,100.47811126708984,171.91000366210938
2022-05-20,367.7491760253906,281.1769714355469,166.7878875732422,59.023807525634766,37.12150573730469,101.6185302734375,172.02999877929688
2022-05-23,374.62982177734375,285.85211181640625,168.8054656982422,60.025390625,37.40122604370117,99.94644927978516,172.8300018310547
2022-05-24,371.7700500488281,279.77435302734375,166.3048095703125,59.9295768737793,36.75155258178711,101.91863250732422,174.1300048828125
2022-05-25,375.0545349121094,283.68988037109375,169.29806518554688,59.94700622558594,36.93202209472656,102.32167053222656,173.0800018310547
2022-05-26,382.5486755371094,291.5500793457031,173.07748413085938,60.60892868041992,37.509498596191406,101.85862731933594,172.75999450683594
2022-05-27,391.9399108886719,301.0661315917969,177.73785400390625,61.340518951416016,37.94261169433594,102.10731506347656,172.85000610351562
2022-05-31,389.74072265625,300.2674560546875,175.53082275390625,60.97472381591797,38.47499084472656,99.94644927978516,171.13999938964844
2022-06-01,386.5883483886719,298.0467224121094,174.53619384765625,60.330223083496094,38.20429229736328,99.83224487304688,172.22999572753906
2022-06-02,393.9502868652344,306.2088928222656,178.79873657226562,61.58437728881836,38.86298751831055,99.88377380371094,174.35000610351562
2022-06-03,387.4849853515625,298.24151611328125,177.18846130371094,60.70472717285156,38.231361389160156,99.66899871826172,172.5800018310547
2022-06-06,388.664794921875,299.2350158691406,177.95571899414062,60.94859313964844,38.43889617919922,97.83075714111328,171.82000732421875
2022-06-07,392.3929748535156,301.81610107421875,180.82582092285156,61.13149642944336,38.55619812011719,98.8873062133789,172.94000244140625
2022-06-08,388.12677001953125,299.6441345214844,178.031494140625,60.2779541015625,38.763729095458984,98.01113891601562,172.77999877929688
2022-06-09,378.89593505859375,291.6183166503906,174.3408660888672,59.01209259033203,37.84646224975586,98.33760070800781,172.22999572753906
2022-06-10,367.90966796875,281.3326721191406,169.61126708984375,57.58774948120117,37.4278678894043,97.7276840209961,174.5399932861328
2022-06-13,353.9408264160156,268.2518310546875,161.64303588867188,55.68269729614258,36.11747741699219,94.6611099243164,169.92999267578125
2022-06-14,352.87420654296875,268.73883056640625,160.8642578125,55.157474517822266,36.61797332763672,93.46707153320312,168.57000732421875
2022-06-15,357.90496826171875,275.4496765136719,163.2196044921875,56.19011688232422,37.10026550292969,95.21078491210938,170.77000427246094
2022-06-16,346.0596618652344,264.3363037109375,155.6597442626953,54.952728271484375,35.96278381347656,95.96675109863281,172.69000244140625
2022-06-17,346.8056945800781,267.5505065917969,156.8754425048828,54.73016357421875,36.09927749633789,96.2759780883789,171.27000427246094
2022-06-21,355.5361633300781,274.30059814453125,159.68663024902344,55.558067321777344,36.68167495727539,94.64389038085938,170.6300048828125
2022-06-22,354.89154052734375,273.9006042480469,159.38270568847656,55.184181213378906,36.02648162841797,97.24662017822266,171.30999755859375
2022-06-23,358.3703308105469,277.979736328125,161.2916717529297,55.121864318847656,36.13568115234375,98.04550170898438,170.25999450683594
2022-06-24,369.7642822265625,287.5043640136719,166.28721618652344,56.768760681152344,36.9910774230957,96.68830108642578,170.08999633789062
2022-06-27,368.3518981933594,285.396484375,166.90455627441406,56.52839660644531,37.03657150268555,95.86363983154297,169.89999389648438
2022-06-28,360.82550048828125,276.7013854980469,163.77040100097656,56.14561080932617,36.80907440185547,96.31034088134766,169.6199951171875
2022-06-29,360.53155517578125,276.955078125,162.1084442138672,55.93196105957031,36.66347122192383,97.81358337402344,169.49000549316406
2022-06-30,357.60260009765625,273.5199890136719,160.8452606201172,55.6292839050293,36.490577697753906,98.67259979248047,168.4600067138672
2022-07-01,361.3846435546875,275.3252868652344,162.79220581054688,55.7628173828125,36.2630729675293,99.68559265136719,168.32000732421875
2022-07-05,362.0672912597656,280.0388488769531,164.1408233642578,54.5699348449707,35.980979919433594,100.46882629394531,164.75
2022-07-06,363.2900390625,281.83441162109375,162.9251708984375,54.614437103271484,35.76258087158203,98.7818832397461,162.13999938964844
2022-07-07,368.731201171875,287.865478515625,166.7810516357422,55.44234085083008,36.481475830078125,97.91256713867188,162.22999572753906
2022-07-08,368.42779541015625,288.2265319824219,166.7620391845703,55.5046501159668,36.481475830078125,96.82810974121094,162.3000030517578
2022-07-11,364.2191162109375,282.0687255859375,163.40956115722656,54.60554504394531,35.507789611816406,98.49785614013672,161.42999267578125
2022-07-12,360.99603271484375,279.3362121582031,162.8491973876953,54.596641540527344,35.37128829956055,99.08309936523438,160.8300018310547
2022-07-13,359.10028076171875,278.7604675292969,162.7067413330078,54.5699348449707,35.289390563964844,100.21924591064453,161.60000610351562
2022-07-14,358.2281188964844,279.755859375,161.03521728515625,53.804351806640625,34.97089385986328,99.4015884399414,159.3300018310547
2022-07-15,365.07208251953125,284.8304138183594,164.3877716064453,54.658958435058594,35.152889251708984,99.9610366821289,159.00999450683594
2022-07-18,362.05780029296875,282.4200439453125,163.92239379882812,54.881507873535156,35.398590087890625,98.91960144042969,159.16000366210938
2022-07-19,371.8402404785156,291.1053466796875,169.70619201660156,56.3770637512207,35.980979919433594,98.385986328125,159.5399932861328
2022-07-20,374.2100830078125,295.7212219238281,172.3654327392578,56.003170013427734,35.82627868652344,98.64415740966797,158.0399932861328
2022-07-21,378.020751953125,299.9662780761719,173.24871826171875,56.581809997558594,36.235774993896484,100.34832763671875,160.27000427246094
2022-07-22,374.513427734375,294.70635986328125,170.48500061035156,56.43937683105469,35.87178039550781,102.03532409667969,160.6699981689453
2022-07-25,374.96844482421875,293.0278015136719,171.3682098388672,56.875579833984375,35.999183654785156,101.0368881225586,160.22999572753906
2022-07-26,370.53216552734375,287.27008056640625,170.31402587890625,56.083290100097656,35.71708679199219,101.11434936523438,160.0399932861328
2022-07-27,380.153564453125,299.4100646972656,174.1889190673828,57.40970230102539,36.381370544433594,100.54629516601562,161.6699981689453
2022-07-28,384.9216003417969,302.3377380371094,176.58218383789062,57.7034797668457,36.536075592041016,101.34672546386719,163.63999938964844
2022-07-29,390.5331726074219,307.85150146484375,177.8358917236328,58.50466537475586,36.36317443847656,101.07133483886719,164.10000610351562
2022-08-01,389.3768310546875,307.66607666015625,177.76937866210938,58.58477783203125,36.053775787353516,103.50547790527344,165.02999877929688
2022-08-02,386.8079528808594,306.74871826171875,177.5984344482422,57.65007019042969,35.880882263183594,101.31534576416016,164.0500030517578
2022-08-03,392.86517333984375,315.10223388671875,180.2101593017578,57.988346099853516,36.162986755371094,102.91053771972656,164.4499969482422
2022-08-04,392.5998229980469,316.5758361816406,179.8302764892578,58.28211975097656,36.41777420043945,102.87605285644531,167.1699981689453
2022-08-05,391.93621826171875,313.98974609375,181.20736694335938,57.87261962890625,36.45418167114258,100.42721557617188,165.2899932861328
2022-08-08,391.4811096191406,312.974853515625,183.12583923339844,58.00615310668945,36.49967575073242,102.04827880859375,166.69000244140625
2022-08-09,389.9266052246094,309.4323425292969,180.6280517578125,57.69457244873047,36.36317443847656,101.6516342163086,167.1999969482422
2022-08-10,398.1164855957031,318.06903076171875,185.7850341796875,58.99427795410156,36.818172454833984,100.98768615722656,166.77999877929688
2022-08-11,398.1164855957031,316.2635498046875,186.47833251953125,58.976478576660156,36.963768005371094,98.63372802734375,166.33999633789062
2022-08-12,404.85638427734375,322.42138671875,190.2867431640625,59.43048095703125,37.355064392089844,99.63396453857422,167.8699951171875
2022-08-15,406.5246887207031,325.0270080566406,190.96102905273438,59.074405670166016,37.182167053222656,99.5477066040039,165.7100067138672
2022-08-16,407.3208923339844,324.2658386230469,190.88507080078125,59.056602478027344,37.17306900024414,99.96159362792969,165.4199981689453
2022-08-17,404.42974853515625,320.5671081542969,187.6749725341797,58.58477783203125,37.018367767333984,98.91825866699219,164.35000610351562
2022-08-18,405.60516357421875,321.3381652832031,188.9191131591797,58.388938903808594,36.80907440185547,99.06485748291016,163.9199981689453
2022-08-19,400.1546325683594,315.0729675292969,184.8638153076172,57.58774948120117,36.30857467651367,97.46967315673828,162.72000122070312
2022-08-22,391.82244873046875,306.7779846191406,181.05540466308594,56.608516693115234,35.990081787109375,97.14199829101562,161.63999938964844
2022-08-23,390.87445068359375,306.52423095703125,181.3498077392578,56.63521957397461,36.18117904663086,96.60739135742188,162.77000427246094
2022-08-24,392.1258239746094,307.412353515625,182.73643493652344,56.70643997192383,36.17207717895508,95.900390625,163.25
2022-08-25,397.66162109375,312.8479919433594,185.57606506347656,57.329586029052734,36.95466995239258,97.23684692382812,163.75
2022-08-26,384.201171875,300.0248718261719,179.47886657714844,55.82512664794922,36.40867233276367,97.96977996826172,161.75999450683594
2022-08-29,381.6607666015625,297.0679931640625,177.8263397216797,55.70050048828125,36.18117904663086,97.15924072265625,161.86000061035156
2022-08-30,377.4709167480469,293.759765625,175.3380584716797,55.299903869628906,35.753482818603516,97.40069580078125,160.50999450683594
2022-08-31,374.5987548828125,292.0519104003906,174.27438354492188,54.926021575927734,35.880882263183594,96.46945190429688,159.27000427246094
2022-09-01,375.774169921875,292.1788024902344,172.37493896484375,54.18714141845703,35.598785400390625,94.70327758789062,157.8699951171875
2022-09-02,371.8118591308594,288.0508728027344,171.0358123779297,53.831058502197266,35.27119064331055,95.23899841308594,159.25999450683594
2022-09-06,370.408935546875,285.98199462890625,169.3453369140625,53.69752883911133,34.85258865356445,92.88003540039062,158.3300018310547
2022-09-07,377.0633544921875,291.7591552734375,173.03024291992188,54.16933822631836,35.161991119384766,94.3490219116211,159.94000244140625
2022-09-08,379.52789306640625,293.2717590332031,174.4738311767578,54.2049446105957,34.97089385986328,93.38123321533203,158.97999572753906
2022-09-09,385.4239501953125,299.6833190917969,177.97830200195312,55.58477783203125,35.489585876464844,93.5886001586914,159.82000732421875
2022-09-12,389.5663757324219,303.24530029296875,180.13417053222656,56.35926055908203,36.01738357543945,92.81958770751953,160.6300048828125
2022-09-13,372.6270751953125,286.61639404296875,173.08721923828125,54.400794982910156,34.90719985961914,93.03559112548828,158.5399932861328
2022-09-14,374.0489501953125,288.89007568359375,173.7615509033203,54.578834533691406,35.0800895690918,93.35533142089844,157.92999267578125
2022-09-15,369.80224609375,284.0790100097656,172.49838256835938,54.098121643066406,34.706993103027344,93.29481506347656,154.97999572753906
2022-09-16,366.9810791015625,282.3419494628906,169.99110412597656,53.76873779296875,34.38850021362305,92.51715087890625,155.83999633789062
2022-09-19,369.8269348144531,284.5406188964844,171.4441680908203,53.955684661865234,34.49769973754883,92.7331771850586,155.9600067138672
2022-09-20,365.5819396972656,282.2724914550781,169.1078643798828,53.03877639770508,34.306602478027344,91.80859375,155.07000732421875
2022-09-21,359.2048034667969,277.2181701660156,166.5246124267578,52.34440231323242,33.73331069946289,93.34666442871094,155.7899932861328
2022-09-22,356.1875305175781,273.8062438964844,162.773193359375,52.19306945800781,33.56950759887695,90.96179962158203,155.6999969482422
2022-09-23,350.2197265625,269.34808349609375,158.89834594726562,50.52836990356445,32.741424560546875,91.33335876464844,153.00999450683594
2022-09-26,346.7550048828125,268.23370361328125,156.72271728515625,49.78059005737305,32.341026306152344,89.5879135131836,151.22999572753906
2022-09-27,345.8699035644531,268.3412780761719,157.25733947753906,49.44232177734375,32.304622650146484,87.22897338867188,151.5399932861328
2022-09-28,352.6753234863281,273.67913818359375,162.23098754882812,50.63520431518555,32.58672332763672,90.14958190917969,154.69000244140625
2022-09-29,345.3083190917969,265.7895812988281,158.59381103515625,50.038761138916016,31.85872459411621,89.68296813964844,154.66000366210938
2022-09-30,339.9686279296875,261.28265380859375,157.438720703125,49.8607177734375,31.74043083190918,88.52510833740234,154.6699981689453
2022-10-03,348.9441833496094,267.41241455078125,161.6104736328125,50.84885025024414,32.259124755859375,89.93170928955078,158.42999267578125
2022-10-04,359.7568054199219,275.820068359375,168.01608276367188,52.88743209838867,33.31471252441406,89.68052673339844,160.6999969482422
2022-10-05,358.9192810058594,275.6735534667969,166.77505493164062,52.326602935791016,33.332908630371094,88.82305145263672,159.80999755859375
2022-10-06,355.2167053222656,273.503173828125,165.83953857421875,51.40968704223633,33.13271713256836,88.329345703125,159.6300048828125
2022-10-07,345.3083190917969,263.08160400390625,160.96131896972656,50.590694427490234,32.44112014770508,87.47186279296875,157.8800048828125
2022-10-10,342.6717834472656,260.4516906738281,160.06396484375,50.305824279785156,31.986129760742188,86.11199188232422,155.47999572753906
2022-10-11,340.5016174316406,256.87359619140625,160.1116943359375,49.75389099121094,31.476533889770508,86.49311828613281,155.16000366210938
2022-10-12,339.3785095214844,256.78558349609375,159.67254638671875,49.593650817871094,31.512937545776367,86.91751098632812,155.99000549316406
2022-10-13,348.3351135253906,262.80780029296875,163.624755859375,50.617393493652344,31.60393524169922,86.08602905273438,154.91000366210938
2022-10-14,340.39697265625,254.90853881835938,159.2429962158203,49.8607177734375,31.130733489990234,85.37579345703125,152.97999572753906
2022-10-17,349.1440734863281,263.3259582519531,164.32164001464844,51.08920669555664,31.986129760742188,84.96002960205078,153.4199981689453
2022-10-18,353.2464294433594,265.4083557128906,166.2690887451172,51.45419692993164,31.995229721069336,85.15926361083984,153.75
2022-10-19,350.7431945800781,264.4404296875,163.443359375,50.822147369384766,31.412832260131836,83.60888671875,151.69000244140625
2022-10-20,347.8020324707031,263.09130859375,161.3623046875,50.70641326904297,31.613037109375,82.17971801757812,151.4499969482422
2022-10-21,356.2541198730469,269.26025390625,164.8657684326172,51.62333297729492,32.09532928466797,80.69860076904297,154.14999389648438
2022-10-24,360.6133728027344,272.22247314453125,165.5721893310547,51.632240295410156,30.875938415527344,80.03168487548828,153.64999389648438
2022-10-25,366.3719482421875,277.8536071777344,170.087646484375,52.77170944213867,31.130733489990234,82.36162567138672,154.0
2022-10-26,363.6116638183594,271.71405029296875,170.92774963378906,53.270225524902344,31.640331268310547,83.54823303222656,154.97999572753906
2022-10-27,361.6699523925781,266.7671813964844,170.96591186523438,52.77170944213867,31.394636154174805,84.42304992675781,154.74000549316406
2022-10-28,370.27435302734375,274.93048095703125,174.85128784179688,53.29692840576172,31.203540802001953,83.84272003173828,153.16000366210938
2022-10-31,367.5997314453125,271.7336120605469,175.0135498046875,52.79841995239258,31.112533569335938,83.24506378173828,151.91000366210938
2022-11-01,365.9912109375,268.9571533203125,175.2522430419922,53.21681594848633,31.685829162597656,84.02304077148438,153.4600067138672
2022-11-02,356.80621337890625,259.738037109375,169.43850708007812,52.44233322143555,31.421934127807617,83.65837860107422,152.38999938964844
2022-11-03,353.13226318359375,254.66409301757812,168.302490234375,51.997222900390625,31.60393524169922,83.20687866210938,151.80999755859375
2022-11-04,358.21490478515625,258.7603759765625,170.5745086669922,54.080318450927734,32.94162368774414,81.80895233154297,156.47000122070312
2022-11-07,361.64141845703125,261.605224609375,171.34779357910156,54.24945068359375,32.95981979370117,80.9927749633789,155.85000610351562
2022-11-08,363.5926513671875,263.5117492675781,171.4145965576172,54.863704681396484,33.196414947509766,81.87842559814453,159.4499969482422
2022-11-09,356.10186767578125,257.4307861328125,166.70822143554688,54.098121643066406,32.62311935424805,82.14759826660156,158.64999389648438
2022-11-10,375.67108154296875,276.42626953125,176.9705810546875,57.13373947143555,33.80610656738281,85.30812072753906,163.47999572753906
2022-11-11,379.30706787109375,281.51971435546875,178.42160034179688,58.27321243286133,34.725196838378906,84.99552917480469,164.55999755859375
2022-11-14,376.0804443359375,279.0561218261719,176.42645263671875,57.658966064453125,34.515892028808594,84.7871322631836,164.9199981689453
2022-11-15,379.28802490234375,282.9177551269531,179.0421600341797,58.041751861572266,35.307586669921875,86.15901947021484,165.5
2022-11-16,376.39453125,279.0561218261719,175.89186096191406,57.908226013183594,34.74340057373047,88.04318237304688,165.1199951171875
2022-11-17,375.2428283691406,278.440185546875,174.2593994140625,57.88151168823242,34.807098388671875,87.11412048339844,163.9199981689453
2022-11-18,376.9465637207031,278.45001220703125,175.3858642578125,57.99724578857422,34.606895446777344,86.51499938964844,162.7899932861328
2022-11-21,375.5759582519531,275.58551025390625,174.4694366455078,57.56104278564453,34.17010498046875,86.87968444824219,161.8800048828125
2022-11-22,380.6300964355469,279.5546875,176.3309783935547,58.36222457885742,34.25200271606445,88.11264038085938,162.07000732421875
2022-11-23,383.0286560058594,282.3605041503906,176.78921508789062,59.00318145751953,34.53409957885742,89.64949035644531,163.0800018310547
2022-11-25,382.94293212890625,280.5030212402344,177.16151428222656,59.30586242675781,34.370296478271484,89.3456039428711,163.22000122070312
2022-11-28,376.8323669433594,276.3871765136719,173.59117126464844,58.54027557373047,34.215599060058594,89.59741973876953,161.92999267578125
2022-11-29,376.18511962890625,274.2950744628906,174.09713745117188,58.709415435791016,34.952693939208984,88.5467758178711,162.72999572753906
2022-11-30,388.0351867675781,286.7989807128906,178.8702850341797,59.75096130371094,35.96278381347656,89.19798278808594,164.80999755859375
2022-12-01,387.7496337890625,287.1509094238281,178.4789276123047,60.3296012878418,35.844482421875,92.04750061035156,167.83999633789062
2022-12-02,387.3023681640625,286.0070495605469,179.5194854736328,60.28509521484375,35.980979919433594,93.20502471923828,167.25999450683594
2022-12-05,380.33502197265625,281.2068786621094,174.57444763183594,59.492801666259766,35.57148742675781,91.8995361328125,164.38999938964844
2022-12-06,374.85260009765625,275.3801574707031,171.90145874023438,59.22573471069336,35.5259895324707,93.08323669433594,164.83999633789062
2022-12-07,374.21490478515625,274.2560119628906,171.3955078125,59.22573471069336,35.31669235229492,95.27645874023438,166.3300018310547
2022-12-08,377.1464538574219,277.501708984375,172.63650512695312,59.52841567993164,35.744380950927734,95.01534271240234,166.47000122070312
2022-12-09,374.3291320800781,275.732177734375,170.51722717285156,59.56401824951172,35.507789611816406,92.54359436035156,167.05999755859375
2022-12-12,379.72589111328125,279.1929016113281,172.52198791503906,59.74205780029297,35.398590087890625,92.83948516845703,165.67999267578125
2022-12-13,382.6003112792969,282.1943359375,173.95095825195312,60.5893669128418,35.651729583740234,93.73594665527344,168.50999450683594
2022-12-14,380.1542053222656,280.1022033691406,172.8096923828125,60.53573989868164,35.670204162597656,94.13629913330078,168.10000610351562
2022-12-15,370.8550109863281,270.6973876953125,168.48435974121094,58.989498138427734,34.84797286987305,94.50360870361328,165.35000610351562
2022-12-16,366.4765930175781,268.1163635253906,167.22805786132812,58.471107482910156,34.9495964050293,93.44794464111328,166.7899932861328
2022-12-19,363.3690185546875,264.3483581542969,164.96473693847656,58.32809829711914,34.97731018066406,91.87753295898438,166.32000732421875
2022-12-20,363.8661804199219,264.14263916015625,165.83743286132812,58.56047821044922,34.96806716918945,90.24606323242188,169.0800018310547
2022-12-21,369.3069152832031,267.9742736816406,168.6953887939453,59.168251037597656,35.28218460083008,90.47288513183594,168.8000030517578
2022-12-22,364.038330078125,261.418212890625,166.4896240234375,58.68561553955078,34.96806716918945,90.4554672241211,166.75999450683594
2022-12-23,366.1324157714844,262.0061950683594,167.2472381591797,58.891178131103516,34.921875,89.12931060791016,167.25999450683594
2022-12-27,364.6885070800781,258.3019104003906,166.12515258789062,58.980552673339844,35.43924331665039,87.36698150634766,168.6699981689453
2022-12-28,360.1562194824219,254.89157104492188,163.5453643798828,58.35491943359375,34.921875,86.8522720336914,167.91000366210938
2022-12-29,366.6391296386719,261.1047058105469,167.68838500976562,59.275508880615234,35.503910064697266,87.8381118774414,168.85000610351562
2022-12-30,365.67340087890625,260.9478759765625,167.2184600830078,58.6677360534668,35.01426696777344,86.86094665527344,169.63999938964844
2023-01-03,364.1339416503906,259.18389892578125,166.29779052734375,59.18613052368164,35.309898376464844,88.51859283447266,171.05999755859375
2023-01-04,366.9451599121094,260.41864013671875,168.3693389892578,59.97265625,36.37233352661133,89.73133850097656,172.6699981689453
2023-01-05,362.757080078125,256.3419494628906,166.5663299560547,59.373817443847656,36.261474609375,90.1064682006836,170.52000427246094
2023-01-06,371.0758056640625,263.4173583984375,170.30661010742188,60.89325714111328,37.01903533935547,91.7641372680664,173.7100067138672
2023-01-09,370.865478515625,265.12255859375,170.5942840576172,61.15244674682617,37.29619598388672,92.25271606445312,174.10000610351562
2023-01-10,373.4662780761719,267.3667297363281,173.11654663085938,61.331199645996094,37.56411361694336,90.7259292602539,174.74000549316406
2023-01-11,378.18988037109375,271.99212646484375,175.27442932128906,61.79597091674805,37.72117233276367,92.20036315917969,174.6199951171875
2023-01-12,379.5668029785156,273.4621887207031,178.21868896484375,62.70762252807617,37.905941009521484,94.01504516601562,176.63999938964844
2023-01-13,381.0392761230469,275.3437194824219,179.3887176513672,63.038326263427734,38.1553840637207,93.13385772705078,178.75999450683594
2023-01-17,380.34124755859375,275.9022521972656,179.1681671142578,63.23495101928711,37.94289779663086,92.53187561035156,177.58999633789062
2023-01-18,374.3365173339844,272.3155212402344,176.27183532714844,63.011512756347656,37.68421936035156,94.77406311035156,177.0800018310547
2023-01-19,371.6112976074219,269.6402282714844,174.58392333984375,62.91319274902344,37.97061538696289,94.18079376220703,179.88999938964844
2023-01-20,378.5340576171875,277.0194091796875,177.4610137939453,63.46733474731445,38.55263900756836,92.65402221679688,179.2899932861328
2023-01-23,383.075927734375,283.1737060546875,179.65724182128906,63.726539611816406,38.82979965209961,92.21778869628906,179.6300048828125
2023-01-24,382.6648254394531,282.5954895019531,179.2736053466797,63.64609146118164,38.857513427734375,93.54393005371094,180.27999877929688
2023-01-25,382.8082580566406,281.9683532714844,179.77232360839844,64.06616973876953,38.89447021484375,93.7707748413086,181.11000061035156
2023-01-26,387.01544189453125,287.46600341796875,180.83685302734375,64.11978912353516,39.264015197753906,93.33454132080078,179.47000122070312
2023-01-27,387.9046630859375,290.3274841308594,181.81504821777344,63.99467086791992,39.07923889160156,93.09895324707031,179.22000122070312
2023-01-30,383.0376892089844,284.4574279785156,179.28321838378906,63.58353042602539,38.293968200683594,92.75870513916016,178.75999450683594
2023-01-31,388.6697082519531,288.7203674316406,183.6372528076172,63.94998550415039,38.2108154296875,93.50028228759766,179.41000366210938
2023-02-01,392.80035400390625,294.894287109375,186.52394104003906,64.5219955444336,38.681983947753906,94.62428283691406,181.6699981689453
2023-02-02,398.518310546875,305.4779357910156,190.19711303710938,64.43260955810547,38.45101547241211,94.74673461914062,177.89999389648438
2023-02-03,394.28240966796875,300.0488586425781,188.9215850830078,63.83378219604492,37.767364501953125,93.32969665527344,173.4600067138672
2023-02-06,391.872802734375,297.5107421875,186.18832397460938,63.18132400512695,37.21304702758789,92.63874816894531,173.82000732421875
2023-02-07,396.998046875,303.67474365234375,187.56932067871094,63.717594146728516,37.360862731933594,91.89524841308594,173.97999572753906
2023-02-08,392.6569519042969,298.2750549316406,184.8264617919922,63.32433319091797,37.314674377441406,92.33255767822266,174.41000366210938
2023-02-09,389.2529296875,295.6389465332031,182.15074157714844,63.440528869628906,37.490203857421875,91.4578857421875,173.02999877929688
2023-02-10,390.16131591796875,293.69866943359375,182.51516723632812,63.1634407043457,37.12990188598633,90.43449401855469,173.36000061035156
2023-02-13,394.7414245605469,298.4025573730469,184.71139526367188,63.798030853271484,37.434776306152344,91.19549560546875,172.47999572753906
2023-02-14,394.5597229003906,300.60748291015625,184.6250762939453,63.91423416137695,37.3701057434082,90.98551940917969,172.61000061035156
2023-02-15,395.84100341796875,302.910400390625,186.49522399902344,63.62821578979492,37.055992126464844,90.1371078491211,170.88999938964844
2023-02-16,390.39080810546875,297.2265319824219,184.71139526367188,63.31538772583008,37.06523513793945,88.86006927490234,170.75
2023-02-17,389.41546630859375,295.12939453125,185.2196807861328,63.476280212402344,36.65873336791992,89.5510482788086,171.25999450683594
2023-02-21,381.60345458984375,288.1421813964844,179.75314331054688,62.779117584228516,36.19680404663086,87.81043243408203,170.6199951171875
2023-02-22,381.0775451660156,288.3577880859375,180.24227905273438,62.4305534362793,36.021270751953125,88.61515808105469,169.66000366210938
2023-02-23,383.1046142578125,290.8763122558594,181.52735900878906,62.752315521240234,36.19680404663086,89.4811019897461,169.57000732421875
2023-02-24,379.01220703125,286.00579833984375,179.82984924316406,61.70658874511719,35.38380813598633,88.31774139404297,168.35000610351562
2023-02-27,380.3031005859375,288.0539855957031,180.46282958984375,62.439483642578125,35.568580627441406,88.5626449584961,169.00999450683594
2023-02-28,378.8974304199219,287.6815185546875,180.472412109375,61.983665466308594,35.31913375854492,88.96501922607422,169.77999877929688
2023-03-01,377.4440002441406,285.3688049316406,180.70260620117188,62.31436538696289,36.07670211791992,88.00928497314453,170.75999450683594
2023-03-02,380.3795166015625,287.73052978515625,181.1341552734375,62.439483642578125,36.2060432434082,87.2288589477539,170.66000366210938
2023-03-03,386.4800109863281,293.6790771484375,183.65643310546875,63.351139068603516,36.529396057128906,89.3420639038086,172.49000549316406
2023-03-06,386.7477722167969,294.0121765136719,180.97113037109375,63.19025421142578,36.40005111694336,88.64934539794922,171.6199951171875
2023-03-07,380.8193359375,290.4059143066406,178.8708038330078,62.13559341430664,35.790306091308594,89.19300079345703,168.6199951171875
2023-03-08,381.4409484863281,291.8563232421875,178.95713806152344,62.47523880004883,35.93812561035156,89.28069305419922,168.5399932861328
2023-03-09,374.40338134765625,286.79962158203125,173.97975158691406,62.019412994384766,35.14360046386719,89.49991607666016,170.1999969482422
2023-03-10,369.00091552734375,282.77191162109375,168.96389770507812,61.35801696777344,34.95882797241211,92.5864028930664,173.8699951171875
2023-03-13,368.4749755859375,284.86907958984375,166.21144104003906,60.93793869018555,35.01426696777344,92.79684448242188,177.86000061035156
2023-03-14,374.5660095214844,291.4152526855469,169.29002380371094,61.751277923583984,35.03273391723633,91.27110290527344,176.8300018310547
2023-03-15,372.2232971191406,292.94403076171875,166.49917602539062,59.838592529296875,34.43223190307617,93.03359985351562,178.2100067138672
2023-03-16,378.7539978027344,300.666259765625,168.77210998535156,60.76811218261719,34.95882797241211,92.30582427978516,178.57000732421875
2023-03-17,374.3254089355469,299.2452392578125,164.21665954589844,60.044151306152344,34.7463493347168,93.69123077392578,183.77000427246094
2023-03-20,377.92474365234375,300.3072814941406,166.34571838378906,60.98262405395508,34.87568283081055,92.86701202392578,183.83999633789062
2023-03-21,382.8871154785156,304.5964050292969,169.41464233398438,61.903221130371094,35.189796447753906,92.069091796875,180.3699951171875
2023-03-22,376.36016845703125,300.4545593261719,164.60989379882812,61.68870544433594,35.32837677001953,93.2966537475586,183.44000244140625
2023-03-23,377.3775634765625,304.01727294921875,163.8792724609375,61.69765853881836,35.818023681640625,93.2966537475586,185.74000549316406
2023-03-24,379.85394287109375,305.13629150390625,165.3616180419922,61.50996398925781,35.72563171386719,93.69123077392578,183.64999389648438
2023-03-27,380.56427001953125,303.0455627441406,167.20018005371094,62.090911865234375,35.531620025634766,91.49034118652344,181.9499969482422
2023-03-28,379.7099914550781,301.43597412109375,166.9595184326172,62.11772918701172,36.03974533081055,91.65691375732422,183.44000244140625
2023-03-29,385.22906494140625,306.9322814941406,168.85581970214844,62.86850357055664,36.1413688659668,91.4728012084961,182.52999877929688
2023-03-30,387.48468017578125,309.8375549316406,168.6248016357422,63.60140609741211,36.50167465209961,91.89369201660156,184.17999267578125
2023-03-31,392.9461364746094,314.9903259277344,171.72427368164062,63.92316436767578,36.455482482910156,93.27034759521484,183.22000122070312
2023-04-03,394.4434509277344,314.224853515625,171.8013153076172,64.43260955810547,36.529396057128906,93.7090072631836,184.5399932861328
2023-04-04,392.2550354003906,313.1648254394531,168.78842163085938,64.44155883789062,36.529396057128906,94.17491149902344,187.97999572753906
2023-04-05,391.2279968261719,310.0731506347656,167.13278198242188,63.99467086791992,36.24299621582031,95.15946197509766,187.8300018310547
2023-04-06,392.7541809082031,312.1637268066406,167.38307189941406,64.29855346679688,36.39080810546875,95.4056167602539,186.49000549316406
2023-04-10,393.15728759765625,311.9870910644531,169.17344665527344,64.25386810302734,36.42776870727539,93.86721801757812,185.11000061035156
2023-04-11,393.2628479003906,309.98480224609375,170.51144409179688,64.4683609008789,36.64949035644531,94.06061553955078,186.27999877929688
2023-04-12,391.6599426269531,307.2464294433594,169.26007080078125,64.87950134277344,36.39080810546875,93.96392822265625,187.19000244140625
2023-04-13,396.8622131347656,313.2629089355469,171.50289916992188,65.7107162475586,36.88969802856445,93.22552490234375,189.72000122070312
2023-04-14,395.89276123046875,312.6740417480469,169.90501403808594,65.44258117675781,36.69568634033203,92.37281036376953,186.36000061035156
2023-04-17,397.3133544921875,312.9390869140625,172.09007263183594,65.32638549804688,36.85274124145508,91.27397918701172,185.52999877929688
2023-04-18,397.5725402832031,312.9587097167969,171.35855102539062,65.68391418457031,36.80655288696289,91.5992202758789,186.25
2023-04-19,397.50537109375,312.8114929199219,171.57992553710938,65.47834014892578,36.43701171875,91.51133728027344,185.36000061035156
2023-04-20,395.33612060546875,310.426513671875,170.69435119628906,65.47834014892578,36.38157653808594,92.29368591308594,186.08999633789062
2023-04-21,395.6432189941406,310.7503356933594,170.9157257080078,65.80903625488281,36.03974533081055,91.77503204345703,184.25
2023-04-24,396.0560302734375,310.10260009765625,170.80026245117188,65.9788589477539,35.95659637451172,92.66292572021484,184.80999755859375
2023-04-25,389.7690734863281,304.25286865234375,166.58412170410156,65.05826568603516,35.28218460083008,94.02545928955078,185.75
2023-04-26,388.1181640625,306.0980224609375,164.97659301757812,65.0135726928711,35.48543167114258,93.0233383178711,184.74000549316406
2023-04-27,395.8448181152344,314.421142578125,167.18092346191406,65.82691955566406,35.96583557128906,92.10030364990234,184.75
2023-04-28,399.22344970703125,316.5902404785156,168.64405822753906,65.80010223388672,36.15060806274414,93.58592987060547,184.8000030517578
2023-05-01,398.8203125,316.2270812988281,168.7402801513672,65.70178985595703,36.0305061340332,90.88741302490234,183.97000122070312
2023-05-02,394.3379211425781,313.4691162109375,165.2750244140625,65.0403823852539,35.67943572998047,93.15231323242188,187.52000427246094
2023-05-03,391.63116455078125,311.41778564453125,165.88143920898438,65.21018981933594,35.62400817871094,93.67232513427734,189.11000061035156
2023-05-04,388.85723876953125,310.3185729980469,164.0236358642578,65.07614135742188,35.91040802001953,92.7469482421875,190.44000244140625
2023-05-05,396.0560302734375,316.9141845703125,167.922119140625,66.03247833251953,36.39080810546875,92.4384994506836,187.4600067138672
2023-05-08,396.1614990234375,317.6993103027344,167.53709411621094,66.05036926269531,36.4092903137207,91.14299774169922,187.69000244140625
2023-05-09,394.4242858886719,315.68731689453125,167.03656005859375,65.78223419189453,36.18756103515625,90.81690979003906,189.02000427246094
2023-05-10,396.2671813964844,319.1224365234375,167.8836212158203,65.64816284179688,36.169090270996094,91.6982192993164,188.75
2023-05-11,395.5760803222656,320.1628723144531,166.59373474121094,65.4872817993164,36.03974533081055,92.6676254272461,187.1300048828125
2023-05-12,395.05780029296875,319.0144958496094,166.25685119628906,65.37108612060547,35.61477279663086,91.89208221435547,186.80999755859375
2023-05-15,396.4207458496094,320.741943359375,168.2879180908203,65.8716049194336,36.270713806152344,90.9402847290039,187.2100067138672
2023-05-16,393.7715759277344,321.1051025390625,165.8332977294922,65.24595642089844,36.012027740478516,90.66710662841797,184.8699951171875
2023-05-17,398.5516052246094,324.9917297363281,169.5296173095703,65.54984283447266,36.17832565307617,90.40270233154297,184.22999572753906
2023-05-18,402.3908996582031,331.0279846191406,170.55960083007812,65.45154571533203,35.984317779541016,89.73292541503906,181.83999633789062
2023-05-19,401.8053894042969,330.281982421875,169.52001953125,65.83586120605469,36.012027740478516,89.098388671875,183.63999938964844
2023-05-22,401.9685363769531,331.39117431640625,171.5895233154297,65.8537368774414,36.30766296386719,88.78112030029297,183.2100067138672
2023-05-23,397.4573059082031,327.1903076171875,170.78094482421875,64.88844299316406,35.744110107421875,89.03671264648438,183.42999267578125
2023-05-24,394.5778503417969,325.511962890625,168.97132873535156,63.94104766845703,35.4761962890625,88.59608459472656,181.9499969482422
2023-05-25,397.99481201171875,333.4326477050781,167.652587890625,63.85166549682617,35.40228271484375,88.37570190429688,180.1999969482422
2023-05-26,403.1490783691406,341.9519958496094,169.55850219726562,64.47730255126953,36.0305061340332,89.08958435058594,180.9199981689453
2023-05-30,403.3027038574219,343.5027770996094,168.9328155517578,63.824851989746094,35.61477279663086,89.97970581054688,182.0399932861328
2023-05-31,401.06634521484375,341.549560546875,167.26756286621094,63.1634407043457,35.28218460083008,90.7640151977539,182.32000732421875
2023-06-01,404.8768310546875,345.4952087402344,169.07716369628906,64.10191345214844,35.91040802001953,91.12015533447266,183.75999450683594
2023-06-02,410.7318420410156,348.0863342285156,175.20884704589844,64.93313598632812,36.529396057128906,90.12164306640625,181.0500030517578
2023-06-05,409.9447937011719,348.33172607421875,172.86016845703125,64.55774688720703,36.5201530456543,89.95377349853516,182.13999938964844
2023-06-06,410.8373718261719,348.2728271484375,177.4131317138672,65.09400939941406,36.843502044677734,90.48393249511719,182.33999633789062
2023-06-07,409.4168701171875,342.3642272949219,180.73265075683594,64.52153015136719,36.685218811035156,89.14080047607422,180.14999389648438
2023-06-08,411.8931884765625,346.61407470703125,180.05694580078125,65.20413970947266,36.945926666259766,90.18348693847656,182.52999877929688
2023-06-09,412.6322937011719,347.9390869140625,178.5994415283203,65.09493255615234,37.113521575927734,90.05978393554688,182.0399932861328
2023-06-12,416.3756103515625,353.8182067871094,179.34268188476562,65.37708282470703,37.18800735473633,90.32488250732422,181.8800048828125
2023-06-13,419.12078857421875,356.53692626953125,181.39862060546875,65.99598693847656,37.560447692871094,89.43241119384766,180.5399932861328
2023-06-14,419.6199035644531,359.12811279296875,179.4488525390625,66.24172973632812,37.839778900146484,90.14814758300781,180.63999938964844
2023-06-15,424.8222351074219,363.40740966796875,180.92568969726562,66.94256591796875,38.19359588623047,91.01409912109375,181.91000366210938
2023-06-16,423.3752136230469,361.1205749511719,179.47779846191406,66.79692840576172,38.0632438659668,90.66063690185547,181.6300048828125
2023-06-20,421.1785888671875,360.6036071777344,178.6959686279297,65.9140853881836,37.318363189697266,91.28803253173828,179.75
2023-06-21,419.0205993652344,355.68939208984375,178.28089904785156,66.01419067382812,37.141456604003906,91.50894165039062,179.49000549316406
2023-06-22,420.5331115722656,359.8861389160156,176.95855712890625,65.6046142578125,37.01110076904297,90.40440368652344,177.7100067138672
2023-06-23,417.3539123535156,356.31842041015625,174.29446411132812,64.58524322509766,36.471065521240234,91.30572509765625,178.1999969482422
2023-06-26,415.648681640625,351.54180908203125,174.46817016601562,64.66716003417969,36.592105865478516,91.40290832519531,178.50999450683594
2023-06-27,420.20556640625,357.5863037109375,176.9874725341797,65.23145294189453,36.96455001831055,91.16432189941406,177.69000244140625
2023-06-28,420.4175109863281,358.28411865234375,177.856201171875,65.2769546508789,36.741085052490234,91.55313110351562,177.27999877929688
2023-06-29,422.07452392578125,357.56658935546875,179.90252685546875,65.18595123291016,36.545555114746094,89.9007339477539,177.08999633789062
2023-06-30,427.0552978515625,363.08038330078125,180.76158142089844,65.98689270019531,36.834197998046875,90.9610824584961,178.27000427246094
2023-07-03,427.546630859375,363.9354248046875,181.12841796875,65.9140853881836,37.243873596191406,90.44542694091797,178.47000122070312
2023-07-05,426.9107971191406,363.9255676269531,179.3233642578125,65.17684173583984,37.02041244506836,89.58596801757812,177.83999633789062
2023-07-06,423.56787109375,361.1539306640625,176.42764282226562,64.0482406616211,36.26622772216797,88.3189697265625,177.30999755859375
2023-07-07,422.4984436035156,359.95489501953125,178.2905731201172,64.53062438964844,36.675907135009766,87.78736114501953,178.63999938964844
2023-07-10,423.56787109375,360.07281494140625,181.34072875976562,64.71265411376953,36.70384216308594,87.90254211425781,178.77999877929688
2023-07-11,426.26531982421875,361.8518371582031,183.20367431640625,65.29515838623047,37.0762825012207,88.35440063476562,179.4499969482422
2023-07-12,429.6950378417969,366.4220275878906,185.20175170898438,66.54208374023438,37.90495681762695,89.337890625,181.8800048828125
2023-07-13,433.10546875,372.6434020996094,186.69786071777344,67.60697937011719,38.398433685302734,90.27706909179688,182.00999450683594
2023-07-14,432.835693359375,372.5647277832031,184.87355041503906,67.22471618652344,38.18428039550781,89.74546813964844,181.42999267578125
2023-07-17,434.338623046875,376.0439758300781,186.85231018066406,67.1427993774414,38.23084259033203,89.78977966308594,181.55999755859375
2023-07-18,437.5660400390625,379.1202697753906,189.1592254638672,67.57966613769531,37.95151138305664,90.19734954833984,183.63999938964844
2023-07-19,438.53900146484375,379.0317687988281,189.96038818359375,67.54326629638672,37.87702178955078,91.21627044677734,183.6699981689453
2023-07-20,435.6295471191406,370.2944030761719,188.3001708984375,67.1974105834961,37.597694396972656,90.1087417602539,182.74000549316406
2023-07-21,435.6295471191406,369.183837890625,187.7017059326172,67.33393096923828,37.54182815551758,90.13530731201172,182.17999267578125
2023-07-24,437.5757141113281,369.7734680175781,188.16502380371094,67.17009735107422,38.053932189941406,89.8074722290039,181.39999389648438
2023-07-25,438.7702941894531,372.2797546386719,188.14572143554688,67.24290466308594,38.370506286621094,89.63914489746094,182.41000366210938
2023-07-26,438.8377380371094,371.04132080078125,189.63221740722656,67.4249496459961,38.593971252441406,89.72772979736328,183.3000030517578
2023-07-27,435.92822265625,370.15673828125,187.18048095703125,67.27021789550781,38.11910629272461,87.98226928710938,180.4199981689453
2023-07-28,440.1961364746094,376.89910888671875,189.60325622558594,67.75260925292969,39.0408935546875,88.43415069580078,181.86000061035156
2023-07-31,441.0342102050781,377.0955810546875,191.8040313720703,67.77079772949219,39.059513092041016,88.64678955078125,182.35000610351562
2023-08-01,439.77215576171875,376.22088623046875,190.92564392089844,66.92435455322266,38.5660285949707,87.19416809082031,180.4600067138672
2023-08-02,433.65460205078125,367.96502685546875,188.32913208007812,65.67743682861328,37.644248962402344,86.26126861572266,179.60000610351562
2023-08-03,432.4118347167969,367.37530517578125,187.79823303222656,65.49539947509766,37.79322052001953,84.27111053466797,179.5399932861328
2023-08-04,430.45611572265625,365.6553649902344,187.4217987060547,65.67743682861328,37.746673583984375,85.76372528076172,180.19000244140625
2023-08-07,434.2133483886719,368.7513122558594,187.5472869873047,66.23262786865234,37.690799713134766,84.91967010498047,179.77999877929688
2023-08-08,432.3251037597656,365.61602783203125,186.36965942382812,65.83216094970703,37.23456573486328,85.90589141845703,178.63999938964844
2023-08-09,429.4349060058594,361.59625244140625,184.91213989257812,65.81395721435547,37.32767868041992,86.3501205444336,177.7899932861328
2023-08-10,429.58905029296875,362.2645568847656,184.0916748046875,66.09610748291016,37.383544921875,84.9285659790039,177.60000610351562
2023-08-11,429.33856201171875,359.95489501953125,184.35232543945312,65.6501235961914,36.834197998046875,84.73311614990234,177.60000610351562
2023-08-14,431.70855712890625,363.994384765625,184.03379821777344,65.35887908935547,36.65727996826172,84.54651641845703,177.05999755859375
2023-08-15,426.6796569824219,360.1318054199219,181.6013641357422,64.548828125,36.23828887939453,84.03119659423828,176.58999633789062
2023-08-16,423.5486145019531,356.31842041015625,179.3813018798828,64.02093505859375,35.91240310668945,83.37371826171875,175.57000732421875
2023-08-17,420.3211669921875,352.4263610839844,177.26736450195312,63.56584930419922,35.99620819091797,83.01834869384766,175.3000030517578
2023-08-18,420.5234680175781,351.9840393066406,178.23265075683594,63.56584930419922,35.754127502441406,83.31153106689453,175.3300018310547
2023-08-21,423.259521484375,357.6551208496094,177.9720458984375,63.802494049072266,35.837921142578125,82.20098114013672,175.80999755859375
2023-08-22,422.11309814453125,357.14398193359375,177.44114685058594,63.68416976928711,35.76343536376953,82.83177947998047,176.10000610351562
2023-08-23,426.8144836425781,362.775634765625,179.33303833007812,64.37589263916016,36.33140182495117,84.8841323852539,177.88999938964844
2023-08-24,420.8992614746094,355.0210876464844,176.8523406982422,63.49304962158203,36.191741943359375,84.32439422607422,177.85000610351562
2023-08-25,423.86651611328125,357.77301025390625,177.60523986816406,63.92082214355469,36.22898483276367,84.59983825683594,177.6199951171875
2023-08-28,426.55438232421875,360.46588134765625,179.1881866455078,64.5943374633789,36.58279800415039,84.68867492675781,178.1300048828125
2023-08-29,432.7201232910156,368.3385314941406,181.68820190429688,65.39527893066406,37.048343658447266,85.5682601928711,179.8699951171875
2023-08-30,434.5024108886719,370.3926696777344,182.3736114501953,65.35887908935547,36.927303314208984,85.47941589355469,180.32000732421875
2023-08-31,433.8665466308594,371.5032653808594,182.05503845214844,65.1040267944336,36.471065521240234,85.8614501953125,180.02000427246094
2023-09-01,434.6758117675781,371.110107421875,184.21719360351562,65.06761932373047,36.899375915527344,84.52388000488281,180.11000061035156
2023-09-05,432.7972106933594,371.58184814453125,180.33688354492188,64.50332641601562,36.60142135620117,83.33866119384766,178.63999938964844
2023-09-06,429.8877258300781,368.30908203125,179.6612091064453,64.3667984008789,36.396583557128906,83.54361724853516,177.8300018310547
2023-09-07,428.56787109375,365.6750183105469,177.9237518310547,64.15746307373047,35.9682731628418,83.77532196044922,178.02000427246094
2023-09-08,429.2132568359375,366.1861267089844,177.5279998779297,64.06644439697266,36.04275894165039,84.09612274169922,178.0800018310547
2023-09-11,432.0361328125,370.50079345703125,177.95272827148438,64.73086547851562,36.48968505859375,83.49014282226562,178.41000366210938
2023-09-12,429.6661682128906,366.3924560546875,177.77899169921875,64.4669189453125,36.37795639038086,83.97134399414062,177.49000549316406
2023-09-13,430.16717529296875,367.7881164550781,176.6110382080078,64.26667022705078,36.33140182495117,83.95353698730469,177.0800018310547
2023-09-14,433.87615966796875,370.795654296875,179.1013641357422,65.1131362915039,36.573486328125,83.34756469726562,177.1699981689453
2023-09-15,428.6486511230469,364.4465026855469,177.22879028320312,64.96749877929688,36.43382263183594,82.83960723876953,178.33999633789062
2023-09-18,428.9000549316406,364.8263854980469,176.0512237548828,64.7399673461914,36.38726806640625,83.31190490722656,179.38999938964844
2023-09-19,428.0106201171875,364.048828125,175.36582946777344,64.7945785522461,36.17311477661133,82.6970443725586,179.22000122070312
2023-09-20,424.07574462890625,358.802734375,173.60911560058594,64.63984680175781,36.02413558959961,82.95543670654297,179.35000610351562
2023-09-21,417.0664978027344,352.2278747558594,170.9160919189453,63.56584930419922,35.40030288696289,80.82566833496094,178.0500030517578
2023-09-22,416.1286926269531,352.27703857421875,170.5299835205078,63.620460510253906,35.819297790527344,81.4761734008789,178.6199951171875
2023-09-25,417.8786315917969,353.9502868652344,171.29254150390625,63.33831024169922,35.661014556884766,79.47115325927734,177.6999969482422
2023-09-26,411.73944091796875,348.63531494140625,169.0901641845703,62.519168853759766,35.15821838378906,79.19486999511719,176.27999877929688
2023-09-27,411.90374755859375,349.45220947265625,170.67091369628906,62.400840759277344,35.21408462524414,78.78497314453125,174.10000610351562
2023-09-28,414.2917785644531,352.3755187988281,172.21287536621094,62.91054153442383,35.307193756103516,79.02557373046875,173.22999572753906
2023-09-29,413.28631591796875,352.6313781738281,171.39825439453125,62.72850036621094,35.33513259887695,79.03450012207031,171.4499969482422
2023-10-02,413.1219787597656,355.5743713378906,168.80894470214844,61.809234619140625,35.15821838378906,77.71144104003906,169.64999389648438
2023-10-03,407.59185791015625,349.33416748046875,165.9674835205078,61.03559494018555,34.69266891479492,76.03971862792969,169.16000366210938
2023-10-04,410.5599060058594,354.088134765625,166.04507446289062,61.144805908203125,34.590248107910156,77.11247253417969,169.13999938964844
2023-10-05,410.4052429199219,353.0447692871094,166.17112731933594,61.68181610107422,34.72060012817383,76.72810363769531,168.8300018310547
2023-10-06,415.2779235839844,358.9602355957031,167.77127075195312,62.36442565917969,35.22339630126953,75.79838562011719,169.6999969482422
2023-10-09,417.9366455078125,360.7909240722656,168.7410430908203,62.27341842651367,35.05580139160156,77.57734680175781,172.82000732421875
2023-10-10,420.1119079589844,362.7889709472656,170.65150451660156,63.12896728515625,35.558589935302734,77.47006225585938,172.52999877929688
2023-10-11,421.8327941894531,365.3775634765625,170.360595703125,63.392921447753906,35.78205108642578,79.08810424804688,173.7899932861328
2023-10-12,419.2611083984375,364.10791015625,166.5105743408203,62.86502456665039,35.38167953491211,76.94264221191406,173.25999450683594
2023-10-13,417.1728210449219,359.53106689453125,165.123779296875,62.282527923583984,35.2513313293457,78.31932830810547,178.8300018310547
2023-10-16,421.56207275390625,363.5960998535156,167.7906951904297,62.73760223388672,35.51203536987305,77.05885314941406,177.9600067138672
2023-10-17,421.5427551269531,362.4050598144531,169.66232299804688,62.774017333984375,35.41891860961914,76.20960235595703,178.2899932861328
2023-10-18,415.9256591796875,357.651123046875,166.17112731933594,61.68181610107422,34.8788948059082,75.53913116455078,180.8699951171875
2023-10-19,412.2711486816406,354.30462646484375,163.5236358642578,61.13570785522461,34.67405319213867,73.99259948730469,183.08999633789062
2023-10-20,407.2051696777344,349.0191345214844,161.40951538085938,60.5896110534668,34.25505828857422,74.41275787353516,183.58999633789062
2023-10-23,406.4993896484375,350.0723876953125,160.04212951660156,60.635128021240234,34.22712326049805,75.30670928955078,182.97000122070312
2023-10-24,409.5640869140625,353.4779052734375,161.4386749267578,60.98099136352539,34.66474151611328,76.29898834228516,182.9499969482422
2023-10-25,403.68597412109375,344.82623291015625,158.77175903320312,60.544097900390625,34.20850372314453,74.6004638671875,183.72000122070312
2023-10-26,398.85205078125,338.2513427734375,159.1790313720703,60.107234954833984,34.04090118408203,75.7447509765625,184.00999450683594
2023-10-27,397.04412841796875,339.8753967285156,157.30740356445312,59.925193786621094,34.01296615600586,75.42291259765625,186.14999389648438
2023-10-30,401.7911376953125,343.7041931152344,158.18019104003906,60.689727783203125,34.36678695678711,75.08319091796875,185.10000610351562
2023-10-31,404.314453125,345.347900390625,159.54754638671875,60.90817642211914,34.17125701904297,74.71669006347656,184.08999633789062
2023-11-01,408.6263732910156,351.34197998046875,160.4591522216797,61.48158645629883,34.487831115722656,76.33670806884766,183.50999450683594
2023-11-02,416.4573974609375,357.7200012207031,164.7358856201172,62.73760223388672,35.093040466308594,78.07696533203125,184.1199951171875
2023-11-03,420.2569274902344,361.9228515625,169.21624755859375,63.40202331542969,35.80998992919922,78.60617065429688,184.7899932861328
2023-11-06,421.2237243652344,363.3992004394531,167.1021270751953,63.08345413208008,36.09862518310547,77.84371185302734,183.35000610351562
2023-11-07,422.4225158691406,366.83428955078125,166.5105743408203,62.701194763183594,36.033451080322266,78.99189758300781,182.58999633789062
2023-11-08,422.7319641113281,367.07049560546875,164.7358856201172,62.61928939819336,35.79136276245117,80.33744812011719,180.77000427246094
2023-11-09,419.4351806640625,364.24566650390625,162.1853485107422,62.61018753051758,35.45616912841797,78.48957061767578,181.49000549316406
2023-11-10,425.9803771972656,372.4347229003906,163.99884033203125,62.892337799072266,35.70756530761719,78.92911529541016,179.50999450683594
2023-11-13,425.5743408203125,371.2732849121094,164.05703735351562,63.056156158447266,35.69825744628906,78.74971008300781,180.50999450683594
2023-11-14,433.8307189941406,379.2655334472656,173.0662841796875,64.66716003417969,36.647972106933594,80.53475189208984,182.1199951171875
2023-11-15,434.74920654296875,379.5509948730469,173.3668975830078,64.56703186035156,36.955238342285156,79.40452575683594,181.63999938964844
2023-11-16,435.28094482421875,379.87579345703125,170.5642547607422,64.52153015136719,36.60142135620117,80.3912582397461,183.69000244140625
2023-11-17,435.8223571777344,379.96435546875,172.9013671875,65.39527893066406,36.647972106933594,80.76800537109375,183.6699981689453
2023-11-20,439.1771240234375,384.59039306640625,173.9099578857422,65.64102935791016,37.104209899902344,81.26136779785156,183.3699951171875
2023-11-21,438.2200012207031,382.35614013671875,171.6697540283203,65.38617706298828,36.871437072753906,81.22549438476562,185.35000610351562
2023-11-22,439.911865234375,383.92108154296875,172.7462158203125,65.54090881347656,36.79695129394531,81.51254272460938,184.55999755859375
2023-11-24,440.1826171875,383.37969970703125,173.9099578857422,66.04149627685547,36.815574645996094,80.55274200439453,185.52000427246094
2023-11-27,439.389892578125,383.0450744628906,173.3280792236328,65.81395721435547,36.666595458984375,81.89826965332031,186.77000427246094
2023-11-28,439.8248596191406,384.0490417480469,172.658935546875,65.83216094970703,36.973854064941406,82.05970764160156,189.25999450683594
2023-11-29,439.5154724121094,383.6750183105469,173.5705108642578,65.96868896484375,36.759708404541016,83.09130859375,189.5399932861328
2023-11-30,441.2460632324219,382.7104187011719,174.22998046875,65.9140853881836,36.834197998046875,82.13147735595703,188.75
2023-12-01,443.8564453125,383.80291748046875,179.32130432128906,66.60580444335938,36.99248123168945,83.67835998535156,192.00999450683594
2023-12-04,441.5264587402344,380.2399597167969,181.241455078125,66.08700561523438,36.573486328125,83.34542083740234,187.86000061035156
2023-12-05,441.4394836425781,381.1947021484375,178.8170166015625,65.8503646850586,36.35002517700195,85.13612365722656,187.14999389648438
2023-12-06,439.6605224609375,378.9898986816406,178.49696350097656,66.05059814453125,36.303470611572266,86.26995849609375,187.83999633789062
2023-12-07,443.01531982421875,384.2852783203125,179.78680419921875,66.36915588378906,36.480377197265625,85.77503204345703,188.14999389648438
2023-12-08,444.9198913574219,385.9978942871094,181.15415954589844,66.56938934326172,36.32209396362305,85.07315063476562,185.63999938964844
2023-12-11,446.6505126953125,389.2950744628906,181.53240966796875,66.73321533203125,36.5362434387207,84.8931655883789,183.58999633789062
2023-12-12,448.6904296875,392.39556884765625,181.34814453125,66.8515396118164,36.545555114746094,85.14514923095703,183.49000549316406
2023-12-13,454.87786865234375,397.3857727050781,187.48681640625,67.82542419433594,36.90868377685547,87.1428451538086,187.6300048828125
2023-12-14,456.3377685546875,397.041259765625,192.70423889160156,68.32601165771484,37.4487190246582,89.40966796875,188.72999572753906
2023-12-15,455.5863952636719,398.9605407714844,191.08468627929688,67.66159057617188,37.22525405883789,89.50896453857422,187.0
2023-12-18,458.1491394042969,401.47344970703125,191.15260314941406,67.82542419433594,37.20663070678711,88.7957763671875,187.85000610351562
2023-12-19,460.9350891113281,403.5248107910156,194.85711669921875,68.3988265991211,37.5232048034668,89.27424621582031,189.1300048828125
2023-12-20,454.5477600097656,397.52862548828125,191.04554748535156,67.70855712890625,36.84772872924805,89.8791275024414,188.10000610351562
2023-12-21,458.8577575683594,402.15399169921875,194.29644775390625,68.80523681640625,37.540279388427734,89.31036376953125,189.42999267578125
2023-12-22,459.7799072265625,402.75567626953125,196.1068572998047,68.8697509765625,37.36002731323242,88.90413665771484,190.27000427246094
2023-12-26,461.72137451171875,405.22119140625,198.65701293945312,69.1830825805664,37.65412902832031,89.15689086914062,191.72000122070312
2023-12-27,462.55621337890625,406.04608154296875,199.35781860351562,69.55172729492188,37.87232971191406,90.73673248291016,192.58999633789062
2023-12-28,462.73095703125,405.84869384765625,198.59860229492188,69.36740112304688,38.16642761230469,90.07772064208984,191.47000122070312
2023-12-29,461.3912658691406,404.09234619140625,195.357421875,69.44113159179688,38.14745330810547,89.26525115966797,191.1699981689453
2024-01-02,458.8092041015625,397.2541809082031,194.1991424560547,68.66700744628906,37.70156478881836,88.75065612792969,190.72000122070312
2024-01-03,455.062255859375,393.0506591796875,189.02101135253906,68.15091705322266,37.49285125732422,89.12081146240234,189.1300048828125
2024-01-04,453.5964050292969,391.02783203125,188.6511688232422,68.30757904052734,37.36951446533203,87.76664733886719,189.32000732421875
2024-01-05,454.2177734375,391.4915771484375,188.0963592529297,68.35365295410156,37.41695022583008,86.92705535888672,189.35000610351562
2024-01-08,460.7021179199219,399.58294677734375,191.48355102539062,69.08170318603516,37.52130889892578,87.78468322753906,187.8699951171875
2024-01-09,460.003173828125,400.372314453125,189.77049255371094,68.4642562866211,36.99003601074219,87.22498321533203,187.92999267578125
2024-01-10,462.604736328125,403.0858459472656,189.87757873535156,68.90660858154297,36.9046516418457,86.8187255859375,187.5
2024-01-11,462.40087890625,403.9245910644531,188.38832092285156,68.89739990234375,37.05643844604492,87.30622863769531,187.8699951171875
2024-01-12,462.7212219238281,404.13177490234375,188.0768585205078,69.1830825805664,37.18925857543945,87.13470458984375,189.7100067138672
2024-01-16,461.0224304199219,404.09234619140625,185.75064086914062,68.02190399169922,36.28799057006836,85.59999084472656,187.91000366210938
2024-01-17,458.459716796875,401.81292724609375,184.42689514160156,67.37679290771484,35.74722671508789,85.464599609375,185.83999633789062
2024-01-18,462.5367431640625,407.5163269042969,185.51702880859375,67.97582244873047,36.04132843017578,84.670166015625,187.3699951171875
2024-01-19,468.3027648925781,415.5977783203125,187.2982177734375,68.13248443603516,36.420806884765625,84.94098663330078,187.92999267578125
2024-01-22,469.2929382324219,416.14056396484375,191.2986297607422,68.34445190429688,36.09824752807617,85.44654083251953,187.22000122070312
2024-01-23,470.6616516113281,417.8673095703125,190.74383544921875,68.15091705322266,36.411319732666016,84.76948547363281,187.9499969482422
2024-01-24,471.1761779785156,420.1861572265625,189.17674255371094,68.66700744628906,36.81926727294922,84.27294921875,186.39999389648438
2024-01-25,473.73883056640625,420.69927978515625,190.74383544921875,68.86052703857422,36.866703033447266,84.8236312866211,187.13999938964844
2024-01-26,473.136962890625,418.19293212890625,190.75350952148438,69.16465759277344,36.89516067504883,84.66114807128906,187.00999450683594
2024-01-29,476.8839416503906,422.47540283203125,194.09207153320312,69.57014465332031,36.91413497924805,85.6361312866211,188.3300018310547
2024-01-30,476.51507568359375,419.6631774902344,192.4374237060547,69.47798919677734,36.620033264160156,86.41248321533203,188.58999633789062
2024-01-31,468.7396545410156,411.443603515625,187.7362060546875,69.12779235839844,36.420806884765625,87.26109313964844,188.4499969482422
2024-02-01,474.8746032714844,416.2885437011719,190.22796630859375,69.80975341796875,36.77183151245117,88.9728012084961,190.41000366210938
2024-02-02,479.8737487792969,423.3240051269531,189.22540283203125,69.2568130493164,36.667476654052734,87.00750732421875,188.61000061035156
2024-02-05,478.1264953613281,422.7714538574219,186.82130432128906,68.88817596435547,36.714908599853516,85.25052642822266,187.57000732421875
2024-02-06,479.5146179199219,421.9228820800781,188.50515747070312,69.3121109008789,37.549774169921875,86.08373260498047,188.5500030517578
2024-02-07,483.513916015625,426.2644958496094,188.06715393066406,69.27523803710938,37.59720993041992,85.6671142578125,188.5
2024-02-08,483.7275390625,427.053955078125,190.9189910888672,69.15543365478516,37.388484954833984,85.16901397705078,188.3300018310547
2024-02-09,486.5231628417969,431.2574768066406,194.02394104003906,69.39505004882812,37.549774169921875,84.9969253540039,187.60000610351562
2024-02-12,486.30963134765625,429.5701904296875,197.5474090576172,69.51485443115234,37.84386444091797,85.09654998779297,187.11000061035156
2024-02-13,479.61163330078125,422.8701171875,189.4200897216797,68.44581604003906,37.13233947753906,83.63842010498047,184.52999877929688
2024-02-14,483.9701843261719,427.4781799316406,193.81954956054688,69.21073913574219,37.663612365722656,84.06407928466797,184.4199981689453
2024-02-15,487.3094787597656,428.7511291503906,198.9879608154297,69.99407958984375,37.84386444091797,84.49880981445312,185.66000366210938
2024-02-16,484.8826904296875,424.8633728027344,196.2820587158203,70.10466766357422,38.02412033081055,84.009765625,186.33999633789062
2024-02-20,482.213134765625,421.6564636230469,193.57620239257812,70.39035034179688,38.08104705810547,84.0821762084961,187.47000122070312
2024-02-21,482.6500244140625,419.9690246582031,192.66128540039062,70.4456558227539,38.14745330810547,83.48445129394531,187.47999572753906
2024-02-22,492.638671875,432.2639465332031,194.1212615966797,71.23821258544922,38.53642272949219,83.89201354980469,187.55999755859375
2024-02-23,492.9784240722656,430.9910583496094,194.55926513671875,71.33037567138672,38.5174446105957,85.01502990722656,188.6199951171875
2024-02-26,491.1728515625,430.7640075683594,195.78567504882812,71.22899627685547,38.3466796875,84.7614517211914,188.1999969482422
2024-02-27,492.0854187011719,431.8001708984375,198.55966186523438,71.42252349853516,38.422576904296875,84.16370391845703,188.0
2024-02-28,491.43499755859375,429.50103759765625,196.92449951171875,71.0078125,37.91976547241211,84.69803619384766,188.33999633789062
2024-02-29,493.2016906738281,433.1816101074219,198.296875,71.192138671875,37.93873596191406,85.29578399658203,189.30999755859375
2024-03-01,497.8320007324219,439.7040100097656,200.39926147460938,71.88331604003906,38.403602600097656,85.82728576660156,192.88999938964844
2024-03-04,497.2981262207031,438.13507080078125,200.21434020996094,71.69900512695312,38.31822204589844,85.48204803466797,196.00999450683594
2024-03-05,492.3280944824219,430.2707214355469,198.296875,71.56997680664062,37.976688385009766,86.699462890625,197.19000244140625
2024-03-06,494.8227844238281,432.9744567871094,199.77633666992188,72.41783905029297,38.526939392089844,87.20819854736328,198.80999755859375
2024-03-07,499.7345886230469,439.546142578125,201.4407196044922,73.27490234375,38.76411819458008,87.1264419555664,199.94000244140625
2024-03-08,496.7351379394531,433.2013244628906,201.31422424316406,73.0353012084961,38.726165771484375,86.97201538085938,201.6300048828125
2024-03-11,496.3079833984375,431.593017578125,199.7179718017578,72.6205825805664,38.81155014038086,86.92658233642578,202.0
2024-03-12,501.6469421386719,437.7798767089844,199.44540405273438,73.20117950439453,39.23846435546875,86.19977569580078,199.7899932861328
2024-03-13,500.8605651855469,434.4150085449219,200.2240753173828,73.21040344238281,39.11512756347656,85.7818603515625,201.19000244140625
2024-03-14,499.8705139160156,433.31976318359375,196.64219665527344,72.6758804321289,38.9159049987793,84.46453094482422,200.35000610351562
2024-03-15,496.4381103515625,428.1689453125,197.01210021972656,72.70352172851562,38.67873001098633,84.437255859375,199.7100067138672
2024-03-18,499.38848876953125,432.25262451171875,195.88302612304688,72.68508911132812,38.74513626098633,84.18286895751953,200.02999877929688
2024-03-19,502.1637268066406,433.3294982910156,196.71034240722656,72.81411743164062,38.55539321899414,84.41908264160156,199.8000030517578
2024-03-20,506.8083190917969,438.4674072265625,200.60366821289062,73.5882339477539,38.991798400878906,84.39181518554688,202.17999267578125
2024-03-21,508.48321533203125,440.5422668457031,202.90853881835938,73.55138397216797,39.039241790771484,84.5735092163086,201.97000122070312
2024-03-22,507.5192565917969,441.0462341308594,200.1079559326172,73.39470672607422,38.76411819458008,85.38209533691406,200.35000610351562
2024-03-25,506.11700439453125,439.4455871582031,200.56658935546875,73.23805236816406,38.792572021484375,84.95509338378906,200.99000549316406
2024-03-26,505.1822814941406,438.02276611328125,200.20553588867188,73.32097625732422,38.76411819458008,85.1913070678711,201.63999938964844
2024-03-27,509.4276428222656,439.5147399902344,204.56739807128906,73.76335144042969,38.83052062988281,86.0362319946289,203.10000610351562
2024-03-28,509.330322265625,438.70452880859375,205.21141052246094,73.59746551513672,38.97283172607422,85.96356201171875,205.72000122070312
2024-04-01,508.44415283203125,439.63330078125,203.27931213378906,73.28411865234375,39.039241790771484,84.36111450195312,207.82000732421875
2024-04-02,505.2114562988281,435.8392028808594,199.5419921875,72.76803588867188,39.16256332397461,83.89620971679688,210.88999938964844
2024-04-03,505.7664794921875,436.8173522949219,200.84957885742188,73.17353057861328,39.1910285949707,83.87800598144531,212.74000549316406
2024-04-04,499.593017578125,430.1381530761719,198.83941650390625,72.54685974121094,39.04872131347656,84.4796142578125,211.52000427246094
2024-04-05,504.8121643066406,435.20684814453125,199.5029754638672,72.77725219726562,39.13410949707031,83.30374145507812,215.13999938964844
2024-04-08,505.0945739746094,435.33526611328125,200.5958709716797,73.13667297363281,39.390254974365234,83.29462432861328,216.47999572753906
2024-04-09,505.6788635253906,436.9458312988281,201.38629150390625,73.12744903564453,39.6558952331543,84.06939697265625,217.6699981689453
2024-04-10,500.615478515625,433.1319885253906,196.068115234375,72.1597900390625,39.11512756347656,82.23727416992188,215.61000061035156
2024-04-11,504.3935241699219,440.0483093261719,197.39523315429688,72.35333251953125,39.35231018066406,81.863525390625,219.8000030517578
2024-04-12,497.4313659667969,433.03314208984375,193.88232421875,71.18291473388672,38.4510383605957,82.30107879638672,216.88999938964844
2024-04-15,491.1994934082031,425.9092712402344,191.0427703857422,70.97095489501953,38.20438003540039,81.0249252319336,220.9499969482422
2024-04-16,490.3035583496094,425.9488220214844,190.3401641845703,70.27054595947266,37.70156478881836,80.48715209960938,221.22000122070312
2024-04-17,487.4018859863281,420.7516174316406,188.3300323486328,70.3166275024414,37.673095703125,81.38043212890625,219.58999633789062
2024-04-18,486.39898681640625,418.3507385253906,188.17388916015625,70.12308502197266,37.824893951416016,80.97026824951172,220.33999633789062
2024-04-19,482.1534423828125,409.6953430175781,188.46661376953125,70.15074920654297,37.673095703125,81.2619400024414,221.02999877929688
2024-04-22,486.5936584472656,413.8155822753906,190.57435607910156,70.97095489501953,38.08104705810547,81.12520599365234,215.57000732421875
2024-04-23,492.367919921875,419.9908447265625,193.76527404785156,71.74507904052734,38.39411544799805,81.15254974365234,215.0399932861328
2024-04-24,492.1341857910156,421.4136962890625,192.89674377441406,71.60684204101562,38.526939392089844,80.57830047607422,214.63999938964844
2024-04-25,490.2646789550781,419.3782653808594,191.72581481933594,71.27507019042969,38.6123161315918,80.0131607055664,215.9199981689453
2024-04-26,494.9093933105469,425.8500671386719,193.56033325195312,71.8464584350586,39.05820846557617,80.43244171142578,216.6199951171875
2024-04-29,496.6620788574219,427.5790710449219,195.12161254882812,72.1229248046875,39.43769073486328,81.10698699951172,216.17999267578125
2024-04-30,488.7944030761719,419.5166015625,191.15985107421875,71.21056365966797,38.88744354248047,80.41421508789062,211.8699951171875
2024-05-01,487.20721435546875,416.48321533203125,191.5599365234375,71.05389404296875,38.925392150878906,81.0069580078125,213.7899932861328
2024-05-02,491.7641906738281,421.7989807128906,195.0825653076172,72.01233673095703,39.9310188293457,81.35452270507812,213.1300048828125
2024-05-03,497.8597717285156,430.2764587402344,197.0146484375,72.73117065429688,40.291526794433594,82.1777572631836,212.9600067138672
2024-05-06,503.0011291503906,434.9894714355469,199.56150817871094,73.22883605957031,40.329471588134766,82.4979476928711,215.1999969482422
2024-05-07,503.55609130859375,435.05865478515625,200.01036071777344,73.42236328125,40.10178756713867,83.00102233886719,214.2100067138672
2024-05-08,503.6048278808594,434.8017578125,198.84918212890625,73.33940887451172,40.11127853393555,82.4979476928711,213.5800018310547
2024-05-09,506.50653076171875,435.7502746582031,200.8788604736328,73.90157318115234,40.23460388183594,82.90040588378906,216.9499969482422
2024-05-10,507.1589660644531,436.77783203125,199.36636352539062,74.0398178100586,40.319984436035156,82.43390655517578,218.7100067138672
2024-05-13,507.2270812988281,437.78564453125,199.78594970703125,74.0398178100586,40.62358093261719,82.64427947998047,216.25999450683594
2024-05-14,509.5543212890625,440.6015930175781,201.85464477539062,74.5927734375,40.841773986816406,83.11079406738281,218.08999633789062
2024-05-15,515.8641967773438,447.48834228515625,204.3722381591797,75.38533020019531,41.2781867980957,84.24504852294922,220.88999938964844
2024-05-16,514.802734375,446.579345703125,202.8987579345703,74.9798355102539,41.36355972290039,84.16271209716797,220.02999877929688
2024-05-17,515.5427856445312,446.3619384765625,203.0451202392578,75.23787689208984,41.543819427490234,83.59559631347656,223.66000366210938
2024-05-20,516.13671875,449.47430419921875,203.49398803710938,75.29316711425781,41.39202880859375,83.3486328125,224.55999755859375
2024-05-21,517.402587890625,450.3536376953125,203.298828125,75.1733627319336,41.1358757019043,83.77853393554688,224.22999572753906
2024-05-22,515.9127807617188,450.2647399902344,201.5814208984375,74.46375274658203,41.00305938720703,83.87915802001953,220.11000061035156
2024-05-23,512.1445922851562,448.2392578125,198.27345275878906,74.08589935302734,40.69947052001953,83.3394546508789,215.72000122070312
2024-05-24,515.5330200195312,452.4779968261719,200.46900939941406,74.69413757324219,40.813316345214844,83.5864486694336,215.9199981689453
2024-05-28,515.893310546875,454.18731689453125,200.19577026367188,74.66649627685547,40.75638961791992,82.38816833496094,218.19000244140625
2024-05-29,512.28076171875,450.9859924316406,197.23910522460938,73.48686218261719,40.14921951293945,81.39114379882812,216.16000366210938
2024-05-30,508.8824157714844,446.1544189453125,199.11264038085938,74.10433959960938,40.035377502441406,82.1777572631836,216.57000732421875
2024-05-31,513.5173950195312,445.3244934082031,200.79103088378906,74.81394958496094,39.64641189575195,82.73577117919922,215.3000030517578
2024-06-03,513.9360961914062,447.715576171875,199.65907287597656,75.02591705322266,40.0638427734375,84.073974609375,217.22000122070312
2024-06-04,514.5106201171875,448.94073486328125,197.08297729492188,74.93374633789062,39.50410461425781,85.0560531616211,215.27000427246094
2024-06-05,520.6256103515625,457.9913024902344,200.09820556640625,75.45905303955078,40.139739990234375,85.68019104003906,217.82000732421875
2024-06-06,520.6159057617188,457.833251953125,198.6637725830078,75.71710205078125,40.33896255493164,85.55169677734375,219.42999267578125
2024-06-07,519.9830322265625,457.42816162109375,196.33160400390625,74.89688110351562,39.883583068847656,83.9822006225586,211.60000610351562
2024-06-10,521.589599609375,459.2757263183594,197.00491333007812,74.84159851074219,40.12076187133789,83.42231750488281,213.5399932861328
2024-06-11,522.8457641601562,462.42767333984375,196.33169555664062,73.99114227294922,39.987022399902344,84.28508758544922,214.14999389648438
2024-06-12,527.139892578125,468.484375,199.34556579589844,74.8631591796875,40.38823699951172,84.91838836669922,214.72000122070312
2024-06-13,528.2012939453125,471.0237121582031,197.60377502441406,73.79422760009766,40.29270553588867,86.16663360595703,212.97000122070312
2024-06-14,528.5227661132812,473.4642028808594,194.46270751953125,72.97846221923828,40.34047317504883,86.89173126220703,215.72999572753906
2024-06-17,532.7290649414062,479.2640686035156,196.09683227539062,73.26912689208984,40.598384857177734,86.0289535522461,214.61000061035156
2024-06-18,534.0826416015625,479.4122619628906,196.4393310546875,73.55979919433594,40.97093963623047,86.81829071044922,215.47000122070312
2024-06-20,532.6317749023438,475.71697998046875,195.6075897216797,73.606689453125,40.904075622558594,86.24007415771484,218.16000366210938
2024-06-21,531.9176635742188,474.4423828125,196.04791259765625,73.09097290039062,40.76077651977539,86.24007415771484,214.77999877929688
2024-06-24,530.1885986328125,469.041015625,196.89923095703125,73.67233276367188,40.76077651977539,86.58885955810547,215.6300048828125
2024-06-25,532.2303466796875,474.40472412109375,196.25340270996094,73.8504867553711,40.66525650024414,86.73570251464844,214.55999755859375
2024-06-26,532.89453125,475.3844909667969,195.7347869873047,73.30663299560547,40.57928466796875,85.49663543701172,212.5800018310547
2024-06-27,533.734619140625,476.6116027832031,197.72119140625,73.3628921508789,40.60793685913086,85.83621978759766,214.99000549316406
2024-06-28,531.6343994140625,474.1375427246094,198.53338623046875,73.44729614257812,40.68436050415039,84.23918914794922,215.00999450683594
2024-07-01,532.7284545898438,476.9184265136719,196.869873046875,73.57855987548828,40.779884338378906,82.78531646728516,215.57000732421875
2024-07-02,536.3135986328125,481.9258728027344,197.54505920410156,73.75672149658203,40.904075622558594,83.42981719970703,215.55999755859375
2024-07-03,538.7069091796875,485.94378662109375,197.49612426757812,74.60060119628906,41.50587844848633,84.5255355834961,217.99000549316406
2024-07-05,541.8134765625,491.0106506347656,196.5567626953125,75.09758758544922,41.67782974243164,85.22532653808594,220.92999267578125
2024-07-08,542.4386596679688,492.1783752441406,197.9364776611328,74.7225112915039,41.6873779296875,85.40946197509766,218.19000244140625
2024-07-09,542.9661865234375,492.6038513183594,197.0753631591797,74.4224624633789,41.85932540893555,85.0319595336914,218.55999755859375
2024-07-10,548.3389892578125,497.74005126953125,199.0030517578125,75.47264862060547,42.09813690185547,85.29898834228516,219.36000061035156
2024-07-11,543.61083984375,486.8244934082031,206.15611267089844,75.68830871582031,42.34650802612305,86.12765502929688,223.25
2024-07-12,547.0396728515625,489.6845397949219,208.5632781982422,76.49469757080078,42.51845169067383,86.49595642089844,223.11000061035156
2024-07-15,548.5441284179688,491.00067138671875,212.5263214111328,75.819580078125,42.069480895996094,85.50153350830078,223.8300018310547
2024-07-16,551.7970581054688,491.188720703125,219.7772216796875,76.18527221679688,42.30829620361328,86.70773315429688,228.2899932861328
2024-07-17,544.0601806640625,476.7699279785156,217.4776611328125,75.78207397460938,41.620513916015625,86.72614288330078,227.22999572753906
2024-07-18,539.8792114257812,474.5136413574219,213.26998901367188,75.03194427490234,41.22885513305664,86.0632095336914,225.77999877929688
2024-07-19,536.2940673828125,470.30767822265625,212.18382263183594,74.57247924804688,40.82765197753906,85.55677795410156,221.72999572753906
2024-07-22,541.8232421875,477.3142395019531,215.5597381591797,75.36012268066406,41.171539306640625,85.30819702148438,221.8000030517578
2024-07-23,540.9732666015625,475.6318664550781,217.84950256347656,74.93817138671875,40.80854034423828,85.1884765625,222.5800018310547
2024-07-24,528.7134399414062,458.57080078125,213.1721649169922,73.99114227294922,40.216285705566406,84.26771545410156,221.8000030517578
2024-07-25,525.958740234375,453.5138854980469,215.833740234375,73.52230834960938,40.053890228271484,84.9582748413086,218.3300018310547
2024-07-26,531.8493041992188,458.16510009765625,219.40536499023438,74.45997619628906,40.46465301513672,85.62122344970703,220.6300048828125
2024-07-29,532.1619262695312,459.0854187011719,216.96881103515625,74.13178253173828,40.33091735839844,86.08160400390625,220.32000732421875
2024-07-30,529.4657592773438,452.7815246582031,217.79080200195312,74.3005599975586,40.149410247802734,86.41307067871094,222.52000427246094
2024-07-31,538.0719604492188,466.18096923828125,219.0531005859375,75.35074615478516,41.028255462646484,87.29703521728516,226.5500030517578
2024-08-01,530.4523315429688,454.8894348144531,211.9293975830078,73.35352325439453,40.31181335449219,88.0499496459961,225.77000427246094
2024-08-02,520.5762329101562,444.0926818847656,204.4338836669922,72.20018768310547,39.7386589050293,90.79369354248047,225.33999633789062
2024-08-05,505.4150695800781,430.8515319824219,197.8582000732422,70.62492370605469,38.611454010009766,91.2740707397461,222.47999572753906
2024-08-06,510.0747985839844,434.9683532714844,200.0109405517578,70.74681091308594,38.83116149902344,89.23242950439453,220.6999969482422
2024-08-07,506.6654052734375,430.25775146484375,197.64291381835938,71.0843734741211,39.06998062133789,88.60423278808594,220.5500030517578
2024-08-08,518.3781127929688,443.4197082519531,202.44749450683594,72.27521514892578,39.95836639404297,88.0591812133789,224.00999450683594
2024-08-09,520.6641235351562,445.7354431152344,202.02671813964844,72.55650329589844,40.178077697753906,88.92759704589844,224.55999755859375
2024-08-12,520.9376831054688,446.6953430175781,200.2066650390625,72.4908676147461,40.31181335449219,89.25092315673828,228.41000366210938
2024-08-13,529.5048217773438,457.7790832519531,203.50430297851562,73.73796844482422,40.76077651977539,89.86988830566406,228.05999755859375
2024-08-14,531.1752319335938,457.9276123046875,202.24197387695312,74.0098876953125,40.541072845458984,90.43340301513672,226.1999969482422
2024-08-15,540.2798461914062,469.4962463378906,207.48690795898438,74.91004943847656,40.99004364013672,89.7035903930664,226.91000366210938
2024-08-16,541.4910888671875,470.099853515625,208.03488159179688,75.32262420654297,41.46767044067383,90.01769256591797,231.99000549316406
2024-08-19,546.66845703125,476.275146484375,210.57904052734375,76.24153137207031,41.86888122558594,90.43340301513672,231.61000061035156
2024-08-20,545.7796020507812,475.275634765625,208.12294006347656,76.0071029663086,41.54409408569336,91.15398406982422,232.4600067138672
2024-08-21,547.6551513671875,477.4923400878906,210.83348083496094,76.71035766601562,41.706485748291016,91.20941925048828,232.14999389648438
2024-08-22,543.3568115234375,469.9217834472656,208.9742431640625,76.26028442382812,41.19064712524414,90.30406188964844,229.3699951171875
2024-08-23,549.1301879882812,475.018310546875,215.6478271484375,77.65740203857422,41.87843322753906,90.89533233642578,232.02000427246094
2024-08-26,547.8212280273438,470.40667724609375,215.71632385253906,77.31046295166016,41.52499008178711,90.66437530517578,232.75999450683594
2024-08-27,548.5733642578125,471.8119201660156,214.0430145263672,77.66678619384766,41.58230209350586,90.50731658935547,233.38999938964844
2024-08-28,545.3887329101562,466.4580993652344,212.59478759765625,77.39485931396484,41.324378967285156,90.39647674560547,231.75
2024-08-29,545.4375610351562,465.7752685546875,214.11154174804688,77.68553924560547,41.34348678588867,90.100830078125,232.9499969482422
2024-08-30,550.6444091796875,471.3270263671875,215.35426330566406,77.80742645263672,41.42945861816406,89.14004516601562,231.2899932861328
2024-09-03,539.3126220703125,457.0171203613281,208.76876831054688,76.57908630371094,40.60793685913086,90.59795379638672,230.2899932861328
2024-09-04,538.208740234375,455.82952880859375,208.41651916503906,76.24153137207031,40.598384857177734,91.7657699584961,230.42999267578125
2024-09-05,536.8997802734375,456.2550964355469,207.37925720214844,76.26028442382812,40.655704498291016,92.28479766845703,232.35000610351562
2024-09-06,527.8636474609375,444.03326416015625,203.435791015625,74.82566833496094,39.91059875488281,92.27552032470703,230.6300048828125
2024-09-09,533.773681640625,449.7433776855469,204.0033416748047,75.57579040527344,40.24494552612305,92.67406463623047,231.60000610351562
2024-09-10,536.0986938476562,453.8998107910156,203.8369903564453,75.20072174072266,40.09210205078125,93.32283782958984,232.6199951171875
2024-09-11,541.5985107421875,463.7564392089844,204.4338836669922,75.65080261230469,40.38823699951172,93.24870300292969,232.25
2024-09-12,546.1605834960938,468.3086853027344,207.06614685058594,76.26966094970703,40.722572326660156,92.81309509277344,236.3300018310547
2024-09-13,549.0130004882812,470.40667724609375,212.17405700683594,76.44781494140625,40.91362762451172,93.06334686279297,238.67999267578125
2024-09-16,549.8238525390625,468.3284912109375,212.93728637695312,77.0666732788086,41.04736328125,93.91605377197266,238.66000366210938
2024-09-17,550.0485229492188,468.57586669921875,214.6986541748047,76.6353530883789,41.095123291015625,93.46187591552734,237.33999633789062
2024-09-18,548.4170532226562,466.5471496582031,214.73776245117188,76.39156341552734,40.95183563232422,92.30331420898438,235.50999450683594
2024-09-19,557.7755126953125,478.34344482421875,219.1607208251953,77.90119171142578,41.82111358642578,91.99748992919922,239.1699981689453
2024-09-20,556.8114013671875,477.4329833984375,216.812255859375,77.13230895996094,41.73514175415039,91.64527893066406,242.2100067138672
2024-09-23,558.2028198242188,478.698486328125,216.01963806152344,77.42298126220703,42.0599250793457,91.45063781738281,242.67999267578125
2024-09-24,559.7999267578125,481.0075378417969,216.3817138671875,77.88243865966797,43.49281692504883,91.43212127685547,246.07000732421875
2024-09-25,558.5653686523438,481.4534912109375,213.74244689941406,77.46049499511719,43.0342903137207,90.672119140625,245.72999572753906
2024-09-26,560.77978515625,485.0707092285156,214.88143920898438,79.16704559326172,44.6104621887207,90.88528442382812,246.97999572753906
2024-09-27,559.9664916992188,482.37518310546875,216.33456420898438,78.68883514404297,44.52449035644531,91.35796356201172,245.02000427246094
2024-09-30,562.2103881835938,483.6833190917969,216.88442993164062,78.41690826416016,43.808048248291016,90.92236328125,243.05999755859375
2024-10-01,557.1738891601562,476.9444274902344,213.93882751464844,77.83556365966797,44.12328338623047,91.57881927490234,245.61000061035156
2024-10-02,557.4090576171875,477.6182861328125,213.64425659179688,77.67615509033203,44.99256896972656,90.80706787109375,245.66000366210938
2024-10-03,556.3900146484375,477.26153564453125,212.21075439453125,76.95416259765625,44.45762252807617,89.95160675048828,245.49000549316406
2024-10-04,561.4461059570312,482.9400329589844,215.1759796142578,77.40423583984375,44.868385314941406,88.84510803222656,245.0
2024-10-07,556.370361328125,477.7669982910156,213.48716735839844,76.97290802001953,45.24093246459961,88.17565155029297,244.1699981689453
2024-10-08,561.63232421875,484.9022521972656,213.6344451904297,76.85101318359375,44.12328338623047,88.32440948486328,242.3699951171875
2024-10-09,565.5223999023438,488.7176818847656,214.10574340820312,76.86976623535156,43.88446807861328,87.8222885131836,241.0500030517578
2024-10-10,564.5326538085938,488.1626892089844,212.91770935058594,76.77599334716797,43.97043991088867,87.478271484375,242.82000732421875
2024-10-11,567.9132690429688,488.9257507324219,217.24771118164062,77.16981506347656,44.285675048828125,87.12493133544922,245.47000122070312
2024-10-14,572.557861328125,493.0285339355469,218.84815979003906,77.39485931396484,44.10417938232422,87.19001770019531,245.07000732421875
2024-10-15,568.1093139648438,486.4383239746094,219.02490234375,76.1102523803711,43.168025970458984,88.2500228881836,245.9199981689453
2024-10-16,570.5784912109375,486.497802734375,222.6283416748047,76.30716705322266,43.50237274169922,88.6219711303711,247.14999389648438
2024-10-17,570.6275024414062,486.8347473144531,222.0195770263672,76.31654357910156,43.43549728393555,87.21791076660156,248.6300048828125
2024-10-18,572.8224487304688,490.0257873535156,221.55812072753906,76.83226776123047,43.86536407470703,87.28300476074219,251.27000427246094
2024-10-21,571.8817749023438,490.96728515625,218.07247924804688,75.92272186279297,43.5596809387207,85.7580795288086,251.22000122070312
2024-10-22,571.5780029296875,491.50244140625,217.24771118164062,75.49140167236328,43.46416091918945,85.84176635742188,253.92999267578125
2024-10-23,566.355224609375,483.97064208984375,215.2643585205078,74.73188781738281,43.20623779296875,85.60932159423828,250.8699951171875
2024-10-24,567.5801391601562,487.89508056640625,215.7356719970703,75.15384674072266,43.13936996459961,86.15792083740234,252.8000030517578
2024-10-25,567.3840942382812,490.8681640625,214.9207000732422,74.90067291259766,43.101158142089844,85.67440795898438,253.32000732421875
2024-10-28,569.1381225585938,490.9473876953125,218.4259490966797,75.50077056884766,43.29220962524414,85.44193267822266,253.3300018310547
2024-10-29,570.0592041015625,495.6646728515625,217.71902465820312,75.22885131835938,43.15847396850586,85.57211303710938,256.0899963378906
2024-10-30,568.3346557617188,491.9186096191406,217.42445373535156,74.74126434326172,42.73816680908203,85.82318115234375,257.5
2024-10-31,557.1934814453125,479.5012512207031,213.81117248535156,74.28181457519531,42.46113967895508,85.96263885498047,253.50999450683594
2024-11-01,559.5452880859375,483.0490417480469,215.00906372070312,74.43183898925781,42.49934768676758,84.750732421875,252.47000122070312
2024-11-04,558.3399047851562,481.641845703125,216.09893798828125,74.48810577392578,42.73816680908203,86.06620788574219,252.8300018310547
2024-11-05,565.0912475585938,487.7861022949219,220.1638641357422,75.22885131835938,43.320865631103516,86.52336883544922,253.39999389648438
2024-11-06,579.142578125,501.0359191894531,232.91830444335938,74.14115905761719,42.78592300415039,84.15361785888672,245.6999969482422
2024-11-07,583.62060546875,508.9243469238281,232.0935516357422,75.26634979248047,43.73162841796875,85.2078628540039,249.64999389648438
2024-11-08,586.1486206054688,509.5190124511719,233.80197143554688,74.22554779052734,42.652191162109375,86.29012298583984,247.9600067138672
2024-11-11,586.7072143554688,509.2217102050781,237.3170623779297,74.24430084228516,42.32740783691406,85.87028503417969,242.13999938964844
2024-11-12,584.8846435546875,508.3000183105469,233.1539764404297,72.86592864990234,41.52499008178711,84.5827865600586,240.0500030517578
2024-11-13,585.1688232421875,507.64599609375,230.84657287597656,72.43461608886719,41.257511138916016,83.78044891357422,237.6300048828125
2024-11-14,581.4060668945312,504.1180114746094,227.7340545654297,72.58464050292969,41.028255462646484,84.26557922363281,237.00999450683594
2024-11-15,573.9590454101562,492.10693359375,224.3367919921875,72.32208251953125,41.028255462646484,84.04167175292969,236.58999633789062
2024-11-18,576.3107299804688,495.5259094238281,224.77862548828125,72.71591186523438,41.4963264465332,84.1909408569336,241.08999633789062
2024-11-19,578.4174194335938,498.9349670410156,226.44781494140625,72.62213897705078,41.46767044067383,84.62010192871094,243.25
2024-11-20,578.6134033203125,498.6476135253906,226.74234008789062,72.42523193359375,41.41990661621094,84.34954071044922,244.6199951171875
2024-11-21,581.7196655273438,500.4413757324219,230.18873596191406,72.4439926147461,41.33393478393555,84.28422546386719,246.66000366210938
2024-11-22,583.5226440429688,501.2440185546875,234.440185546875,72.72528076171875,41.34348678588867,84.33088684082031,249.83999633789062
2024-11-25,585.5020141601562,502.0368957519531,238.00437927246094,73.10035705566406,41.37214279174805,86.51404571533203,242.47999572753906
2024-11-26,588.5592041015625,504.73236083984375,236.2566375732422,72.67839813232422,41.200199127197266,86.17815399169922,242.9499969482422
2024-11-27,586.77587890625,500.7584228515625,236.58067321777344,73.07221984863281,41.257511138916016,86.77527618408203,243.49000549316406
2024-11-29,590.4209594726562,505.15850830078125,237.48397827148438,74.04739379882812,41.324378967285156,87.67090606689453,245.58999633789062
2024-12-02,591.4791870117188,510.65863037109375,237.3661346435547,74.25367736816406,41.48677444458008,87.88155364990234,243.44000244140625
2024-12-03,591.7534790039062,512.2244262695312,235.67735290527344,74.67562103271484,41.572750091552734,87.12324523925781,243.92999267578125
2024-12-04,595.4280395507812,518.5570068359375,236.52175903320312,74.73188781738281,41.67782974243164,88.0594482421875,244.6699981689453
2024-12-05,594.4481201171875,517.1200561523438,233.76271057128906,75.09758758544922,41.95484924316406,88.23731231689453,242.86000061035156
2024-12-06,595.574951171875,521.7481689453125,234.5972900390625,75.08820343017578,41.88798141479492,88.36837768554688,242.9499969482422
2024-12-09,592.5079345703125,517.6849365234375,233.4190673828125,75.04131317138672,42.747711181640625,87.55389404296875,245.36000061035156
2024-12-10,590.6658935546875,515.9208984375,232.40773010253906,74.36620330810547,42.0599250793457,87.14195251464844,248.58999633789062
2024-12-11,595.2321166992188,525.1571655273438,233.45831298828125,74.83502960205078,42.231876373291016,86.31809997558594,250.9600067138672
2024-12-12,592.1651000976562,521.767822265625,230.42433166503906,74.17866516113281,42.0217170715332,85.26953887939453,247.27999877929688
2024-12-13,592.0474853515625,525.76171875,228.8435516357422,73.97237396240234,42.0599250793457,84.39888763427734,244.2899932861328
2024-12-16,594.5755004882812,533.3330688476562,230.18873596191406,73.72858428955078,41.83066940307617,84.65165710449219,244.8800048828125
2024-12-17,592.1259155273438,530.984375,227.55345153808594,73.61168670654297,41.730613708496094,84.85763549804688,243.94000244140625
2024-12-18,574.478515625,511.8280029296875,217.47914123535156,71.80584716796875,40.75923156738281,83.7965316772461,239.25999450683594
2024-12-19,574.302001953125,509.54876708984375,216.5140380859375,71.5777359008789,40.895225524902344,82.52774047851562,239.60000610351562
2024-12-20,581.199951171875,513.998291015625,218.54269409179688,71.37814331054688,41.06036376953125,82.99766540527344,242.10000610351562
2024-12-23,584.6803588867188,519.006103515625,218.04046630859375,71.84385681152344,41.29349136352539,82.23639678955078,240.9600067138672
2024-12-24,591.1790771484375,526.0438232421875,219.9903106689453,72.10047912597656,41.41977310180664,82.58412170410156,241.44000244140625
2024-12-26,591.218505859375,525.6864013671875,222.24545288085938,72.44263458251953,41.274070739746094,82.5371322631836,243.07000732421875
2024-12-27,584.9949340820312,518.6983642578125,219.00555419921875,72.33809661865234,41.08950424194336,81.8604507446289,241.39999389648438
2024-12-30,578.3192749023438,511.7996826171875,217.32154846191406,71.86286926269531,40.75923156738281,82.51835632324219,240.6300048828125
2024-12-31,576.2152099609375,507.4521179199219,217.59730529785156,71.86286926269531,40.62323760986328,82.07660675048828,242.1300048828125
2025-01-02,574.7994995117188,506.4595031738281,217.7745819091797,71.61575317382812,40.56495666503906,82.30217742919922,245.4199981689453
2025-01-03,581.9865112304688,514.747802734375,221.01449584960938,71.92940521240234,40.94380187988281,82.03901672363281,243.49000549316406
2025-01-06,585.3390502929688,520.6636962890625,221.10311889648438,72.61371612548828,41.08950424194336,81.6724853515625,243.19000244140625
2025-01-07,578.7223510742188,511.3728332519531,219.3305206298828,72.55668640136719,40.79808807373047,80.75141143798828,244.55999755859375
2025-01-08,579.5679321289062,511.46221923828125,218.33587646484375,72.44263458251953,40.60381317138672,80.85481262207031,245.86000061035156
2025-01-10,570.7193603515625,503.4419860839844,213.53016662597656,71.34012603759766,39.91413116455078,80.3191146850586,248.2100067138672
2025-01-13,571.6041870117188,501.823974609375,213.94375610351562,71.14053344726562,39.642147064208984,80.29090881347656,245.74000549316406
2025-01-14,572.3907470703125,501.3475341796875,216.37619018554688,71.39715576171875,40.0889778137207,80.15933990478516,247.02999877929688
2025-01-15,582.802490234375,512.881591796875,220.6304168701172,72.30957794189453,40.613529205322266,81.54090881347656,248.8800048828125
2025-01-16,581.6817016601562,509.2884521484375,221.07359313964844,72.68025207519531,40.56495666503906,81.80406951904297,250.60000610351562
2025-01-17,587.521728515625,517.8843994140625,222.02883911132812,72.97488403320312,40.88551330566406,81.94503784179688,249.27000427246094
2025-01-21,592.8995971679688,520.9218139648438,226.2928924560547,74.44807434082031,41.322635650634766,82.67810821533203,253.1300048828125
2025-01-22,596.2325439453125,527.582275390625,224.8157501220703,74.2770004272461,41.351776123046875,82.24578857421875,254.42999267578125
2025-01-23,599.48681640625,528.7039184570312,225.83993530273438,74.8852767944336,41.448909759521484,81.60671997070312,254.07000732421875
2025-01-24,597.7367553710938,525.716064453125,225.2096710205078,75.30347442626953,41.72090530395508,81.97323608398438,255.64999389648438
2025-01-27,589.2816162109375,510.4101257324219,223.05299377441406,75.30347442626953,40.96322250366211,82.94127655029297,252.99000549316406
2025-01-28,594.3449096679688,517.9539184570312,223.2991943359375,75.20842742919922,41.26435470581055,82.8848876953125,255.17999267578125
2025-01-29,591.6804809570312,516.9811401367188,222.787109375,75.19892120361328,41.274070739746094,82.71571350097656,254.1999969482422
2025-01-30,594.856201171875,519.1846923828125,225.05209350585938,76.02579498291016,41.97346115112305,83.0258560180664,258.04998779296875
2025-01-31,591.6903076171875,518.430419921875,223.03329467773438,75.31297302246094,41.49748229980469,82.48075103759766,258.55999755859375
2025-02-03,587.70849609375,514.2813110351562,220.42364501953125,74.4290542602539,41.196353912353516,83.15231323242188,259.94000244140625
2025-02-04,591.6510009765625,520.5942993164062,223.47645568847656,75.2939682006836,41.934608459472656,83.406982421875,262.5
2025-02-05,594.0498657226562,522.9566650390625,225.90884399414062,76.02579498291016,41.827754974365234,84.78404998779297,264.1300048828125
2025-02-06,596.1145629882812,525.6864013671875,225.17027282714844,76.38697052001953,42.00260543823242,84.74632263183594,263.42999267578125
2025-02-07,590.657958984375,519.0557861328125,222.56060791015625,75.66463470458984,41.963748931884766,84.19925689697266,263.8999938964844
2025-02-10,594.6693115234375,525.3388671875,223.56509399414062,76.1778793334961,42.4688720703125,83.944580078125,268.3699951171875
2025-02-11,595.1216430664062,524.0882568359375,222.2651824951172,76.53904724121094,42.303733825683594,83.406982421875,267.3900146484375
2025-02-12,593.2044067382812,524.3958740234375,220.21681213378906,76.82417297363281,42.536865234375,82.27513122558594,267.6700134277344
2025-02-13,599.4671020507812,531.9398803710938,222.69845581054688,77.75559997558594,42.8088493347168,83.64276885986328,270.30999755859375
2025-02-14,599.4376831054688,534.1732177734375,222.53106689453125,77.86965942382812,43.139122009277344,84.08607482910156,266.2900085449219
2025-02-18,601.1975708007812,535.3841552734375,223.75221252441406,78.43041229248047,43.411109924316406,83.09571075439453,270.70001220703125
2025-02-19,602.6133422851562,535.5330810546875,222.9840545654297,77.6225357055664,43.343109130859375,83.19945526123047,270.8500061035156
2025-02-20,600.106201171875,533.2598876953125,220.84707641601562,77.98371124267578,43.74137878417969,83.51073455810547,270.989990234375
2025-02-21,589.8419799804688,522.1923217773438,214.4853973388672,77.49898529052734,43.61510467529297,84.51995849609375,270.739990234375
2025-02-24,587.1578979492188,516.0282592773438,212.9392852783203,77.45146179199219,42.944847106933594,84.76516723632812,272.2099914550781
2025-02-25,584.2379150390625,509.5267333984375,212.13177490234375,78.15479278564453,42.9739875793457,86.22714233398438,268.6199951171875
2025-02-26,584.5328369140625,510.7575378417969,212.3976593017578,78.25933837890625,43.40139389038086,86.73645782470703,269.0299987792969
2025-02-27,575.2025146484375,496.5731201171875,209.15773010253906,77.37543487548828,42.55629348754883,86.12337493896484,264.92999267578125
2025-02-28,584.178955078125,504.41473388671875,211.38331604003906,77.5370101928711,41.97346115112305,87.17976379394531,263.2699890136719
2025-03-03,573.9442138671875,493.37689208984375,205.6026611328125,78.39241027832031,41.60434341430664,87.58660888671875,266.739990234375
2025-03-04,567.150390625,491.8879699707031,203.27859497070312,78.3733901977539,41.95403289794922,86.50798797607422,269.05999755859375
2025-03-05,573.24609375,498.3002014160156,205.29737854003906,80.24576568603516,43.20711898803711,85.8172836303711,269.6199951171875
2025-03-06,563.0703125,484.5923156738281,202.15594482421875,79.41887664794922,42.93513488769531,85.53343963623047,268.25
2025-03-07,566.2261962890625,488.15576171875,202.81573486328125,80.24576568603516,43.148834228515625,85.25904846191406,268.3900146484375
2025-03-10,551.1444702148438,469.2366027832031,197.71456909179688,78.35438537597656,42.11916732788086,86.14845275878906,266.0400085449219
2025-03-11,546.5628662109375,468.114990234375,197.6948699951172,78.0882568359375,42.4688720703125,85.53343963623047,269.1600036621094
2025-03-12,549.4632568359375,473.3956604003906,198.03955078125,78.64901733398438,42.70199966430664,85.02249908447266,270.3299865722656
2025-03-13,542.138671875,464.8790283203125,195.08522033691406,78.12628173828125,42.52714920043945,85.76997375488281,275.1300048828125
2025-03-14,553.3369750976562,476.1153869628906,199.80230712890625,79.56143951416016,43.304256439208984,85.31581115722656,275.239990234375
2025-03-17,557.6039428710938,479.202392578125,202.32334899902344,80.4548568725586,44.04250717163086,85.74159240722656,276.7300109863281
2025-03-18,551.5770263671875,471.03326416015625,200.5665283203125,80.44535827636719,43.819091796875,85.82675170898438,279.9599914550781
2025-03-19,557.5842895507812,477.3363342285156,203.68539428710938,80.68296813964844,43.925941467285156,86.27144622802734,281.1099853515625
2025-03-20,555.9718017578125,475.7183532714844,202.39244079589844,80.00814819335938,43.51796340942383,86.32820892333984,280.75
2025-03-21,556.1552734375,477.28668212890625,201.13894653320312,79.51392364501953,43.304256439208984,85.8172836303711,278.489990234375
2025-03-24,566.1151733398438,487.7604064941406,206.14300537109375,79.5044174194336,43.498531341552734,84.9373550415039,277.25
2025-03-25,567.4760131835938,490.54388427734375,204.9980926513672,79.94161987304688,43.372257232666016,84.9278793334961,278.4700012207031
2025-03-26,560.7013549804688,481.51751708984375,202.91554260253906,78.9056396484375,43.109981536865234,84.36963653564453,278.239990234375
2025-03-27,559.2123413085938,478.77386474609375,201.9482879638672,79.07671356201172,43.32368469238281,84.1236572265625,281.9700012207031
2025-03-28,547.9506225585938,466.1687927246094,197.8424072265625,78.3733901977539,42.51743698120117,85.28742980957031,284.05999755859375
2025-03-31,551.6289672851562,466.14892578125,196.8948974609375,77.67957305908203,42.449440002441406,86.12950897216797,288.1400146484375
2025-04-01,553.1869506835938,469.90655517578125,196.91461181640625,77.79362487792969,42.58543395996094,86.8758773803711,287.57000732421875
2025-04-02,556.687744140625,473.336181640625,200.02365112304688,77.97420501708984,42.643714904785156,86.81891632080078,288.1600036621094
2025-04-03,529.2537231445312,447.996826171875,187.18289184570312,76.3394546508789,41.740333557128906,87.21772003173828,286.4200134277344
2025-04-04,498.2696838378906,420.1722106933594,178.83294677734375,71.3021011352539,39.41872787475586,88.16728973388672,279.7200012207031
2025-04-07,497.3821716308594,421.1861877441406,177.2142791748047,69.5818099975586,37.951934814453125,85.50850677490234,273.7099914550781
2025-04-08,489.5917663574219,413.60125732421875,172.54583740234375,69.34420013427734,37.41767501831055,83.89423370361328,275.20001220703125
2025-04-09,541.0084228515625,463.24615478515625,187.21250915527344,74.69517517089844,40.01126480102539,84.38800048828125,285.3800048828125
2025-04-10,517.3018798828125,443.54327392578125,179.34619140625,73.22200012207031,39.32158660888672,82.06156921386719,292.3500061035156
2025-04-11,526.531982421875,451.71466064453125,181.9617156982422,75.05635833740234,40.55524444580078,82.50786590576172,297.92999267578125
2025-04-14,531.64013671875,454.7764892578125,184.10348510742188,75.86422729492188,40.92436981201172,83.09661102294922,296.2300109863281
2025-04-15,530.151123046875,455.283447265625,184.3304901123047,76.54854583740234,40.88551330566406,83.39097595214844,297.7799987792969
2025-04-16,518.366943359375,441.5550842285156,182.56378173828125,76.25390625,40.40953826904297,83.85626983642578,307.4700012207031
2025-04-17,519.1064453125,441.4755554199219,184.05413818359375,77.08079528808594,40.720375061035156,83.11558532714844,306.1199951171875
2025-04-21,506.7503356933594,430.5505065917969,180.36279296875,76.66259765625,40.710662841796875,81.6627426147461,315.5899963378906
2025-04-22,519.9349365234375,441.8533630371094,185.03126525878906,78.24983978271484,41.322635650634766,82.11853790283203,311.1099853515625
2025-04-23,527.9915161132812,451.87371826171875,187.77508544921875,78.56349182128906,41.798614501953125,82.91619873046875,303.6499938964844
2025-04-24,539.1051635742188,464.5881652832031,191.5355224609375,79.60897064208984,42.284305572509766,83.78978729248047,308.07000732421875
2025-04-25,543.0003662109375,469.7673645019531,191.59475708007812,79.95113372802734,42.20659255981445,84.40699768066406,304.7300109863281
2025-04-28,543.2074584960938,469.6182556152344,192.4040985107422,80.4833755493164,42.284305572509766,84.93875885009766,309.07000732421875
2025-04-29,546.6293334960938,472.7198181152344,193.53912353515625,80.64495086669922,42.40087127685547,85.65093994140625,306.05999755859375
2025-04-30,546.84619140625,472.6601867675781,192.32513427734375,80.5499038696289,42.50772476196289,84.95774841308594,303.7699890136719
2025-05-01,550.7216796875,478.8334655761719,193.51937866210938,80.29328918457031,42.498008728027344,84.52696990966797,297.4599914550781
2025-05-02,558.8966674804688,485.94122314453125,197.8720245361328,81.83300018310547,43.71223831176758,83.61203002929688,297.9800109863281
2025-05-05,555.6918334960938,483.058349609375,196.35203552246094,81.97557067871094,44.04250717163086,83.14501953125,306.8800048828125
2025-05-06,551.0471801757812,478.5650939941406,194.21026611328125,81.87101745605469,43.86766052246094,83.42141723632812,315.4800109863281
2025-05-07,553.3645629882812,480.4438781738281,194.85182189941406,81.59538269042969,43.36254119873047,83.77405548095703,310.75
2025-05-08,557.2202758789062,485.4044189453125,198.5629119873047,81.31026458740234,43.33340072631836,82.84004211425781,304.6300048828125
2025-05-09,556.51025390625,485.0862731933594,198.19772338867188,81.70944213867188,43.62481689453125,82.96395111083984,306.8399963378906
2025-05-12,574.9015502929688,504.8488464355469,205.16587829589844,82.12763977050781,44.56705856323242,82.19196319580078,298.19000244140625
2025-05-13,578.6982421875,512.5431518554688,205.916015625,82.232177734375,44.6447639465332,81.85841369628906,299.4599914550781
2025-05-14,579.437744140625,515.6148071289062,204.09007263183594,81.83300018310547,44.9847526550293,81.31515502929688,293.1600036621094
2025-05-15,582.2678833007812,516.181396484375,205.42250061035156,82.72640991210938,44.96532440185547,82.02996063232422,297.8399963378906
2025-05-16,585.9559936523438,518.4281616210938,207.1201171875,82.91649627685547,44.936180114746094,82.2491455078125,294.239990234375
2025-05-19,586.596923828125,518.9251708984375,206.2515869140625,83.70536804199219,45.03331756591797,82.01089477539062,298.0299987792969
2025-05-20,584.6246948242188,517.1953735351562,206.3601531982422,84.10455322265625,44.9847526550293,81.41999816894531,303.5799865722656
2025-05-21,574.7733154296875,510.0080871582031,200.5665283203125,83.61032104492188,44.86818313598633,80.02851867675781,305.82000732421875
2025-05-22,575.0001831054688,510.9624938964844,200.55662536621094,83.56279754638672,44.722476959228516,80.4478759765625,303.1099853515625
2025-05-23,571.0753784179688,506.2305908203125,199.9249725341797,83.6768569946289,44.907039642333984,80.581298828125,309.75
2025-05-27,582.9483032226562,518.1397705078125,204.9980926513672,84.89342498779297,44.80018615722656,81.7059097290039,304.5
2025-05-28,579.5757446289062,515.8433837890625,202.83656311035156,83.91446685791016,44.596195220947266,81.35326385498047,303.80999755859375
2025-05-29,581.8635864257812,516.857421875,203.43862915039062,84.2851333618164,44.76133346557617,82.106201171875,305.6099853515625
2025-05-30,581.2127685546875,516.042236328125,202.40232849121094,84.40869140625,44.21735763549805,82.23009490966797,303.6000061035156
2025-06-02,584.4866943359375,520.1180419921875,203.0339813232422,85.31161499023438,44.53791046142578,81.46480560302734,311.6700134277344
2025-06-03,587.8197631835938,524.183837890625,206.310791015625,84.66532135009766,44.6447639465332,81.32130432128906,308.9100036621094
2025-06-04,587.6619873046875,525.6452026367188,205.7284698486328,85.04549407958984,45.19845199584961,82.64142608642578,310.8999938964844
2025-06-05,584.8218994140625,521.688720703125,205.81729125976562,84.98846435546875,45.43158721923828,82.69883728027344,309.3299865722656
2025-06-06,590.8275146484375,526.7883911132812,209.14344787597656,85.2926025390625,45.577293395996094,81.64656066894531,305.17999267578125
2025-06-09,591.3599853515625,527.5637817382812,210.58445739746094,85.2831039428711,45.96584701538086,81.7326431274414,306.6199951171875
2025-06-10,594.7127685546875,531.0530395507812,211.71949768066406,85.39715576171875,46.228118896484375,82.15357208251953,306.7099914550781
2025-06-11,593.0166625976562,529.263671875,210.85096740722656,85.25458526611328,46.422401428222656,82.40227508544922,308.3699951171875
2025-06-12,595.3734741210938,530.5062255859375,210.01202392578125,85.91039276123047,46.50010681152344,83.3875732421875,312.20001220703125
2025-06-13,588.7171020507812,523.845947265625,206.17262268066406,84.8078842163086,45.76185989379883,82.58403778076172,316.2900085449219
2025-06-16,594.318359375,531.132568359375,208.60337829589844,85.12599182128906,46.32286834716797,81.75179290771484,311.7799987792969
2025-06-17,589.2398681640625,525.953369140625,206.40618896484375,84.08174133300781,45.714778900146484,82.74667358398438,311.94000244140625
2025-06-18,589.1510620117188,525.8638305664062,207.494873046875,84.22677612304688,45.7049674987793,82.89014434814453,310.260009765625
2025-06-20,587.7673950195312,523.7167358398438,207.0594024658203,83.47259521484375,45.44015884399414,82.73709869384766,310.1300048828125
2025-06-23,593.5730590820312,529.1017456054688,209.5930938720703,84.10108184814453,45.8128547668457,83.00493621826172,311.0799865722656
2025-06-24,600.13037109375,537.1928100585938,212.26531982421875,85.12599182128906,46.99961471557617,83.60762023925781,306.19000244140625
2025-06-25,600.4666748046875,538.5661010742188,209.79103088378906,84.66188049316406,47.038848876953125,83.71283721923828,307.1199951171875
2025-06-26,605.1646118164062,543.6019287109375,213.19566345214844,85.60944366455078,47.35270309448242,84.13373565673828,306.7799987792969
2025-06-27,608.1712646484375,545.462890625,213.26495361328125,86.38296508789062,47.166351318359375,83.59805297851562,301.2200012207031
2025-06-30,611.0790405273438,548.9959106445312,213.57176208496094,86.43131256103516,47.313472747802734,84.42073059082031,304.8299865722656
2025-07-01,610.8812866210938,544.3681640625,215.7689208984375,86.2862777709961,47.4017448425293,84.63004302978516,307.54998779296875
2025-07-02,613.650634765625,548.1599731445312,218.75790405273438,86.53766632080078,47.60771179199219,84.09233856201172,309.25
2025-07-03,618.4869995117188,553.553955078125,220.7868194580078,86.5570068359375,47.823482513427734,83.50663757324219,307.1400146484375
2025-07-07,613.8781127929688,549.3840942382812,217.47125244140625,85.61911010742188,47.14673614501953,82.70970153808594,307.3699951171875
2025-07-08,613.5418090820312,549.692626953125,218.9756622314453,86.24759674072266,47.440975189208984,82.60407257080078,304.1600036621094
2025-07-09,617.2210693359375,553.5838623046875,221.3509521484375,86.89542388916016,47.36251449584961,83.46822357177734,305.5199890136719
2025-07-10,618.9617919921875,552.7876586914062,222.4891357421875,86.83740234375,47.490013122558594,83.52584075927734,306.20001220703125
2025-07-11,616.7858276367188,551.5436401367188,219.42098999023438,86.00586700439453,47.33308792114258,82.3736343383789,309.1400146484375
2025-07-14,617.9628295898438,553.5440063476562,220.89569091796875,86.00586700439453,47.4017448425293,82.20079803466797,308.010009765625
2025-07-15,615.3221435546875,554.0515747070312,216.57061767578125,85.10665130615234,47.745018005371094,81.62469482421875,306.7300109863281
2025-07-16,617.3792724609375,554.6187744140625,218.7480010986328,85.4547348022461,47.970603942871094,81.73991394042969,308.260009765625
2025-07-17,621.1573486328125,559.107177734375,221.61819458007812,85.6771240234375,48.24522399902344,81.72069549560547,307.5899963378906
2025-07-18,620.7025146484375,558.56982421875,220.04454040527344,85.4354019165039,48.1373405456543,81.84552001953125,308.3900146484375
2025-07-21,621.8793334960938,561.4658813476562,219.15377807617188,85.88984680175781,48.45119094848633,82.57525634765625,313.1300048828125
2025-07-22,621.9683837890625,558.5598754882812,220.97486877441406,86.3636245727539,48.480613708496094,83.07454681396484,316.1000061035156
2025-07-23,627.259765625,561.1075439453125,224.34982299804688,88.51014709472656,48.971012115478516,82.61366271972656,312.17999267578125
2025-07-24,627.4674682617188,562.3018798828125,221.2519989013672,87.8526611328125,48.706199645996094,82.46963500976562,310.2699890136719
2025-07-25,630.1181030273438,563.6553955078125,222.07347106933594,87.74629211425781,48.55907440185547,82.98814392089844,307.3999938964844
2025-07-28,629.9598388671875,565.4168090820312,221.81614685058594,86.3346176147461,48.235416412353516,82.450439453125,305.4100036621094
2025-07-29,628.29833984375,564.5410766601562,220.4008331298828,86.16057586669922,48.255035400390625,83.84269714355469,306.25
2025-07-30,627.5070190429688,565.2974853515625,219.28245544433594,85.54176330566406,47.901947021484375,83.41062927246094,300.9599914550781
2025-07-31,625.153076171875,562.3018798828125,217.134765625,84.62319946289062,47.62732696533203,83.45863342285156,302.9599914550781
2025-08-01,614.9066162109375,551.2251586914062,212.71070861816406,84.40081787109375,47.27424240112305,84.64512634277344,309.1099853515625
2025-08-04,624.2530517578125,561.3961791992188,217.47125244140625,85.52242279052734,47.7646369934082,84.87644958496094,310.9100036621094
2025-08-05,621.088134765625,557.5845336914062,218.5797576904297,85.51275634765625,47.901947021484375,85.13668823242188,311.1600036621094
2025-08-06,625.8455200195312,564.6007690429688,218.29270935058594,86.07355499267578,48.12752914428711,84.64512634277344,310.5
2025-08-07,625.3212890625,566.5115356445312,217.58013916015625,86.84707641601562,48.5296516418457,84.50054168701172,313.1199951171875
2025-08-08,630.1972045898438,571.7960815429688,218.05520629882812,87.37887573242188,48.490421295166016,84.13428497314453,313.04998779296875
2025-08-11,628.9509887695312,570.1041870117188,218.00572204589844,87.01144409179688,48.353111267089844,84.23065948486328,308.54998779296875
2025-08-12,635.6468505859375,577.2697143554688,224.4784698486328,88.07503509521484,48.94158935546875,83.80658721923828,308.2699890136719
2025-08-13,637.82275390625,577.558349609375,228.8431396484375,88.6068344116211,49.53006362915039,84.50054168701172,309.2099914550781
2025-08-14,637.882080078125,577.110595703125,225.89378356933594,88.61650848388672,48.921974182128906,83.8740463256836,307.25
2025-08-15,636.388671875,574.57275390625,224.79519653320312,89.13863372802734,48.98081970214844,83.27644348144531,307.42999267578125
2025-08-18,636.2501831054688,574.3438110351562,225.61666870117188,89.04193878173828,49.26525115966797,83.03550720214844,306.95001220703125
2025-08-19,632.7984008789062,566.5513916015625,223.88465881347656,89.0516128540039,48.86312484741211,83.51742553710938,305.2699890136719
2025-08-20,631.1170043945312,563.1876220703125,223.09286499023438,89.37068939208984,48.794471740722656,83.70054626464844,308.3599853515625
2025-08-21,628.5851440429688,560.5801391601562,223.6471405029297,88.80988311767578,48.68658447265625,83.28611755371094,307.2900085449219
2025-08-22,638.2380981445312,569.2284545898438,232.41603088378906,90.14421844482422,49.657569885253906,83.90296173095703,310.5799865722656
2025-08-25,635.4293212890625,567.5863647460938,229.971435546875,88.95491790771484,49.373138427734375,83.6620101928711,309.8299865722656
2025-08-26,638.0897216796875,569.8654174804688,231.8717041015625,88.85823822021484,49.245635986328125,83.61380767822266,312.0799865722656
2025-08-27,639.543701171875,570.7412109375,233.51463317871094,88.64551544189453,48.95139694213867,83.51742553710938,312.7099914550781
2025-08-28,641.80859375,574.31396484375,233.79176330566406,88.97425842285156,49.13774490356445,84.06681823730469,315.0299987792969
2025-08-29,637.9810180664062,567.666015625,232.75253295898438,88.45213317871094,48.90235900878906,83.4692153930664,318.07000732421875
2025-09-02,633.2533569335938,562.908935546875,231.49560546875,87.58192443847656,48.86312484741211,82.84807586669922,325.5899963378906
2025-09-03,636.6853637695312,567.3375854492188,231.26795959472656,87.71728515625,49.04947280883789,83.75753784179688,328.1400146484375
2025-09-04,642.0064086914062,572.4728393554688,234.15792846679688,88.3554458618164,48.892547607421875,84.3960952758789,326.69000244140625
2025-09-05,640.14697265625,573.298828125,235.3258056640625,88.75187683105469,49.48102569580078,85.68289947509766,331.04998779296875
2025-09-08,641.7196044921875,576.0953979492188,235.8008575439453,89.64142608642578,49.93218994140625,86.8245620727539,334.82000732421875
2025-09-09,643.2031860351562,577.7276000976562,234.41526794433594,89.34168243408203,50.206809997558594,86.33113861083984,334.05999755859375
2025-09-10,645.0625610351562,577.9166259765625,233.9995880126953,89.32234191894531,50.55009078979492,86.8245620727539,335.260009765625
2025-09-11,650.4231567382812,581.2803955078125,238.32467651367188,90.26991271972656,51.28568649291992,87.40507507324219,334.760009765625
2025-09-12,650.2055053710938,583.8479614257812,235.88995361328125,89.91215515136719,51.25625991821289,87.0277328491211,335.4200134277344
2025-09-15,653.6671142578125,588.8439331054688,236.8895721435547,90.51163482666016,51.62895965576172,87.23091125488281,338.9100036621094
2025-09-16,652.7671508789062,588.3463745117188,236.49951171875,90.26023864746094,52.011470794677734,87.41473388671875,339.5899963378906
2025-09-17,651.9561157226562,587.172119140625,237.10494995117188,89.92182159423828,52.23705291748047,87.19222259521484,336.9700012207031
2025-09-18,655.0023803710938,592.4664916992188,243.01048278808594,90.26991271972656,52.109554290771484,86.29243469238281,335.6199951171875
2025-09-19,658.2465209960938,596.4771728515625,241.1643829345703,89.92182159423828,51.99185562133789,86.1279525756836,339.17999267578125
2025-09-22,661.3607177734375,600.0083618164062,242.5638427734375,90.21189880371094,52.24686050415039,85.8183364868164,345.04998779296875
2025-09-23,657.7605590820312,596.02294921875,242.0179443359375,90.03784942626953,52.276283264160156,86.41819763183594,346.4599914550781
2025-09-24,655.6678466796875,593.9305419921875,239.79470825195312,89.5157241821289,52.0997428894043,86.08926391601562,343.32000732421875
2025-09-25,652.6429443359375,591.3699340820312,237.501953125,88.87757110595703,51.79569625854492,86.08926391601562,344.75
2025-09-26,656.3818969726562,593.801025390625,239.53663635253906,89.56407165527344,51.69761657714844,86.01185607910156,346.739990234375
2025-09-29,658.2266845703125,596.5509643554688,239.81454467773438,89.91215515136719,52.16839599609375,86.71814727783203,352.4599914550781
2025-09-30,660.7060546875,598.1849975585938,240.15200805664062,90.27957916259766,52.374366760253906,86.4665756225586,355.4700012207031
2025-10-01,662.9574584960938,601.0545043945312,240.67803955078125,91.02409362792969,52.78629684448242,86.68989562988281,356.0299987792969
2025-10-02,663.7210693359375,603.5255126953125,242.19662475585938,91.16912841796875,53.031494140625,86.94231414794922,354.7900085449219
2025-10-03,663.7113037109375,600.9848022460938,243.99310302734375,91.93297576904297,53.18842315673828,86.77725982666016,357.6400146484375
2025-10-06,666.0914916992188,605.498291015625,244.96575927734375,92.14569854736328,53.43362045288086,86.08793640136719,364.3800048828125
2025-10-07,663.6220092773438,602.3099975585938,242.3355712890625,91.34317016601562,53.021690368652344,86.58309173583984,366.260009765625
2025-10-08,667.5791625976562,609.2147216796875,244.87644958496094,91.61389923095703,53.44343185424805,86.65104675292969,372.29998779296875
2025-10-09,665.6452026367188,608.4774169921875,243.29832458496094,90.85972595214844,52.89418411254883,86.58309173583984,365.42999267578125
2025-10-10,647.6542358398438,587.3545532226562,236.01316833496094,89.18697357177734,50.942405700683594,87.98116302490234,369.1199951171875
2025-10-13,657.5919189453125,599.8190307617188,242.58370971679688,89.9024887084961,52.423404693603516,87.93260192871094,378.0899963378906
2025-10-14,656.78857421875,595.8236694335938,246.047607421875,90.30858612060547,51.9526252746582,88.21416473388672,380.7900085449219
2025-10-15,659.7044067382812,600.0282592773438,248.45947265625,90.74369049072266,52.80591583251953,88.01998138427734,387.3900146484375
2025-10-16,655.211669921875,597.806396484375,243.2288360595703,91.21746826171875,53.14918899536133,88.68018341064453,396.45001220703125
2025-10-17,658.9308471679688,601.7320556640625,241.5911865234375,91.38185119628906,53.139381408691406,88.54426574707031,388.989990234375
2025-10-20,665.7840576171875,609.3142700195312,246.30567932128906,92.13602447509766,53.865169525146484,88.88407897949219,403.1499938964844
2025-10-21,665.7741088867188,609.1549682617188,245.14443969726562,91.45919036865234,53.26689147949219,89.32096862792969,377.239990234375
2025-10-22,662.312744140625,603.286376953125,241.52169799804688,91.3238296508789,53.21784591674805,89.37922668457031,377.2799987792969
2025-10-23,666.2402954101562,608.35791015625,244.57867431640625,91.749267578125,53.688629150390625,88.76757049560547,378.7900085449219
2025-10-24,671.6851806640625,614.8541259765625,247.56619262695312,91.89430236816406,54.04171371459961,88.80640411376953,377.5199890136719
2025-10-27,679.6094970703125,625.80419921875,248.4296875,92.53245544433594,54.63999938964844,89.10736846923828,367.010009765625
2025-10-28,681.41455078125,630.6165161132812,247.09970092773438,92.49378204345703,54.62038040161133,89.34037780761719,364.3800048828125
2025-10-29,681.7418212890625,633.4562377929688,244.9955291748047,91.9716567993164,54.934234619140625,88.43746185302734,363.0
2025-10-30,674.2440185546875,623.7716064453125,243.02041625976562,91.56555938720703,54.36537551879883,87.92289733886719,370.1300048828125
2025-10-31,676.4556884765625,626.7805786132812,244.39010620117188,91.36251068115234,54.23787307739258,87.66075897216797,368.1199951171875
2025-11-03,677.7251586914062,629.779541015625,243.6060028076172,91.40118408203125,54.581153869628906,87.4415283203125,368.7799987792969
2025-11-04,669.691650390625,616.996337890625,239.39768981933594,90.46328735351562,53.58074188232422,87.63640594482422,362.32000732421875
2025-11-05,672.012451171875,621.01171875,242.85166931152344,91.0434341430664,54.06132888793945,86.68151092529297,366.510009765625
2025-11-06,664.80224609375,609.4439086914062,238.55404663085938,90.84037780761719,53.659202575683594,87.46101379394531,366.07000732421875
2025-11-07,665.4567260742188,607.5208740234375,239.80462646484375,91.17880249023438,53.50227737426758,87.27589416503906,368.30999755859375
2025-11-10,675.8406982421875,620.9617919921875,242.20654296875,92.13602447509766,54.4438362121582,87.25639343261719,378.3800048828125
2025-11-11,677.387939453125,619.307861328125,242.4149932861328,92.81285858154297,54.502685546875,87.65589141845703,379.8699951171875
2025-11-12,677.7647705078125,618.8196411132812,241.81944274902344,93.3639907836914,54.51249313354492,87.8117904663086,385.989990234375
2025-11-13,666.5180053710938,606.1858520507812,235.02064514160156,92.36808013916016,53.87498092651367,87.09074401855469,382.8699951171875
2025-11-14,666.4088134765625,606.6441040039062,235.7054901123047,92.10702514648438,53.90440368652344,86.59381103515625,375.9599914550781
2025-11-17,660.2003173828125,601.4630126953125,231.02073669433594,90.9080581665039,53.26689147949219,86.80817413330078,371.6499938964844
2025-11-18,654.65625,594.1398315429688,231.7254638671875,89.72844696044922,53.002071380615234,86.77894592285156,374.3500061035156
2025-11-19,657.185302734375,597.6868286132812,231.6857452392578,89.45771026611328,52.81571960449219,86.60355377197266,374.9599914550781
2025-11-20,647.1683349609375,583.5385131835938,227.3980255126953,88.22007751464844,52.089935302734375,86.9446029663086,374.8500061035156
2025-11-21,653.6148681640625,587.9224853515625,233.83953857421875,89.58341217041016,52.08012771606445,87.20767974853516,374.2699890136719
2025-11-24,663.2351684570312,602.9575805664062,238.10739135742188,89.66075897216797,52.629371643066406,87.70462036132812,380.20001220703125
2025-11-25,669.4735107421875,606.6740112304688,243.29832458496094,90.73401641845703,52.81571960449219,87.92871856689453,380.0799865722656
2025-11-26,674.09521484375,612.034423828125,245.45211791992188,91.72993469238281,53.19823455810547,88.3184814453125,383.1199951171875
2025-11-28,677.7747192382812,616.996337890625,246.89126586914062,92.03934478759766,53.276695251464844,87.89949035644531,387.8800048828125
2025-12-01,674.6803588867188,614.923828125,243.78465270996094,91.58489227294922,53.237464904785156,86.80525207519531,389.75
2025-12-02,675.9299926757812,619.736328125,243.33802795410156,91.89430236816406,53.257080078125,86.8443603515625,387.239990234375
2025-12-03,678.2706298828125,621.2507934570312,247.7646942138672,92.3874282836914,53.29631423950195,87.08882904052734,386.8800048828125
2025-12-04,678.7665405273438,620.6729125976562,249.93833923339844,92.63880920410156,53.28650665283203,86.61946105957031,387.1300048828125
2025-12-05,680.0557861328125,623.20361328125,248.89617919921875,92.63880920410156,53.688629150390625,86.21853637695312,386.44000244140625
2025-12-08,678.0127563476562,622.008056640625,248.9954376220703,92.34874725341797,53.57093048095703,85.9349594116211,385.4200134277344
2025-12-09,677.4276123046875,622.7752075195312,249.5115509033203,92.2230453491211,53.482662200927734,86.02296447753906,387.3999938964844
2025-12-10,681.9203491210938,625.3258666992188,252.906005859375,93.24797058105469,54.0809440612793,86.35543060302734,389.04998779296875
2025-12-11,683.5072021484375,623.3032836914062,255.87362670898438,93.79910278320312,53.8259391784668,86.23809051513672,393.239990234375
2025-12-12,676.1581420898438,611.3867797851562,251.9531707763672,93.30598449707031,53.19823455810547,85.40689086914062,395.44000244140625
2025-12-15,675.1365966796875,608.3179931640625,250.04750061035156,93.8764419555664,53.04130554199219,85.46559143066406,395.79998779296875
2025-12-16,673.2918701171875,609.5236206054688,248.8644256591797,93.44133758544922,52.70604705810547,85.9349594116211,395.8900146484375
2025-12-17,665.8832397460938,598.2247924804688,246.2154541015625,92.68333435058594,52.32801055908203,85.85672760009766,399.2900085449219
2025-12-18,670.9114990234375,606.8931884765625,247.6793670654297,93.3428955078125,52.92491149902344,86.2674331665039,398.57000732421875
2025-12-19,676.9923095703125,614.8042602539062,249.750732421875,93.9729232788086,53.442222595214844,85.94544219970703,399.0199890136719
2025-12-22,681.2098388671875,617.7513427734375,252.52919006347656,94.20918273925781,53.73072052001953,85.75892639160156,408.2300109863281
2025-12-23,684.3233032226562,620.6444702148438,251.035400390625,94.79000091552734,54.029170989990234,85.8963623046875,413.6400146484375
2025-12-24,686.7305297851562,622.460205078125,251.6627960205078,94.90813446044922,54.13859939575195,86.41663360595703,411.92999267578125
2025-12-26,686.660888671875,622.4203491210938,250.37814331054688,95.06563568115234,54.51663589477539,86.1319580078125,416.739990234375
2025-12-29,684.2138671875,619.4074096679688,248.8445281982422,94.7801513671875,54.37736129760742,86.45590209960938,398.6000061035156
2025-12-30,683.3782958984375,617.9707641601562,247.00218200683594,94.93766021728516,54.596221923828125,86.249755859375,398.8900146484375
2025-12-31,678.3152465820312,612.8628540039062,245.1399383544922,94.53404235839844,54.427101135253906,85.56259155273438,396.30999755859375
2026-01-02,679.55859375,611.6756591796875,247.7490692138672,95.52831268310547,55.94919204711914,85.43497467041016,398.2799987792969
2026-01-05,684.0845947265625,616.5341796875,251.68270874023438,96.62102508544922,56.565982818603516,85.85709381103516,408.760009765625
2026-01-06,688.1529541015625,621.951416015625,255.01881408691406,96.76869201660156,56.98381042480469,85.6803970336914,413.17999267578125
2026-01-07,685.9347534179688,622.550048828125,254.4213104248047,96.40444946289062,56.556034088134766,86.18104553222656,409.2300109863281
2026-01-08,685.8651123046875,619.0083618164062,257.1997375488281,96.41429901123047,56.575931549072266,85.74909973144531,411.489990234375
2026-01-09,690.4010009765625,625.173828125,259.1516418457031,97.27073669433594,56.84453582763672,86.31848907470703,414.4700012207031
2026-01-12,691.4852294921875,625.6925659179688,260.4163513183594,97.86139678955078,57.64039611816406,86.063232421875,422.2300109863281
2026-01-13,690.1026000976562,624.7647705078125,260.2669982910156,97.3002700805664,57.21261978149414,86.21048736572266,421.6300048828125
2026-01-14,686.7105712890625,618.0905151367188,262.099365234375,97.75311279296875,57.45138168334961,86.71115112304688,425.94000244140625
2026-01-15,688.5806884765625,620.3153076171875,264.4097595214844,97.71372985839844,57.78962326049805,86.6915054321289,423.3299865722656
2026-01-16,688.0037231445312,619.7965087890625,264.6587219238281,97.97952270507812,57.57075881958008,86.19086456298828,421.2900085449219
2026-01-20,673.9981689453125,606.6276245117188,261.49188232421875,96.4930419921875,57.01365661621094,85.06193542480469,437.2300109863281
2026-01-21,681.77685546875,614.8282470703125,266.6802978515625,97.48731231689453,57.958744049072266,85.7098388671875,443.6000061035156
2026-01-22,685.3379516601562,619.2976684570312,268.6720275878906,97.8712387084961,58.39646911621094,86.0828857421875,451.7900085449219
2026-01-23,685.5865478515625,621.2530517578125,263.712646484375,98.41267395019531,58.764556884765625,86.31848907470703,458.0
2026-01-26,689.068115234375,623.9866333007812,262.8861083984375,98.9048843383789,58.864036560058594,86.73077392578125,464.70001220703125
2026-01-27,691.8134765625,629.6432495117188,263.63299560546875,100.49964141845703,60.02798843383789,86.19086456298828,476.1000061035156
2026-01-28,691.7438354492188,631.728271484375,262.2088928222656,99.43647003173828,60.43586730957031,85.9945297241211,494.55999755859375
2026-01-29,690.3711547851562,627.9472045898438,262.27862548828125,100.10588073730469,60.127471923828125,86.01416015625,495.8999938964844
2026-01-30,688.3121337890625,620.405029296875,258.57403564453125,99.17066955566406,58.79439926147461,85.53314208984375,444.95001220703125
2026-02-02,691.73388671875,624.6650390625,261.0935363769531,99.82039642333984,58.97346878051758,85.28874969482422,427.1300048828125
2026-02-03,685.885009765625,615.0676879882812,261.6910705566406,99.86961364746094,59.291812896728516,85.49569702148438,454.2900085449219
2026-02-04,682.5626831054688,604.322998046875,259.4404296875,100.19447326660156,58.49595260620117,85.27890014648438,453.9700012207031
2026-02-05,674.0379638671875,595.6235961914062,254.76986694335938,98.7670669555664,58.22734832763672,86.2052001953125,441.8800048828125
2026-02-06,686.96923828125,608.2138671875,263.9217834472656,101.01154327392578,59.75938415527344,86.26432037353516,455.4599914550781
2026-02-09,690.2816162109375,612.8728637695312,265.7740783691406,102.37004089355469,60.19710922241211,86.24461364746094,467.0299987792969
2026-02-10,688.4613037109375,610.029541015625,265.0570373535156,102.61614990234375,60.286643981933594,87.23989868164062,462.3999938964844
2026-02-11,688.3021850585938,611.6657104492188,263.8520812988281,103.30525207519531,61.24168014526367,86.77674102783203,467.6300048828125
2026-02-12,677.668701171875,599.22509765625,258.4645080566406,102.52755737304688,60.5452995300293,87.92969512939453,451.3900146484375
2026-02-13,678.1461181640625,600.5020141601562,261.8703308105469,102.61614990234375,60.803955078125,88.41255950927734,462.6199951171875
2026-02-17,679.2402954101562,599.8834838867188,261.95001220703125,102.59646606445312,60.55524826049805,88.56037902832031,448.20001220703125
2026-02-18,682.662109375,604.3629760742188,262.89605712890625,102.71459197998047,60.873592376708984,88.22532653808594,458.2799987792969
2026-02-19,680.8616943359375,602.04833984375,263.5035095214844,102.42911529541016,60.724369049072266,88.31401824951172,459.55999755859375
2026-02-20,685.7855834960938,607.3757934570312,263.51348876953125,103.265869140625,62.01764678955078,88.1070785522461,468.6199951171875
2026-02-23,678.7827758789062,599.9932250976562,259.4105224609375,102.84256744384766,61.331214904785156,88.43226623535156,481.2799987792969
2026-02-24,683.7164916992188,606.4380493164062,262.23876953125,103.02960968017578,62.296199798583984,88.58993530273438,474.6099853515625
2026-02-25,689.4859008789062,615.227294921875,263.48358154296875,104.0140380859375,62.98263168334961,88.59980010986328,473.4200134277344
2026-02-26,685.6561889648438,607.8048095703125,264.88775634765625,103.92543029785156,62.38573455810547,88.95453643798828,477.4800109863281
2026-02-27,682.3637084960938,605.8594360351562,260.3267517089844,103.73838806152344,62.25640869140625,89.49652862548828,483.75
2026-03-02,682.7516479492188,606.6575317382812,262.716796875,101.6907958984375,61.18199157714844,88.5978012084961,490.0
2026-03-03,676.7337036132812,600.162841796875,258.16571044921875,98.53079986572266,58.117916107177734,88.41983032226562,468.1400146484375
2026-03-04,681.50830078125,609.3112182617188,260.67529296875,99.80070495605469,58.744659423828125,88.14299774169922,471.79998779296875
2026-03-05,677.7084350585938,607.4755859375,255.69601440429688,97.61529541015625,57.33200454711914,87.78706359863281,466.1300048828125
2026-03-06,668.8256225585938,598.337158203125,249.850341796875,96.74899291992188,57.02360534667969,87.46078491210938,473.510009765625
2026-03-09,674.6845092773438,606.3283081054688,252.5690155029297,97.44793701171875,58.147762298583984,88.22209167480469,472.5299987792969
2026-03-10,673.6002807617188,606.3383178710938,252.31008911132812,97.67435455322266,58.37657165527344,87.28282165527344,477.8599853515625
2026-03-11,672.7548217773438,606.2584228515625,251.80223083496094,97.4676284790039,58.52579879760742,86.15570068359375,476.239990234375
2026-03-12,662.5390625,595.85302734375,246.384765625,95.9417724609375,56.655517578125,85.98761749267578,466.8800048828125
2026-03-13,658.7890014648438,592.3213500976562,245.56814575195312,94.79984283447266,56.50629425048828,85.5624771118164,460.8399963378906
2026-03-16,665.493408203125,598.9656982421875,247.8885040283203,96.5718002319336,58.078125,86.22490692138672,460.42999267578125
2026-03-17,667.2440185546875,601.8887939453125,249.45677185058594,96.83760070800781,58.44620895385742,86.46218872070312,459.2699890136719
2026-03-18,657.9335327148438,593.4986572265625,245.43634033203125,95.18376922607422,57.262367248535156,85.97772979736328,444.739990234375
2026-03-19,656.3121337890625,591.623046875,247.04251098632812,95.01641082763672,57.322052001953125,86.50173950195312,426.4100036621094
2026-03-20,646.9034423828125,580.6888427734375,241.64535522460938,92.1320571899414,55.352291107177734,84.86050415039062,413.3800048828125
2026-03-23,653.6959228515625,587.3545532226562,246.86293029785156,94.34700012207031,57.01365661621094,85.41417694091797,404.0400085449219
2026-03-24,651.5015869140625,583.3389282226562,248.18978881835938,93.78588104248047,56.22774124145508,85.03845977783203,404.1300048828125
2026-03-25,655.1322021484375,587.1747436523438,251.2225799560547,95.15423583984375,57.123085021972656,85.85907745361328,416.2900085449219
2026-03-26,643.432373046875,573.1600952148438,246.85296630859375,93.18539428710938,55.18317413330078,85.13733673095703,400.6400146484375
2026-03-27,632.4606323242188,561.9624633789062,242.5232696533203,92.33879089355469,54.91456985473633,84.67263793945312,414.70001220703125
2026-03-30,630.3460693359375,557.6671752929688,239.04153442382812,92.60457611083984,54.466896057128906,85.79975891113281,414.5799865722656
2026-03-31,648.6688842773438,576.54638671875,247.41163635253906,95.61690521240234,56.49634552001953,85.71077728271484,430.2900085449219
2026-04-01,653.5562744140625,583.6685791015625,248.96792602539062,97.07386016845703,56.9340705871582,85.62640380859375,437.82000732421875
2026-04-02,654.144775390625,584.3378295898438,250.69381713867188,96.47335815429688,56.29737854003906,86.15251159667969,429.4100036621094
2026-04-06,657.23681640625,587.85400390625,251.76129150390625,96.95572662353516,56.814693450927734,86.01353454589844,427.6499938964844
2026-04-07,657.5260009765625,587.9439086914062,252.3099822998047,96.81790161132812,57.01365661621094,86.00360870361328,431.80999755859375
2026-04-08,674.27294921875,605.4246826171875,259.85205078125,100.59809112548828,60.127471923828125,86.28155517578125,434.5299987792969
2026-04-09,678.162841796875,609.5202026367188,261.3385009765625,100.36182403564453,59.968299865722656,86.06316375732422,437.9100036621094
2026-04-10,677.7140502929688,610.3992309570312,260.6800537109375,100.58824157714844,60.24685287475586,85.85470581054688,437.1300048828125
2026-04-13,684.3369750976562,616.7122802734375,264.4411315917969,101.20842742919922,60.754215240478516,86.11280059814453,435.3599853515625
2026-04-14,692.675537109375,627.909912109375,268.0824890136719,102.02549743652344,61.91816711425781,86.56941986083984,445.0899963378906
2026-04-15,698.1414184570312,636.7003173828125,268.75091552734375,101.70063781738281,61.87837219238281,86.19221496582031,440.4599914550781
2026-04-16,699.8569946289062,639.7669067382812,269.3095703125,101.40531158447266,62.127079010009766,85.64625549316406,440.0799865722656
2026-04-17,708.3152465820312,648.1376953125,275.125732421875,102.69490814208984,63.3109245300293,86.43045806884766,445.92999267578125
2026-04-20,706.8988037109375,646.0799560546875,276.6920166015625,102.29129791259766,62.85330581665039,86.41059875488281,442.0899963378906
2026-04-21,702.2708129882812,643.6226806640625,273.8587646484375,100.04680633544922,61.9281120300293,85.93412780761719,429.57000732421875
2026-04-22,709.3825073242188,654.390869140625,275.8240661621094,100.38151550292969,63.052268981933594,86.10287475585938,435.260009765625
2026-04-23,706.6295776367188,650.7048950195312,274.8663330078125,99.66288757324219,62.02759552001953,85.9142837524414,431.0400085449219
2026-04-24,712.10546875,663.1512451171875,275.99365234375,100.18462371826172,63.41040802001953,86.0730972290039,433.25
2026-04-27,713.332275390625,663.5008544921875,276.4825134277344,99.80070495605469,63.3109245300293,85.64625549316406,429.8900146484375
2026-04-28,709.8612060546875,656.8281860351562,273.2601623535156,99.38724517822266,62.66428756713867,85.735595703125,421.9100036621094
2026-04-29,709.7515258789062,660.84375,271.4344787597656,98.373291015625,62.36583709716797,85.07051086425781,417.4100036621094
2026-04-30,716.8132934570312,667.0069580078125,277.310546875,100.72605895996094,63.65911865234375,84.99110412597656,423.6600036621094
2026-05-01,718.7982177734375,673.4099731445312,278.617431640625,100.50949096679688,63.79838943481445,85.29498291015625,423.17999267578125
2026-05-04,716.1649780273438,672.141357421875,277.22076416015625,99.13129425048828,63.7685432434082,84.64736938476562,414.7099914550781
2026-05-05,721.9102172851562,680.8617553710938,281.8896484375,100.45042419433594,65.06182861328125,85.11564636230469,418.2699890136719
2026-05-06,731.9443359375,695.0062255859375,286.11956787109375,103.1772689819336,67.1410140991211,85.76325225830078,430.9599914550781
2026-05-07,729.7001342773438,694.1771240234375,281.5903625488281,101.28718566894531,66.24566650390625,85.3348388671875,431.67999267578125
2026-05-08,735.724609375,710.44921875,283.495849609375,102.34051513671875,67.58869171142578,85.76325225830078,433.7699890136719
2026-05-11,737.4002685546875,712.5069580078125,284.6530456542969,102.12393951416016,67.53894805908203,85.24516296386719,434.6499938964844
2026-05-12,736.2831420898438,706.463623046875,281.8996276855469,101.53328704833984,65.47965240478516,84.67726135253906,432.92999267578125
2026-05-13,740.4025268554688,713.9254760742188,281.9993896484375,102.21253967285156,66.86246490478516,84.48796844482422,430.5
2026-05-14,746.2474975585938,718.9998168945312,283.7751770019531,101.84830474853516,67.03158569335938,84.6075210571289,427.2099914550781
2026-05-15,737.2706298828125,708.1517944335938,276.94140625,100.13540649414062,64.73352813720703,83.35215759277344,417.2900085449219
2026-05-18,736.751953125,705.1051025390625,275.3152770996094,101.0607681274414,64.63404846191406,83.25252532958984,418.42999267578125
2026-05-19,731.8446044921875,700.7599487304688,272.3523254394531,100.33229064941406,63.9277229309082,82.71450805664062,411.5
2026-05-20,739.3452758789062,712.3671875,279.2060241699219,102.00581359863281,65.12151336669922,83.60124206542969,417.3999938964844
2026-05-21,740.8114624023438,713.7256469726562,281.8197937011719,102.56693267822266,65.68856811523438,83.91009521484375,416.989990234375
2026-05-22,743.7239990234375,716.7523193359375,284.4435729980469,102.3602066040039,65.53933715820312,84.36840057373047,413.82000732421875
2026-05-26,748.6613159179688,729.4783935546875,289.82080078125,103.4922866821289,68.04631042480469,84.78685760498047,414.0
2026-05-27,748.5316162109375,728.6492919921875,289.6811218261719,103.13789367675781,68.03636169433594,84.98612213134766,408.489990234375
2026-05-28,752.6609497070312,734.79248046875,291.3371887207031,103.05914306640625,68.2552261352539,85.42449951171875,412.7699890136719
2026-05-29,754.5361328125,737.49951171875,289.740966796875,103.16743469238281,68.24527740478516,85.4444351196289,417.1199951171875
2026-06-01,756.5908203125,741.9246826171875,288.29443359375,102.81304168701172,69.7176284790039,85.1554946899414,411.260009765625
2026-06-02,757.6182250976562,745.3408813476562,290.9680480957031,103.38399505615234,70.43390655517578,85.3348388671875,411.95001220703125
2026-06-03,752.3018798828125,743.39306640625,286.9875183105469,102.4980239868164,69.5584487915039,84.99608612060547,407.8699951171875
2026-06-04,755.1445922851562,739.7969970703125,291.3172302246094,103.3150863647461,68.74269104003906,85.18538665771484,411.2699890136719
2026-06-05,735.65478515625,704.2860107421875,280.9817810058594,100.66699981689453,64.25601196289062,84.74700164794922,396.239990234375
2026-06-08,737.3204345703125,715.283935546875,283.4359436035156,101.27733612060547,65.4100112915039,84.30862426757812,397.2699890136719
2026-06-09,735.1560668945312,707.052978515625,284.3437805175781,101.29702758789062,65.47965240478516,84.8067855834961,390.7799987792969
2026-06-10,723.56591796875,692.9285278320312,281.3808288574219,99.98774719238281,64.32565307617188,84.56766510009766,374.5799865722656
2026-06-11,735.8642578125,716.332763671875,289.72100830078125,103.09852600097656,67.15096282958984,85.66361999511719,386.32000732421875
2026-06-12,739.843994140625,720.5481567382812,292.2550048828125,103.38399505615234,67.52899932861328,85.45439147949219,386.5400085449219
2026-06-15,752.890380859375,743.1832885742188,294.6400146484375,104.08000183105469,69.75,85.40457916259766,396.54998779296875
2026-06-16,748.4019775390625,729.0587768554688,292.0799865722656,104.30999755859375,68.63999938964844,85.87284851074219,397.6300048828125
2026-06-17,739.0560302734375,721.7168579101562,289.8800048828125,103.77999877929688,68.55999755859375,86.01233673095703,388.6000061035156
2026-06-18,746.739990234375,739.8070068359375,295.5899963378906,104.41000366210938,70.79000091552734,86.4307861328125,387.1199951171875
2026-06-22,744.3900146484375,737.9500122070312,298.17999267578125,104.58000183105469,71.20999908447266,85.77320861816406,384.5899963378906
2026-06-23,733.5800170898438,713.6500244140625,295.32000732421875,102.45999908447266,67.16999816894531,85.88280487060547,377.32000732421875
2026-06-24,733.239990234375,710.6199951171875,296.69000244140625,102.26000213623047,67.25,87.05846405029297,365.9200134277344
2026-06-25,734.2999877929688,716.3800048828125,298.9100036621094,103.1500015258789,67.95999908447266,87.02857971191406,369.4599914550781
2026-06-26,728.989990234375,706.52001953125,299.8299865722656,102.54000091552734,67.19000244140625,87.03854370117188,373.6300048828125
2026-06-29,741.0,724.0800170898438,298.9700012207031,103.44999694824219,67.43000030517578,87.12820434570312,368.5799865722656
2026-06-30,746.77001953125,736.4000244140625,300.45001220703125,103.87999725341797,68.41000366210938,86.10199737548828,368.3800048828125
2026-07-01,745.760009765625,725.1699829101562,299.32000732421875,103.0199966430664,66.4800033569336,85.5199966430664,370.6000061035156
2026-07-02,744.780029296875,712.5999755859375,297.5799865722656,104.37000274658203,65.69999694824219,85.51000213623047,378.1300048828125
2026-07-06,751.280029296875,722.8200073242188,298.8999938964844,105.45999908447266,67.56999969482422,85.44999694824219,382.1300048828125
2026-07-07,747.2899780273438,709.6099853515625,296.7200012207031,104.30000305175781,65.55999755859375,84.8499984741211,379.92999267578125
